<?xml version="1.0" encoding="UTF-8"?>
<addon id="resource.uisounds.cdtv3" version="2.0.0" name="[COLOR forestgreen][B]C[/COLOR][COLOR gold]D[/COLOR][COLOR ghostwhite]T[/COLOR][COLOR mediumblue]V[/B][/COLOR] [COLOR ghostwhite] UI Sounds v3[/COLOR]" provider-name="CDTV Builds">
  <requires>
    <import addon="kodi.resource" version="1.0.0"/>
  </requires>
  <extension point="kodi.resource.uisounds"/>
  <extension point="kodi.addon.metadata">
    <summary lang="en">CDTV UI Sounds</summary>
    <description lang="en">CDTV UI Sounds v3 Is the fusion of v1 and v2 - Intro - I AM ON AND READY TO GO followed by the sound design multimedia start up: swirling deep chord with tinkling accents</description>
    <platform>all</platform>
  </extension>
</addon>
