<!DOCTYPE html>
<!--[if lt IE 7]> <html class="no-js ie6 oldie" lang="en-US"> <![endif]-->
<!--[if IE 7]>    <html class="no-js ie7 oldie" lang="en-US"> <![endif]-->
<!--[if IE 8]>    <html class="no-js ie8 oldie" lang="en-US"> <![endif]-->
<!--[if gt IE 8]><!--> <html class="no-js" lang="en-US"> <!--<![endif]-->
<head>
<title>Access denied | lltv.xyz used Cloudflare to restrict access</title>
<meta charset="UTF-8" />
<meta http-equiv="Content-Type" content="text/html; charset=UTF-8" />
<meta http-equiv="X-UA-Compatible" content="IE=Edge,chrome=1" />
<meta name="robots" content="noindex, nofollow" />
<meta name="viewport" content="width=device-width,initial-scale=1,maximum-scale=1" />
<link rel="stylesheet" id="cf_styles-css" href="/cdn-cgi/styles/cf.errors.css" type="text/css" media="screen,projection" />
<!--[if lt IE 9]><link rel="stylesheet" id='cf_styles-ie-css' href="/cdn-cgi/styles/cf.errors.ie.css" type="text/css" media="screen,projection" /><![endif]-->
<style type="text/css">body{margin:0;padding:0}</style>


<!--[if gte IE 10]><!--><script type="text/javascript" src="/cdn-cgi/scripts/zepto.min.js"></script><!--<![endif]-->
<!--[if gte IE 10]><!--><script type="text/javascript" src="/cdn-cgi/scripts/cf.common.js"></script><!--<![endif]-->



</head>
<body>
  <div id="cf-wrapper">
    <div class="cf-alert cf-alert-error cf-cookie-error" id="cookie-alert" data-translate="enable_cookies">Please enable cookies.</div>
    <div id="cf-error-details" class="cf-error-details-wrapper">
      <div class="cf-wrapper cf-header cf-error-overview">
        <h1>
          <span class="cf-error-type" data-translate="error">Error</span>
          <span class="cf-error-code">1010</span>
          <small class="heading-ray-id">Ray ID: 4b55eea10a0313a1 &bull; 2019-03-10 14:20:55 UTC</small>
        </h1>
        <h2 class="cf-subheadline">Access denied</h2>
      </div><!-- /.header -->

      <section></section><!-- spacer -->

      <div class="cf-section cf-wrapper">
        <div class="cf-columns two">
          <div class="cf-column">
            <h2 data-translate="what_happened">What happened?</h2>
            <p>The owner of this website (lltv.xyz) has banned your access based on your browser's signature (4b55eea10a0313a1-ua48).</p>
          </div>

          
        </div>
      </div><!-- /.section -->

      <div class="cf-error-footer cf-wrapper">
  <p>
    <span class="cf-footer-item">Cloudflare Ray ID: <strong>4b55eea10a0313a1</strong></span>
    <span class="cf-footer-separator">&bull;</span>
    <span class="cf-footer-item"><span>Your IP</span>: 51.9.181.106</span>
    <span class="cf-footer-separator">&bull;</span>
    <span class="cf-footer-item"><span>Performance &amp; security by</span> <a href="https://www.cloudflare.com/5xx-error-landing?utm_source=error_footer" id="brand_link" target="_blank">Cloudflare</a></span>
    
  </p>
</div><!-- /.error-footer -->


    </div><!-- /#cf-error-details -->
  </div><!-- /#cf-wrapper -->

  <script type="text/javascript">
  window._cf_translation = {};
  
  
</script>

</body>
</html>
