﻿<?xml version="1.0" encoding="UTF-8" standalone="yes"?>
<addon id="plugin.video.x-wing" name="[B][COLOR lightseagreen]M[/COLOR]x-win[COLOR lightseagreen]G[/COLOR] D[COLOR lightseagreen]S[/COLOR][/B]" version="9.0.8" provider-name="[COLOR lightseagreen]Unknown[/COLOR]">
	<requires>
		<import addon="xbmc.python" version="2.25.0"/>
		<import addon="metadata.tvdb.com" version="3.0.14"/>
		<import addon="script.module.futures" version="2.2.0"/>
		<import addon="script.module.requests" version="2.19.1"/>
		<import addon="script.module.requests-cache" version="0.4.13"/>
	</requires>
	<extension point="xbmc.python.pluginsource" library="addon.py">
		<provides>video</provides>
	</extension>
	<extension point="xbmc.service" library="service.py"/>
	<extension point="kodi.context.item">
		<menu id="kodi.core.main">
			<item library="context.py">
				<label>MX-wing</label>
				<visible>String.IsEqual(ListItem.dbtype,movie) | String.IsEqual(ListItem.dbtype,episode)</visible>
			</item>
		</menu>
	</extension>
	<extension point="xbmc.addon.metadata">
		<platform>all</platform>
		<summary lang="en">TMDb, TVDb and Trakt browser</summary>
		<description lang="en">[COLOR lightseagreen]Just something to go with Deathstar. Without The Old Gods none of this would ever exist.. [/COLOR][CR]Browse The MovieDb, The TVDb, Trakt, The AudioDb and LastFM and pass info along to library or an addon to try and play it. Needs player-files and the appropriate addon to actually play..</description>
		<assets>
			<icon>icon.gif</icon>
			<fanart>fanart.jpg</fanart>
			<screenshot>resources/media/preview/screenshot1.png</screenshot>
			<screenshot>resources/media/preview/screenshot2.png</screenshot>
			<screenshot>resources/media/preview/screenshot3.png</screenshot>
		</assets>
		<license></license>
		<forum></forum>
		<website></website>
		<source></source>
		<news></news>
	</extension>
</addon>