<?xml version="1.0" encoding="UTF-8"?>
<addon id="resource.uisounds.cdtv5" version="1.0.0" name="[COLOR forestgreen][B]C[/COLOR][COLOR gold]D[/COLOR][COLOR ghostwhite]T[/COLOR][COLOR mediumblue]V[/B][/COLOR] [COLOR ghostwhite] UI Sounds v5[/COLOR]" provider-name="CellarDoorTV Builds">
  <requires>
    <import addon="kodi.resource" version="1.0.0"/>
  </requires>
  <extension point="kodi.resource.uisounds"/>
  <extension point="kodi.addon.metadata">
    <summary lang="en">CDTV UI Sounds</summary>
    <description lang="en">CDTV UI Sounds - Intro - HELLO THERE, LET'S GET IT STARTED - followed by the sound design multimedia start up.</description>
    <platform>all</platform>
  </extension>
</addon>
