<?xml version="1.0" encoding="UTF-8" standalone="yes"?>
<addon id="plugin.program.racooncitywiz" name="[B][COLOR red]R[/COLOR][/B]acoon city Wizar[B][COLOR red]d[/COLOR][/B]" version="1.1" provider-name="[B][COLOR red]R[/COLOR][/B]acoon Cit[B][COLOR red]y[/COLOR][/B]">
  <requires>
    <import addon="xbmc.python" version="2.1.0"/>
  </requires>
  <extension point="xbmc.python.pluginsource" library="default.py">
        <provides>executable</provides>
  </extension>
  <extension point="xbmc.service" library="startup.py" start="startup" />
  <extension point="xbmc.addon.metadata">
    <summary lang="en">Racoon City Wizard</summary>
    <description lang="en">The Home of Racoon City Builds. Thanks whufclee at NaN, GUYS at TI, Brackets for the app installer!! RomanVM for the PyXBMCt libs. Fire TV Guru for the PyXBMCt layout  Also a very special Thanks to Surfacingx for the base code used in this add-on.</description>
    <platform>all</platform>
  </extension>
</addon>