<item>
	<title>[B][COLOR=white]Fast & Furious Presents Hobbs & Shaw[/COLOR][/B]</title>
	<meta>
	<imdb>tt6806448</imdb>
	<content>movie</content>
	<title>Fast & Furious Presents Hobbs & Shaw</title>
	<year>2019</year>
	</meta>
	<link>
	<sublink>https://www.youtube.com/watch?v=9SA7FaKxZVI&feature=youtu.be (Play Trailer)</sublink>
	<sublink>http://dl13.ftk.pw/film/Hob.bs.An.d.Sha.w.2019.720p.b.lu.ry.x265.HEVC.PSA.Film2Movie_li.mkv (Play Movie Link In 720P)</sublink>
	<sublink>http://dl13.ftk.pw/film/Hob.bs.An.d.Sha.w.2019.720p.b.lu.ry.Film2Movie_li.mkv (Play Movie Link In 720P)</sublink>
	<sublink>search</sublink>
	<sublink>searchsd</sublink>
	</link>
	<thumbnail>https://image.tmdb.org/t/p/w1280/keym7MPn1icW1wWfzMnW3HeuzWU.jpg</thumbnail>
	<fanart>https://image.tmdb.org/t/p/w1280/qAhedRxRYWZAgZ8O8pHIl6QHdD7.jpg</fanart>
</item>
<item>
	<title>[B][COLOR=white]The Wheel[/COLOR][/B]</title>
	<meta>
	<imdb>tt6437228</imdb>
	<content>movie</content>
	<title>The Wheel</title>
	<year>2019</year>
	</meta>
	<link>
	<sublink>https://www.youtube.com/watch?v=1CUUaftlpzk&feature=youtu.be (Play Trailer)</sublink>
	<sublink>http://dl13.ftk.pw/film/The.Wheel.2019.720p.WEB-DL.Film2Movie_li.mkv (Play Movie Link In 720p)</sublink>
	<sublink>http://dl13.ftk.pw/film/The.Wheel.2019.1080p.WEB-DL.x265.HEVC.Film2Movie_li.mkv (Play Movie Link In 1080p)</sublink>
	<sublink>search</sublink>
	<sublink>searchsd</sublink>
	</link>
	<thumbnail>https://image.tmdb.org/t/p/w1280/xrSSo4YcR7bab24HQjQI4pFI8a0.jpg</thumbnail>
	<fanart>https://image.tmdb.org/t/p/w1280/uhEcqsb92l4kvJNB9KGraEGxM4X.jpg</fanart>
</item>
<item>
	<title>[B][COLOR=white]Crawl[/COLOR][/B]</title>
	<meta>
	<imdb>tt8364368</imdb>
	<content>movie</content>
	<title>Crawl</title>
	<year>2019</year>
	</meta>
	<link>
	<sublink>https://www.youtube.com/watch?v=H6MLJG0RdDE&feature=youtu.be (Play Trailer)</sublink>
	<sublink> (Play Movie Link 1)</sublink>
	<sublink> (Play Movie Link 2)</sublink>
	<sublink> (Play Movie Link 3)</sublink>
	<sublink> (Play Movie Link 4)</sublink>
	<sublink> (Play Movie Link 5)</sublink>
	<sublink> (Play Movie Link 6)</sublink>
	<sublink> (Play Movie Link 7)</sublink>
	<sublink>search</sublink>
	<sublink>searchsd</sublink>
	</link>
	<thumbnail>https://image.tmdb.org/t/p/w1280/9kOtMOUa5HrOiIG2Z9Anv7M8AbY.jpg</thumbnail>
	<fanart>https://image.tmdb.org/t/p/w1280/lm4xH0YwFbVvTgdtau1thNK5S6J.jpg</fanart>
</item>
<item>
	<title>[B][COLOR=white]Stuber[/COLOR][/B]</title>
	<meta>
	<imdb>tt7734218</imdb>
	<content>movie</content>
	<title>Stuber</title>
	<year>2019</year>
	</meta>
	<link>
	<sublink>https://www.youtube.com/watch?v=i5l6a5RiR1E&feature=youtu.be (Play Trailer)</sublink>
	<sublink> (Play Movie Link 1)</sublink>
	<sublink> (Play Movie Link 2)</sublink>
	<sublink> (Play Movie Link 3)</sublink>
	<sublink> (Play Movie Link 4)</sublink>
	<sublink> (Play Movie Link 5)</sublink>
	<sublink> (Play Movie Link 6)</sublink>
	<sublink> (Play Movie Link 7)</sublink>
	<sublink>search</sublink>
	<sublink>searchsd</sublink>
	</link>
	<thumbnail>https://image.tmdb.org/t/p/w1280/klkFYDZOetegK8floj6IjvbzzQ2.jpg</thumbnail>
	<fanart>https://image.tmdb.org/t/p/w1280/xgfn98c2UzvFWP6MXDzytearmQ3.jpg</fanart>
</item>
<item>
	<title>[B][COLOR=white]El Camino A Breaking Bad Movie[/COLOR][/B]</title>
	<meta>
	<imdb>tt9243946</imdb>
	<content>movie</content>
	<title>El Camino A Breaking Bad Movie</title>
	<year>2019</year>
	</meta>
	<link>
	<sublink>https://www.youtube.com/watch?v=lZKqMVPlDg8&feature=youtu.be (Play Trailer)</sublink>
	<sublink> (Play Movie Link 1)</sublink>
	<sublink> (Play Movie Link 2)</sublink>
	<sublink> (Play Movie Link 3)</sublink>
	<sublink> (Play Movie Link 4)</sublink>
	<sublink> (Play Movie Link 5)</sublink>
	<sublink> (Play Movie Link 6)</sublink>
	<sublink> (Play Movie Link 7)</sublink>
	<sublink>search</sublink>
	<sublink>searchsd</sublink>
	</link>
	<thumbnail>https://image.tmdb.org/t/p/w1280/ePXuKdXZuJx8hHMNr2yM4jY2L7Z.jpg</thumbnail>
	<fanart>https://image.tmdb.org/t/p/w1280/uLXK1LQM28XovWHPao3ViTeggXA.jpg</fanart>
</item>
<item>
	<title>[B][COLOR=white]Fronteras[/COLOR][/B]</title>
	<meta>
	<imdb>tt7308310</imdb>
	<content>movie</content>
	<title>Fronteras</title>
	<year>2018</year>
	</meta>
	<link>
	<sublink>https://www.youtube.com/watch?v=lZKqMVPlDg8&feature=youtu.be (Play Trailer)</sublink>
	<sublink> (Play Movie Link 1)</sublink>
	<sublink> (Play Movie Link 2)</sublink>
	<sublink> (Play Movie Link 3)</sublink>
	<sublink> (Play Movie Link 4)</sublink>
	<sublink> (Play Movie Link 5)</sublink>
	<sublink> (Play Movie Link 6)</sublink>
	<sublink> (Play Movie Link 7)</sublink>
	<sublink>search</sublink>
	<sublink>searchsd</sublink>
	</link>
	<thumbnail>https://image.tmdb.org/t/p/w1280</thumbnail>
	<fanart>https://image.tmdb.org/t/p/w1280</fanart>
</item>
<item>
	<title>[B][COLOR=white]Lucky Day[/COLOR][/B]</title>
	<meta>
	<imdb>tt7248248</imdb>
	<content>movie</content>
	<title>Lucky Day</title>
	<year>2019</year>
	</meta>
	<link>
	<sublink>https://www.youtube.com/watch?v=sO4AkrBC0BM&feature=youtu.be (Play Trailer)</sublink>
	<sublink> (Play Movie Link 1)</sublink>
	<sublink> (Play Movie Link 2)</sublink>
	<sublink> (Play Movie Link 3)</sublink>
	<sublink> (Play Movie Link 4)</sublink>
	<sublink> (Play Movie Link 5)</sublink>
	<sublink> (Play Movie Link 6)</sublink>
	<sublink> (Play Movie Link 7)</sublink>
	<sublink>search</sublink>
	<sublink>searchsd</sublink>
	</link>
	<thumbnail>https://image.tmdb.org/t/p/w1280/53DM4gxFULdyCzoyolNH8JZcly0.jpg</thumbnail>
	<fanart>https://image.tmdb.org/t/p/w1280/f49g3vi3uI35CGF9375mI5l6OoI.jpg</fanart>
</item>
<item>
	<title>[B][COLOR=white]Semper Fi[/COLOR][/B]</title>
	<meta>
	<imdb>tt7042838</imdb>
	<content>movie</content>
	<title>Semper Fi</title>
	<year>2019</year>
	</meta>
	<link>
	<sublink>https://www.youtube.com/watch?v=FPDuMvbcoLA&feature=youtu.be (Play Trailer)</sublink>
	<sublink> (Play Movie Link 1)</sublink>
	<sublink> (Play Movie Link 2)</sublink>
	<sublink> (Play Movie Link 3)</sublink>
	<sublink> (Play Movie Link 4)</sublink>
	<sublink> (Play Movie Link 5)</sublink>
	<sublink> (Play Movie Link 6)</sublink>
	<sublink> (Play Movie Link 7)</sublink>
	<sublink>search</sublink>
	<sublink>searchsd</sublink>
	</link>
	<thumbnail>https://image.tmdb.org/t/p/w1280/7OEnUJemQZuKFyxXYlmRznoUemX.jpg</thumbnail>
	<fanart>https://image.tmdb.org/t/p/w1280/h8mTKtMGseBQhgYZkByV95N8ak0.jpg</fanart>
</item>
<item>
	<title>[B][COLOR=white]The Parts You Lose[/COLOR][/B]</title>
	<meta>
	<imdb>tt4827922</imdb>
	<content>movie</content>
	<title>The Parts You Lose</title>
	<year>2019</year>
	</meta>
	<link>
	<sublink>https://www.youtube.com/watch?v=6j9BgCd-1FU&feature=youtu.be (Play Trailer)</sublink>
	<sublink> (Play Movie Link 1)</sublink>
	<sublink> (Play Movie Link 2)</sublink>
	<sublink> (Play Movie Link 3)</sublink>
	<sublink> (Play Movie Link 4)</sublink>
	<sublink> (Play Movie Link 5)</sublink>
	<sublink> (Play Movie Link 6)</sublink>
	<sublink> (Play Movie Link 7)</sublink>
	<sublink>search</sublink>
	<sublink>searchsd</sublink>
	</link>
	<thumbnail>https://image.tmdb.org/t/p/w1280/mnlxl7Vp5Y711rAe14gMlEfKbvn.jpg</thumbnail>
	<fanart>https://image.tmdb.org/t/p/w1280/pymN8Rzq0mrgw33pMPMthNqqDGP.jpg</fanart>
</item>
<item>
	<title>[B][COLOR=white]Uri The Surgical Strike[/COLOR][/B]</title>
	<meta>
	<imdb>tt8291224</imdb>
	<content>movie</content>
	<title>Uri The Surgical Strike</title>
	<year>2019</year>
	</meta>
	<link>
	<sublink>https://www.youtube.com/watch?v=aXYPUqFL9ZU&feature=youtu.be (Play Trailer)</sublink>
	<sublink> (Play Movie Link 1)</sublink>
	<sublink> (Play Movie Link 2)</sublink>
	<sublink> (Play Movie Link 3)</sublink>
	<sublink> (Play Movie Link 4)</sublink>
	<sublink> (Play Movie Link 5)</sublink>
	<sublink> (Play Movie Link 6)</sublink>
	<sublink> (Play Movie Link 7)</sublink>
	<sublink>search</sublink>
	<sublink>searchsd</sublink>
	</link>
	<thumbnail>https://image.tmdb.org/t/p/w1280/yNySAgpAnWmPpYinim9E0tUzJWG.jpg</thumbnail>
	<fanart>https://image.tmdb.org/t/p/w1280/S3EIcOUQYxgd3QzjOo2rZJ2MN8.jpg</fanart>
</item>
<item>
	<title>[B][COLOR=white]10 Minutes Gone[/COLOR][/B]</title>
	<meta>
	<imdb>tt8809652</imdb>
	<content>movie</content>
	<title>10 Minutes Gone</title>
	<year>2019</year>
	</meta>
	<link>
	<sublink>https://www.youtube.com/watch?v=6TNFcyEN-3w&feature=youtu.be (Play Trailer)</sublink>
	<sublink> (Play Movie Link 1)</sublink>
	<sublink> (Play Movie Link 2)</sublink>
	<sublink> (Play Movie Link 3)</sublink>
	<sublink> (Play Movie Link 4)</sublink>
	<sublink> (Play Movie Link 5)</sublink>
	<sublink> (Play Movie Link 6)</sublink>
	<sublink> (Play Movie Link 7)</sublink>
	<sublink>search</sublink>
	<sublink>searchsd</sublink>
	</link>
	<thumbnail>https://image.tmdb.org/t/p/w1280/i8lVYRplWdCEqYOutxpxeCtaD2a.jpg</thumbnail>
	<fanart>https://image.tmdb.org/t/p/w1280/qe9G6JqX79QCzOjFhHRmd1RD2Wg.jpg</fanart>
</item>
<item>
	<title>[B][COLOR=white]Doom Annihilation[/COLOR][/B]</title>
	<meta>
	<imdb>tt8328716</imdb>
	<content>movie</content>
	<title>Doom Annihilation</title>
	<year>2019</year>
	</meta>
	<link>
	<sublink>https://www.youtube.com/watch?v=bkhXSLmRbiE&feature=youtu.be (Play Trailer)</sublink>
	<sublink> (Play Movie Link 1)</sublink>
	<sublink> (Play Movie Link 2)</sublink>
	<sublink> (Play Movie Link 3)</sublink>
	<sublink> (Play Movie Link 4)</sublink>
	<sublink> (Play Movie Link 5)</sublink>
	<sublink> (Play Movie Link 6)</sublink>
	<sublink> (Play Movie Link 7)</sublink>
	<sublink>search</sublink>
	<sublink>searchsd</sublink>
	</link>
	<thumbnail>https://image.tmdb.org/t/p/w1280/7EGElXVSNnqcPjuhXPd6UVUX1rD.jpg</thumbnail>
	<fanart>https://image.tmdb.org/t/p/w1280/kNGW6f47HUk0hISjj1AvXoLNL3L.jpg</fanart>
</item>
<item>
	<title>[B][COLOR=white]Spider Man Far from Home[/COLOR][/B]</title>
	<meta>
	<imdb>tt6320628</imdb>
	<content>movie</content>
	<title>Spider Man Far from Home</title>
	<year>2019</year>
	</meta>
	<link>
	<sublink>https://www.youtube.com/watch?v=DYYtuKyMtY8&feature=youtu.be (Play Trailer)</sublink>
	<sublink> (Play Movie Link 1)</sublink>
	<sublink> (Play Movie Link 2)</sublink>
	<sublink> (Play Movie Link 3)</sublink>
	<sublink> (Play Movie Link 4)</sublink>
	<sublink> (Play Movie Link 5)</sublink>
	<sublink> (Play Movie Link 6)</sublink>
	<sublink> (Play Movie Link 7)</sublink>
	<sublink>search</sublink>
	<sublink>searchsd</sublink>
	</link>
	<thumbnail>https://image.tmdb.org/t/p/w1280/lcq8dVxeeOqHvvgcte707K0KVx5.jpg</thumbnail>
	<fanart>https://image.tmdb.org/t/p/w1280/5myQbDzw3l8K9yofUXRJ4UTVgam.jpg</fanart>
</item>
<item>
	<title>[B][COLOR=white]Running with the Devil[/COLOR][/B]</title>
	<meta>
	<imdb>tt5792656</imdb>
	<content>movie</content>
	<title>Running with the Devil</title>
	<year>2019</year>
	</meta>
	<link>
	<sublink>https://www.youtube.com/watch?v=iqAubfcC2oM&feature=youtu.be (Play Trailer)</sublink>
	<sublink> (Play Movie Link 1)</sublink>
	<sublink> (Play Movie Link 2)</sublink>
	<sublink> (Play Movie Link 3)</sublink>
	<sublink> (Play Movie Link 4)</sublink>
	<sublink> (Play Movie Link 5)</sublink>
	<sublink> (Play Movie Link 6)</sublink>
	<sublink> (Play Movie Link 7)</sublink>
	<sublink>search</sublink>
	<sublink>searchsd</sublink>
	</link>
	<thumbnail>https://image.tmdb.org/t/p/w1280/qJ2H94PpXxZgiGGUNkyLSKZzm8u.jpg</thumbnail>
	<fanart>https://image.tmdb.org/t/p/w1280/d2DiNOzhgL36cr9Fm6xjjMuDxyu.jpg</fanart>
</item>
<item>
	<title>[B][COLOR=white]No Surrender[/COLOR][/B]</title>
	<meta>
	<imdb>tt8351882</imdb>
	<content>movie</content>
	<title>No Surrender</title>
	<year>2018</year>
	</meta>
	<link>
	<sublink>https://www.youtube.com/watch?v=eQ8vKQBJY78&feature=youtu.be (Play Trailer)</sublink>
	<sublink> (Play Movie Link 1)</sublink>
	<sublink> (Play Movie Link 2)</sublink>
	<sublink> (Play Movie Link 3)</sublink>
	<sublink> (Play Movie Link 4)</sublink>
	<sublink> (Play Movie Link 5)</sublink>
	<sublink> (Play Movie Link 6)</sublink>
	<sublink> (Play Movie Link 7)</sublink>
	<sublink>search</sublink>
	<sublink>searchsd</sublink>
	</link>
	<thumbnail>https://image.tmdb.org/t/p/w1280/qqJ7Ekyt3AuWBfn00B3S3Y4UTe5.jpg</thumbnail>
	<fanart>https://image.tmdb.org/t/p/w1280/pgiZaUWyO9nEj8xjOJ65pDPDZW.jpg</fanart>
</item>
<item>
	<title>[B][COLOR=white]The Tracker[/COLOR][/B]</title>
	<meta>
	<imdb>tt4142394</imdb>
	<content>movie</content>
	<title>The Tracker</title>
	<year>2019</year>
	</meta>
	<link>
	<sublink>https://www.youtube.com/watch?v=LcvqTXgCFKk&feature=youtu.be (Play Trailer)</sublink>
	<sublink> (Play Movie Link 1)</sublink>
	<sublink> (Play Movie Link 2)</sublink>
	<sublink> (Play Movie Link 3)</sublink>
	<sublink> (Play Movie Link 4)</sublink>
	<sublink> (Play Movie Link 5)</sublink>
	<sublink> (Play Movie Link 6)</sublink>
	<sublink> (Play Movie Link 7)</sublink>
	<sublink>search</sublink>
	<sublink>searchsd</sublink>
	</link>
	<thumbnail>https://image.tmdb.org/t/p/w1280/AbuABv7tpwiPYPiHuANbrXjqkFG.jpg</thumbnail>
	<fanart>https://image.tmdb.org/t/p/w1280/s1CJHk3fHmbmvCN3zbWZRXS0fnf.jpg</fanart>
</item>
<item>
	<title>[B][COLOR=white]Rogue Cell[/COLOR][/B]</title>
	<meta>
	<imdb>tt9697340</imdb>
	<content>movie</content>
	<title>Rogue Cell</title>
	<year>2019</year>
	</meta>
	<link>
	<sublink>https://www.youtube.com/watch?v=LcvqTXgCFKk&feature=youtu.be (Play Trailer)</sublink>
	<sublink> (Play Movie Link 1)</sublink>
	<sublink> (Play Movie Link 2)</sublink>
	<sublink> (Play Movie Link 3)</sublink>
	<sublink> (Play Movie Link 4)</sublink>
	<sublink> (Play Movie Link 5)</sublink>
	<sublink> (Play Movie Link 6)</sublink>
	<sublink> (Play Movie Link 7)</sublink>
	<sublink>search</sublink>
	<sublink>searchsd</sublink>
	</link>
	<thumbnail>https://image.tmdb.org/t/p/w1280</thumbnail>
	<fanart>https://image.tmdb.org/t/p/w1280</fanart>
</item>
<item>
	<title>[B][COLOR=white]Anna[/COLOR][/B]</title>
	<meta>
	<imdb>tt7456310</imdb>
	<content>movie</content>
	<title>Anna</title>
	<year>2019</year>
	</meta>
	<link>
	<sublink>https://www.youtube.com/watch?v=oZSMV-NDH4w&feature=youtu.be (Play Trailer)</sublink>
	<sublink> (Play Movie Link 1)</sublink>
	<sublink> (Play Movie Link 2)</sublink>
	<sublink> (Play Movie Link 3)</sublink>
	<sublink> (Play Movie Link 4)</sublink>
	<sublink> (Play Movie Link 5)</sublink>
	<sublink> (Play Movie Link 6)</sublink>
	<sublink> (Play Movie Link 7)</sublink>
	<sublink>search</sublink>
	<sublink>searchsd</sublink>
	</link>
	<thumbnail>https://image.tmdb.org/t/p/w1280/d8u4jpkDKgEPDJUl4g3vOOP3mDe.jpg</thumbnail>
	<fanart>https://image.tmdb.org/t/p/w1280/pIL9e5cN6RNugDCCLwn3stfb9HE.jpg</fanart>
</item>
<item>
	<title>[B][COLOR=white]A Score to Settle[/COLOR][/B]</title>
	<meta>
	<imdb>tt3758162</imdb>
	<content>movie</content>
	<title>A Score to Settle</title>
	<year>2019</year>
	</meta>
	<link>
	<sublink>https://www.youtube.com/watch?v=KQXz_wJl-Zw&feature=youtu.be (Play Trailer)</sublink>
	<sublink> (Play Movie Link 1)</sublink>
	<sublink> (Play Movie Link 2)</sublink>
	<sublink> (Play Movie Link 3)</sublink>
	<sublink> (Play Movie Link 4)</sublink>
	<sublink> (Play Movie Link 5)</sublink>
	<sublink> (Play Movie Link 6)</sublink>
	<sublink> (Play Movie Link 7)</sublink>
	<sublink>search</sublink>
	<sublink>searchsd</sublink>
	</link>
	<thumbnail>https://image.tmdb.org/t/p/w1280/4PBwZGBP6ziKuOgHRpbVRyGoqy3.jpg</thumbnail>
	<fanart>https://image.tmdb.org/t/p/w1280/fcjOngTcwB2DurqKP2vwMs6qsTl.jpg</fanart>
</item>
<item>
	<title>[B][COLOR=white]Blood Father[/COLOR][/B]</title>
	<meta>
	<imdb>tt3647498</imdb>
	<content>movie</content>
	<title>Blood Father</title>
	<year>2016</year>
	</meta>
	<link>
	<sublink>https://www.youtube.com/watch?v=eGvTRG-iud8&feature=youtu.be (Play Trailer)</sublink>
	<sublink> (Play Movie Link 1)</sublink>
	<sublink> (Play Movie Link 2)</sublink>
	<sublink> (Play Movie Link 3)</sublink>
	<sublink> (Play Movie Link 4)</sublink>
	<sublink> (Play Movie Link 5)</sublink>
	<sublink> (Play Movie Link 6)</sublink>
	<sublink> (Play Movie Link 7)</sublink>
	<sublink>search</sublink>
	<sublink>searchsd</sublink>
	</link>
	<thumbnail>https://image.tmdb.org/t/p/w1280/cKDGrVItQTdDn6LqcICz91AOxs3.jpg</thumbnail>
	<fanart>https://image.tmdb.org/t/p/w1280/4aWNF3HT0ryJNLWTxtxBuMFrd3O.jpg</fanart>
</item>
<item>
	<title>[B][COLOR=white]Inside Man Most Wanted[/COLOR][/B]</title>
	<meta>
	<imdb>tt7832848</imdb>
	<content>movie</content>
	<title>Inside Man Most Wanted</title>
	<year>2019</year>
	</meta>
	<link>
	<sublink>https://www.youtube.com/watch?v=tlg4BQqhn3I&feature=youtu.be (Play Trailer)</sublink>
	<sublink> (Play Movie Link 1)</sublink>
	<sublink> (Play Movie Link 2)</sublink>
	<sublink> (Play Movie Link 3)</sublink>
	<sublink> (Play Movie Link 4)</sublink>
	<sublink> (Play Movie Link 5)</sublink>
	<sublink> (Play Movie Link 6)</sublink>
	<sublink> (Play Movie Link 7)</sublink>
	<sublink>search</sublink>
	<sublink>searchsd</sublink>
	</link>
	<thumbnail>https://image.tmdb.org/t/p/w1280/kxvxcgRHwV7T3PR4jNFDdQTLPm.jpg</thumbnail>
	<fanart>https://image.tmdb.org/t/p/w1280/lbr9ihC85TjyO8brZsbmPdNdYg6.jpg</fanart>
</item>
<item>
	<title>[B][COLOR=white]The Intent 2 The Come Up[/COLOR][/B]</title>
	<meta>
	<imdb>tt7613996</imdb>
	<content>movie</content>
	<title>The Intent 2 The Come Up</title>
	<year>2018</year>
	</meta>
	<link>
	<sublink>https://www.youtube.com/watch?v=YghEP1jQnnY&feature=youtu.be (Play Trailer)</sublink>
	<sublink> (Play Movie Link 1)</sublink>
	<sublink> (Play Movie Link 2)</sublink>
	<sublink> (Play Movie Link 3)</sublink>
	<sublink> (Play Movie Link 4)</sublink>
	<sublink> (Play Movie Link 5)</sublink>
	<sublink> (Play Movie Link 6)</sublink>
	<sublink> (Play Movie Link 7)</sublink>
	<sublink>search</sublink>
	<sublink>searchsd</sublink>
	</link>
	<thumbnail>https://image.tmdb.org/t/p/w1280/vS3yAm1Eck0aJMzr8V1R6oPFHKI.jpg</thumbnail>
	<fanart>https://image.tmdb.org/t/p/w1280/eEyYJvi0pDfy9UTc62Aq4PDQ76F.jpg</fanart>
</item>
<item>
	<title>[B][COLOR=white]Riot Girls[/COLOR][/B]</title>
	<meta>
	<imdb>tt6049106</imdb>
	<content>movie</content>
	<title>Riot Girls</title>
	<year>2019</year>
	</meta>
	<link>
	<sublink>https://www.youtube.com/watch?v=7QyiF_QjW_M&feature=youtu.be (Play Trailer)</sublink>
	<sublink> (Play Movie Link 1)</sublink>
	<sublink> (Play Movie Link 2)</sublink>
	<sublink> (Play Movie Link 3)</sublink>
	<sublink> (Play Movie Link 4)</sublink>
	<sublink> (Play Movie Link 5)</sublink>
	<sublink> (Play Movie Link 6)</sublink>
	<sublink> (Play Movie Link 7)</sublink>
	<sublink>search</sublink>
	<sublink>searchsd</sublink>
	</link>
	<thumbnail>https://image.tmdb.org/t/p/w1280/4b4gPmANpH26aeWSQYlg1YpVbXu.jpg</thumbnail>
	<fanart>https://image.tmdb.org/t/p/w1280/d07GC77PhODrbo7sR4myUFbr7Mj.jpg</fanart>
</item>
<item>
	<title>[B][COLOR=white]Dark Phoenix[/COLOR][/B]</title>
	<meta>
	<imdb>tt6565702</imdb>
	<content>movie</content>
	<title>Dark Phoenix</title>
	<year>2019</year>
	</meta>
	<link>
	<sublink>https://www.youtube.com/watch?v=QWbMckU3AOQ&feature=youtu.be (Play Trailer)</sublink>
	<sublink> (Play Movie Link 1)</sublink>
	<sublink> (Play Movie Link 2)</sublink>
	<sublink> (Play Movie Link 3)</sublink>
	<sublink> (Play Movie Link 4)</sublink>
	<sublink> (Play Movie Link 5)</sublink>
	<sublink> (Play Movie Link 6)</sublink>
	<sublink> (Play Movie Link 7)</sublink>
	<sublink>search</sublink>
	<sublink>searchsd</sublink>
	</link>
	<thumbnail>https://image.tmdb.org/t/p/w1280/cCTJPelKGLhALq3r51A9uMonxKj.jpg</thumbnail>
	<fanart>https://image.tmdb.org/t/p/w1280/cjRUhKyt2Jo3V1KNzc5tpPNfccG.jpg</fanart>
</item>
<item>
	<title>[B][COLOR=white]Shaft[/COLOR][/B]</title>
	<meta>
	<imdb>tt4463894</imdb>
	<content>movie</content>
	<title>Shaft</title>
	<year>2019</year>
	</meta>
	<link>
	<sublink>https://www.youtube.com/watch?v=lD41XdWcmbY&feature=youtu.be (Play Trailer)</sublink>
	<sublink> (Play Movie Link 1)</sublink>
	<sublink> (Play Movie Link 2)</sublink>
	<sublink> (Play Movie Link 3)</sublink>
	<sublink> (Play Movie Link 4)</sublink>
	<sublink> (Play Movie Link 5)</sublink>
	<sublink> (Play Movie Link 6)</sublink>
	<sublink> (Play Movie Link 7)</sublink>
	<sublink>search</sublink>
	<sublink>searchsd</sublink>
	</link>
	<thumbnail>https://image.tmdb.org/t/p/w1280/kfZqwGuvEBAysAbCsa0QLKoSYR.jpg</thumbnail>
	<fanart>https://image.tmdb.org/t/p/w1280/kBuenNbs1SidHPxJuMyMU8JMboI.jpg</fanart>
</item>
<item>
	<title>[B][COLOR=white]Night Hunter[/COLOR][/B]</title>
	<meta>
	<imdb>tt6533240</imdb>
	<content>movie</content>
	<title>Night Hunter</title>
	<year>2019</year>
	</meta>
	<link>
	<sublink>https://www.youtube.com/watch?v=Rvh9zDUNiWg&feature=youtu.be (Play Trailer)</sublink>
	<sublink> (Play Movie Link 1)</sublink>
	<sublink> (Play Movie Link 2)</sublink>
	<sublink> (Play Movie Link 3)</sublink>
	<sublink> (Play Movie Link 4)</sublink>
	<sublink> (Play Movie Link 5)</sublink>
	<sublink> (Play Movie Link 6)</sublink>
	<sublink> (Play Movie Link 7)</sublink>
	<sublink>search</sublink>
	<sublink>searchsd</sublink>
	</link>
	<thumbnail>https://image.tmdb.org/t/p/w1280/tAMIXRTHRI7znijZhD6hrR6618J.jpg</thumbnail>
	<fanart>https://image.tmdb.org/t/p/w1280/8knaRrDd1FM1pbSLaViEQSxodi5.jpg</fanart>
</item>
<item>
	<title>[B][COLOR=white]Take Point[/COLOR][/B]</title>
	<meta>
	<imdb>tt7156436</imdb>
	<content>movie</content>
	<title>Take Point</title>
	<year>2018</year>
	</meta>
	<link>
	<sublink>https://www.youtube.com/watch?v=4Z96BbsoVsE&feature=youtu.be (Play Trailer)</sublink>
	<sublink> (Play Movie Link 1)</sublink>
	<sublink> (Play Movie Link 2)</sublink>
	<sublink> (Play Movie Link 3)</sublink>
	<sublink> (Play Movie Link 4)</sublink>
	<sublink> (Play Movie Link 5)</sublink>
	<sublink> (Play Movie Link 6)</sublink>
	<sublink> (Play Movie Link 7)</sublink>
	<sublink>search</sublink>
	<sublink>searchsd</sublink>
	</link>
	<thumbnail>https://image.tmdb.org/t/p/w1280/u9xBvG0BE2yf1L9KknQEnQl6CfF.jpg</thumbnail>
	<fanart>https://image.tmdb.org/t/p/w1280/y5ul2qyntneMQTXmCQqfGtp8qVZ.jpg</fanart>
</item>
<item>
	<title>[B][COLOR=white]General Commander[/COLOR][/B]</title>
	<meta>
	<imdb>tt7043534</imdb>
	<content>movie</content>
	<title>General Commander</title>
	<year>2019</year>
	</meta>
	<link>
	<sublink>https://www.youtube.com/watch?v=RwZEKJ-37-4&feature=youtu.be (Play Trailer)</sublink>
	<sublink> (Play Movie Link 1)</sublink>
	<sublink> (Play Movie Link 2)</sublink>
	<sublink> (Play Movie Link 3)</sublink>
	<sublink> (Play Movie Link 4)</sublink>
	<sublink> (Play Movie Link 5)</sublink>
	<sublink> (Play Movie Link 6)</sublink>
	<sublink> (Play Movie Link 7)</sublink>
	<sublink>search</sublink>
	<sublink>searchsd</sublink>
	</link>
	<thumbnail>https://image.tmdb.org/t/p/w1280/tarle8uNAqiQfCTY95U0Oj1DxIU.jpg</thumbnail>
	<fanart>https://image.tmdb.org/t/p/w1280/NbxUFZ7qwWrvVRjZ8dXSt2dOLI.jpg</fanart>
</item>
<item>
	<title>[B][COLOR=white]The Humanity Bureau[/COLOR][/B]</title>
	<meta>
	<imdb>tt6143568</imdb>
	<content>movie</content>
	<title>The Humanity Bureau</title>
	<year>2017</year>
	</meta>
	<link>
	<sublink>https://www.youtube.com/watch?v=QSxewWTynZE&feature=youtu.be (Play Trailer)</sublink>
	<sublink> (Play Movie Link 1)</sublink>
	<sublink> (Play Movie Link 2)</sublink>
	<sublink> (Play Movie Link 3)</sublink>
	<sublink> (Play Movie Link 4)</sublink>
	<sublink> (Play Movie Link 5)</sublink>
	<sublink> (Play Movie Link 6)</sublink>
	<sublink> (Play Movie Link 7)</sublink>
	<sublink>search</sublink>
	<sublink>searchsd</sublink>
	</link>
	<thumbnail>https://image.tmdb.org/t/p/w1280/2qf4wJoaYAXwY0Lov4OfBhSGbTQ.jpg</thumbnail>
	<fanart>https://image.tmdb.org/t/p/w1280/mOPR6T2lYvtH1daPJXmCeKu0eie.jpg</fanart>
</item>
<item>
	<title>[B][COLOR=white]Eternal Code[/COLOR][/B]</title>
	<meta>
	<imdb>tt8655738</imdb>
	<content>movie</content>
	<title>Eternal Code</title>
	<year>2019</year>
	</meta>
	<link>
	<sublink>https://www.youtube.com/watch?v=2BN-F-8LSXQ&feature=youtu.be (Play Trailer)</sublink>
	<sublink> (Play Movie Link 1)</sublink>
	<sublink> (Play Movie Link 2)</sublink>
	<sublink> (Play Movie Link 3)</sublink>
	<sublink> (Play Movie Link 4)</sublink>
	<sublink> (Play Movie Link 5)</sublink>
	<sublink> (Play Movie Link 6)</sublink>
	<sublink> (Play Movie Link 7)</sublink>
	<sublink>search</sublink>
	<sublink>searchsd</sublink>
	</link>
	<thumbnail>https://image.tmdb.org/t/p/w1280/k2BotDix7KZtgFqswfaZifiBDfC.jpg</thumbnail>
	<fanart>https://image.tmdb.org/t/p/w1280/5evLrpac7KFrAcyGp6Hi4mfCJuR.jpg</fanart>
</item>
<item>
	<title>[B][COLOR=white]The Huntress Rune of the Dead[/COLOR][/B]</title>
	<meta>
	<imdb>tt8284860</imdb>
	<content>movie</content>
	<title>The Huntress Rune of the Dead</title>
	<year>2019</year>
	</meta>
	<link>
	<sublink>https://www.youtube.com/watch?v=BjAWzKsMpkE&feature=youtu.be (Play Trailer)</sublink>
	<sublink> (Play Movie Link 1)</sublink>
	<sublink> (Play Movie Link 2)</sublink>
	<sublink> (Play Movie Link 3)</sublink>
	<sublink> (Play Movie Link 4)</sublink>
	<sublink> (Play Movie Link 5)</sublink>
	<sublink> (Play Movie Link 6)</sublink>
	<sublink> (Play Movie Link 7)</sublink>
	<sublink>search</sublink>
	<sublink>searchsd</sublink>
	</link>
	<thumbnail>https://image.tmdb.org/t/p/w1280/oiQcXvOgw9HjlaEufrNEG7amK15.jpg</thumbnail>
	<fanart>https://image.tmdb.org/t/p/w1280None</fanart>
</item>
<item>
	<title>[B][COLOR=white]Arctic Apocalypse[/COLOR][/B]</title>
	<meta>
	<imdb>tt10305328</imdb>
	<content>movie</content>
	<title>Arctic Apocalypse</title>
	<year>2019</year>
	</meta>
	<link>
	<sublink>https://www.youtube.com/watch?v=BjAWzKsMpkE&feature=youtu.be (Play Trailer)</sublink>
	<sublink> (Play Movie Link 1)</sublink>
	<sublink> (Play Movie Link 2)</sublink>
	<sublink> (Play Movie Link 3)</sublink>
	<sublink> (Play Movie Link 4)</sublink>
	<sublink> (Play Movie Link 5)</sublink>
	<sublink> (Play Movie Link 6)</sublink>
	<sublink> (Play Movie Link 7)</sublink>
	<sublink>search</sublink>
	<sublink>searchsd</sublink>
	</link>
	<thumbnail>https://image.tmdb.org/t/p/w1280</thumbnail>
	<fanart>https://image.tmdb.org/t/p/w1280</fanart>
</item>
<item>
	<title>[B][COLOR=white]John Wick Chapter 3 Parabellum[/COLOR][/B]</title>
	<meta>
	<imdb>tt6146586</imdb>
	<content>movie</content>
	<title>John Wick Chapter 3 Parabellum</title>
	<year>2019</year>
	</meta>
	<link>
	<sublink>https://www.youtube.com/watch?v=M7XM597XO94&feature=youtu.be (Play Trailer)</sublink>
	<sublink> (Play Movie Link 1)</sublink>
	<sublink> (Play Movie Link 2)</sublink>
	<sublink> (Play Movie Link 3)</sublink>
	<sublink> (Play Movie Link 4)</sublink>
	<sublink> (Play Movie Link 5)</sublink>
	<sublink> (Play Movie Link 6)</sublink>
	<sublink> (Play Movie Link 7)</sublink>
	<sublink>search</sublink>
	<sublink>searchsd</sublink>
	</link>
	<thumbnail>https://image.tmdb.org/t/p/w1280/ziEuG1essDuWuC5lpWUaw1uXY2O.jpg</thumbnail>
	<fanart>https://image.tmdb.org/t/p/w1280/stemLQMLDrlpfIlZ5OjllOPT8QX.jpg</fanart>
</item>
<item>
	<title>[B][COLOR=white]John Wick Chapter 2[/COLOR][/B]</title>
	<meta>
	<imdb>tt4425200</imdb>
	<content>movie</content>
	<title>John Wick Chapter 2</title>
	<year>2017</year>
	</meta>
	<link>
	<sublink>https://www.youtube.com/watch?v=Wp3EE71PINI&feature=youtu.be (Play Trailer)</sublink>
	<sublink> (Play Movie Link 1)</sublink>
	<sublink> (Play Movie Link 2)</sublink>
	<sublink> (Play Movie Link 3)</sublink>
	<sublink> (Play Movie Link 4)</sublink>
	<sublink> (Play Movie Link 5)</sublink>
	<sublink> (Play Movie Link 6)</sublink>
	<sublink> (Play Movie Link 7)</sublink>
	<sublink>search</sublink>
	<sublink>searchsd</sublink>
	</link>
	<thumbnail>https://image.tmdb.org/t/p/w1280/zkXnKIwX5pYorKJp2fjFSfNyKT0.jpg</thumbnail>
	<fanart>https://image.tmdb.org/t/p/w1280/5qEaTFR3dVHgP85YXraZJiRBHt1.jpg</fanart>
</item>
<item>
	<title>[B][COLOR=white]John Wick[/COLOR][/B]</title>
	<meta>
	<imdb>tt2911666</imdb>
	<content>movie</content>
	<title>John Wick</title>
	<year>2014</year>
	</meta>
	<link>
	<sublink>https://www.youtube.com/watch?v=2AUmvWm5ZDQ&feature=youtu.be (Play Trailer)</sublink>
	<sublink> (Play Movie Link 1)</sublink>
	<sublink> (Play Movie Link 2)</sublink>
	<sublink> (Play Movie Link 3)</sublink>
	<sublink> (Play Movie Link 4)</sublink>
	<sublink> (Play Movie Link 5)</sublink>
	<sublink> (Play Movie Link 6)</sublink>
	<sublink> (Play Movie Link 7)</sublink>
	<sublink>search</sublink>
	<sublink>searchsd</sublink>
	</link>
	<thumbnail>https://image.tmdb.org/t/p/w1280/5vHssUeVe25bMrof1HyaPyWgaP.jpg</thumbnail>
	<fanart>https://image.tmdb.org/t/p/w1280/iJlGxN0p1suzloBGvvBu3QSSlhT.jpg</fanart>
</item>
<item>
	<title>[B][COLOR=white]Men in Black International[/COLOR][/B]</title>
	<meta>
	<imdb>tt2283336</imdb>
	<content>movie</content>
	<title>Men in Black International</title>
	<year>2019</year>
	</meta>
	<link>
	<sublink>https://www.youtube.com/watch?v=40ghX7dNuKI&feature=youtu.be (Play Trailer)</sublink>
	<sublink> (Play Movie Link 1)</sublink>
	<sublink> (Play Movie Link 2)</sublink>
	<sublink> (Play Movie Link 3)</sublink>
	<sublink> (Play Movie Link 4)</sublink>
	<sublink> (Play Movie Link 5)</sublink>
	<sublink> (Play Movie Link 6)</sublink>
	<sublink> (Play Movie Link 7)</sublink>
	<sublink>search</sublink>
	<sublink>searchsd</sublink>
	</link>
	<thumbnail>https://image.tmdb.org/t/p/w1280/dPrUPFcgLfNbmDL8V69vcrTyEfb.jpg</thumbnail>
	<fanart>https://image.tmdb.org/t/p/w1280/enNSnMYj78ihLmiWrB4K6ymv9ux.jpg</fanart>
</item>
<item>
	<title>[B][COLOR=white]Godzilla King of the Monsters[/COLOR][/B]</title>
	<meta>
	<imdb>tt3741700</imdb>
	<content>movie</content>
	<title>Godzilla King of the Monsters</title>
	<year>2019</year>
	</meta>
	<link>
	<sublink>https://www.youtube.com/watch?v=wVDtmouV9kM&feature=youtu.be (Play Trailer)</sublink>
	<sublink> (Play Movie Link 1)</sublink>
	<sublink> (Play Movie Link 2)</sublink>
	<sublink> (Play Movie Link 3)</sublink>
	<sublink> (Play Movie Link 4)</sublink>
	<sublink> (Play Movie Link 5)</sublink>
	<sublink> (Play Movie Link 6)</sublink>
	<sublink> (Play Movie Link 7)</sublink>
	<sublink>search</sublink>
	<sublink>searchsd</sublink>
	</link>
	<thumbnail>https://image.tmdb.org/t/p/w1280/fQ40gmFM4p03tXwMxQQKh2cCBW4.jpg</thumbnail>
	<fanart>https://image.tmdb.org/t/p/w1280/cNt14e43I2DDW6Xd9zFhrP8eOcA.jpg</fanart>
</item>
<item>
	<title>[B][COLOR=white]Gunned Down[/COLOR][/B]</title>
	<meta>
	<imdb>tt1024855</imdb>
	<content>movie</content>
	<title>Gunned Down</title>
	<year>2017</year>
	</meta>
	<link>
	<sublink>https://www.youtube.com/watch?v=1LiNufQjSGc&feature=youtu.be (Play Trailer)</sublink>
	<sublink> (Play Movie Link 1)</sublink>
	<sublink> (Play Movie Link 2)</sublink>
	<sublink> (Play Movie Link 3)</sublink>
	<sublink> (Play Movie Link 4)</sublink>
	<sublink> (Play Movie Link 5)</sublink>
	<sublink> (Play Movie Link 6)</sublink>
	<sublink> (Play Movie Link 7)</sublink>
	<sublink>search</sublink>
	<sublink>searchsd</sublink>
	</link>
	<thumbnail>https://image.tmdb.org/t/p/w1280/lh4NhcjUcTXblg8yzX7KGCq6GVb.jpg</thumbnail>
	<fanart>https://image.tmdb.org/t/p/w1280/4kafB13wLSdJXD35L9IHd6ih8oo.jpg</fanart>
</item>
<item>
	<title>[B][COLOR=white]Killers Anonymous[/COLOR][/B]</title>
	<meta>
	<imdb>tt8400758</imdb>
	<content>movie</content>
	<title>Killers Anonymous</title>
	<year>2019</year>
	</meta>
	<link>
	<sublink>https://www.youtube.com/watch?v=bmRieb7Nwic&feature=youtu.be (Play Trailer)</sublink>
	<sublink> (Play Movie Link 1)</sublink>
	<sublink> (Play Movie Link 2)</sublink>
	<sublink> (Play Movie Link 3)</sublink>
	<sublink> (Play Movie Link 4)</sublink>
	<sublink> (Play Movie Link 5)</sublink>
	<sublink> (Play Movie Link 6)</sublink>
	<sublink> (Play Movie Link 7)</sublink>
	<sublink>search</sublink>
	<sublink>searchsd</sublink>
	</link>
	<thumbnail>https://image.tmdb.org/t/p/w1280/wpFabJf2J82j4qJyYIMFexmJ8BT.jpg</thumbnail>
	<fanart>https://image.tmdb.org/t/p/w1280/fwUmn4Bjc83Ds52sHK9wUi5x12d.jpg</fanart>
</item>
<item>
	<title>[B][COLOR=white]The Scorpion King[/COLOR][/B]</title>
	<meta>
	<imdb>tt0277296</imdb>
	<content>movie</content>
	<title>The Scorpion King</title>
	<year>2002</year>
	</meta>
	<link>
	<sublink>https://www.youtube.com/watch?v=5c_6HUA9FAY&feature=youtu.be (Play Trailer)</sublink>
	<sublink> (Play Movie Link 1)</sublink>
	<sublink> (Play Movie Link 2)</sublink>
	<sublink> (Play Movie Link 3)</sublink>
	<sublink> (Play Movie Link 4)</sublink>
	<sublink> (Play Movie Link 5)</sublink>
	<sublink> (Play Movie Link 6)</sublink>
	<sublink> (Play Movie Link 7)</sublink>
	<sublink>search</sublink>
	<sublink>searchsd</sublink>
	</link>
	<thumbnail>https://image.tmdb.org/t/p/w1280/xHHMo8Za53XK8qpsdarrxUoxBwn.jpg</thumbnail>
	<fanart>https://image.tmdb.org/t/p/w1280/sP386SaCMTCz9ixvHpZtra0df49.jpg</fanart>
</item>
<item>
	<title>[B][COLOR=white]Avengers Endgame[/COLOR][/B]</title>
	<meta>
	<imdb>tt4154796</imdb>
	<content>movie</content>
	<title>Avengers Endgame</title>
	<year>2019</year>
	</meta>
	<link>
	<sublink>https://www.youtube.com/watch?v=hA6hldpSTF8&feature=youtu.be (Play Trailer)</sublink>
	<sublink> (Play Movie Link 1)</sublink>
	<sublink> (Play Movie Link 2)</sublink>
	<sublink> (Play Movie Link 3)</sublink>
	<sublink> (Play Movie Link 4)</sublink>
	<sublink> (Play Movie Link 5)</sublink>
	<sublink> (Play Movie Link 6)</sublink>
	<sublink> (Play Movie Link 7)</sublink>
	<sublink>search</sublink>
	<sublink>searchsd</sublink>
	</link>
	<thumbnail>https://image.tmdb.org/t/p/w1280/or06FN3Dka5tukK1e9sl16pB3iy.jpg</thumbnail>
	<fanart>https://image.tmdb.org/t/p/w1280/7RyHsO4yDXtBv1zUU3mTpHeQ0d5.jpg</fanart>
</item>
<item>
	<title>[B][COLOR=white]Harry Brown[/COLOR][/B]</title>
	<meta>
	<imdb>tt1289406</imdb>
	<content>movie</content>
	<title>Harry Brown</title>
	<year>2009</year>
	</meta>
	<link>
	<sublink>https://www.youtube.com/watch?v=zA_fB1SbtHQ&feature=youtu.be (Play Trailer)</sublink>
	<sublink> (Play Movie Link 1)</sublink>
	<sublink> (Play Movie Link 2)</sublink>
	<sublink> (Play Movie Link 3)</sublink>
	<sublink> (Play Movie Link 4)</sublink>
	<sublink> (Play Movie Link 5)</sublink>
	<sublink> (Play Movie Link 6)</sublink>
	<sublink> (Play Movie Link 7)</sublink>
	<sublink>search</sublink>
	<sublink>searchsd</sublink>
	</link>
	<thumbnail>https://image.tmdb.org/t/p/w1280/68V1ClrCT7ik7UDiAkIDliRaAXf.jpg</thumbnail>
	<fanart>https://image.tmdb.org/t/p/w1280/szj3uqOGDu8Uwvwo0Si42BCxI04.jpg</fanart>
</item>
<item>
	<title>[B][COLOR=white]Welcome to Acapulco[/COLOR][/B]</title>
	<meta>
	<imdb>tt6047374</imdb>
	<content>movie</content>
	<title>Welcome to Acapulco</title>
	<year>2019</year>
	</meta>
	<link>
	<sublink>https://www.youtube.com/watch?v=zFSzRzBefhw&feature=youtu.be (Play Trailer)</sublink>
	<sublink> (Play Movie Link 1)</sublink>
	<sublink> (Play Movie Link 2)</sublink>
	<sublink> (Play Movie Link 3)</sublink>
	<sublink> (Play Movie Link 4)</sublink>
	<sublink> (Play Movie Link 5)</sublink>
	<sublink> (Play Movie Link 6)</sublink>
	<sublink> (Play Movie Link 7)</sublink>
	<sublink>search</sublink>
	<sublink>searchsd</sublink>
	</link>
	<thumbnail>https://image.tmdb.org/t/p/w1280/1eqV8Qi4OPy0lcvj6Ruu3W1RCBv.jpg</thumbnail>
	<fanart>https://image.tmdb.org/t/p/w1280/oyom7j5hNQCmBJ0uAc2eOT47cJ0.jpg</fanart>
</item>
<item>
	<title>[B][COLOR=white]Speed Kills[/COLOR][/B]</title>
	<meta>
	<imdb>tt6749318</imdb>
	<content>movie</content>
	<title>Speed Kills</title>
	<year>2018</year>
	</meta>
	<link>
	<sublink>https://www.youtube.com/watch?v=a6qR2K7NLhs&feature=youtu.be (Play Trailer)</sublink>
	<sublink> (Play Movie Link 1)</sublink>
	<sublink> (Play Movie Link 2)</sublink>
	<sublink> (Play Movie Link 3)</sublink>
	<sublink> (Play Movie Link 4)</sublink>
	<sublink> (Play Movie Link 5)</sublink>
	<sublink> (Play Movie Link 6)</sublink>
	<sublink> (Play Movie Link 7)</sublink>
	<sublink>search</sublink>
	<sublink>searchsd</sublink>
	</link>
	<thumbnail>https://image.tmdb.org/t/p/w1280/f4p18CwxidvznZYMA6m4qv5FCvp.jpg</thumbnail>
	<fanart>https://image.tmdb.org/t/p/w1280/k56s8MT5x56u6mllyBcVcN7Xkue.jpg</fanart>
</item>
<item>
	<title>[B][COLOR=white]All the Devil s Men[/COLOR][/B]</title>
	<meta>
	<imdb>tt6012244</imdb>
	<content>movie</content>
	<title>All the Devil s Men</title>
	<year>2018</year>
	</meta>
	<link>
	<sublink>https://www.youtube.com/watch?v=Ez4LB6t_jYA&feature=youtu.be (Play Trailer)</sublink>
	<sublink> (Play Movie Link 1)</sublink>
	<sublink> (Play Movie Link 2)</sublink>
	<sublink> (Play Movie Link 3)</sublink>
	<sublink> (Play Movie Link 4)</sublink>
	<sublink> (Play Movie Link 5)</sublink>
	<sublink> (Play Movie Link 6)</sublink>
	<sublink> (Play Movie Link 7)</sublink>
	<sublink>search</sublink>
	<sublink>searchsd</sublink>
	</link>
	<thumbnail>https://image.tmdb.org/t/p/w1280/pnlwh6CBBq5jB7G7OVxDsfz1b9v.jpg</thumbnail>
	<fanart>https://image.tmdb.org/t/p/w1280/vT2rEtt3kK2Vo6v5yXYd2y3dk14.jpg</fanart>
</item>
