<item>
	<title>Shrek (2001)</title>
<meta>
<content>movie</content>
<imdb>tt0126029</imdb>
<title>Shrek</title>
<year>2001</year>
</meta>
<link>
<sublink>https://uptobox.com/4adzyjfoyr28</sublink>
<sublink>search</sublink>
<sublink>searchsd</sublink>
</link>
<thumbnail>https://image.tmdb.org/t/p/w600_and_h900_bestv2/140ewbWv8qHStD3mlBDvvGd0Zvu.jpg</thumbnail>
<fanart>https://image.tmdb.org/t/p/original/2l5UHZBcp9cx1PwKLdisJ0gV9jB.jpg</fanart>
</item>
<item>
	<title>The Fast and the Furious (2001)</title>
<meta>
<content>movie</content>
<imdb>tt0232500</imdb>
<title>The Fast and the Furious</title>
<year>2001</year>
</meta>
<link>
<sublink>https://uptostream.com/r5rj3qxkr4xb(720p)</sublink>
<sublink>https://uptostream.com/vptp35x1y9xe(1080p)</sublink>
<sublink>search</sublink>
<sublink>searchsd</sublink>
</link>
<thumbnail>https://image.tmdb.org/t/p/w600_and_h900_bestv2/x4So4OkqnjfOSBCCNd5uosMmQiB.jpg</thumbnail>
<fanart>https://image.tmdb.org/t/p/original/eRh8pHaklhBahLtfkiVPAMpZbf3.jpg</fanart>
</item>
<item>
	<title>[COLOR=white]Thir13en Ghosts[/COLOR]</title>
	<meta>
	<imdb>tt0245674</imdb>
	<content>movie</content>
	<title>Thir13en Ghosts</title>
	<year>2001</year>
	</meta>
	<link>
	<sublink>https://uptostream.com/n4qrigcf4stm(720p)</sublink>
	<sublink>search</sublink>
	<sublink>searchsd</sublink>
	</link>
	<thumbnail>https://image.tmdb.org/t/p/w1280/s4KZw4vmXfZGbPLBJB7RpWsiUxk.jpg</thumbnail>
	<fanart>https://image.tmdb.org/t/p/w1280/bVZNGCXhQMPpCCDr6HaYjqMULck.jpg</fanart>
</item>
<item>
	<title>The Others (2001)</title>
<meta>
<content></content>
<imdb>tt0230600</imdb>
<title>The Others</title>
<year>2001</year>
</meta>
<link>
<sublink>https://uptostream.com/qybb5tviki7e(720p)</sublink>
<sublink>search</sublink>
<sublink>searchsd</sublink>
</link>
<thumbnail>https://image.tmdb.org/t/p/w1280/k9GpVK2dyMMzjciQiMdoaL1WUlS.jpg</thumbnail>
<fanart>https://image.tmdb.org/t/p/original/sLZULNJbQ4ZlomXzFIKKzqr4dte.jpg</fanart>
</item>
<item>
	<title>[COLOR=white]Behind Enemy Lines[/COLOR]</title>
	<meta>
	<imdb>tt0159273</imdb>
	<content>movie</content>
	<title>Behind Enemy Lines</title>
	<year>2001</year>
	</meta>
	<link>
	<sublink>https://uptobox.com/v96b76q8qq70(720p)</sublink>
	<sublink>search</sublink>
	<sublink>searchsd</sublink>
	</link>
	<thumbnail>https://image.tmdb.org/t/p/w1280/dl1OgKeKxKQsOAqGM7TZRNozbKf.jpg</thumbnail>
	<fanart>https://image.tmdb.org/t/p/w1280/fORfDnft6dosWAGl2clDWm8kUMp.jpg</fanart>
</item>
<item>
	<title>[COLOR=white]Kiss of the Dragon[/COLOR]</title>
	<meta>
	<imdb>tt0271027</imdb>
	<content>movie</content>
	<title>Kiss of the Dragon</title>
	<year>2001</year>
	</meta>
	<link>
	<sublink>https://uptobox.com/q6nsfmk07it1(720p)</sublink>
	<sublink>search</sublink>
	<sublink>searchsd</sublink>
	</link>
	<thumbnail>https://image.tmdb.org/t/p/w1280/eOBwDUiDLmz1BX8PQL5U1tQloRB.jpg</thumbnail>
	<fanart>https://image.tmdb.org/t/p/w1280/kZMZ3PqcKmtBifHjfoI8JnURHJj.jpg</fanart>
</item>
<item>
	<title>Training Day-2001</title>
<meta>
<content>movie</content>
<imdb>tt0139654</imdb>
<title>Training Day</title>
<year>2001</year>
</meta>
<link>
<sublink>https://uptostream.com/riggt1fhaxi1(720p)</sublink>
<sublink>https://uptobox.com/aydtpvd0p9xa(1080p)</sublink>
<sublink>search</sublink>
<sublink>searchsd</sublink>
</link>
<thumbnail>https://image.tmdb.org/t/p/w1280/sDT2biSB7wzBJdXq9o3ldr7VfvY.jpg</thumbnail>
<fanart>https://image.tmdb.org/t/p/w1000_and_h563_face/n7z6rdjO4n9sVa06dniOfxV3GGq.jpg</fanart>
</item>
<item>
	<title>[COLOR=white]Angel Eyes[/COLOR]</title>
	<meta>
	<imdb>tt0225071</imdb>
	<content>movie</content>
	<title>Angel Eyes</title>
	<year>2001</year>
	</meta>
	<link>
	<sublink> https://uptobox.com/lpbohz5tllv8(720p)</sublink>
	<sublink>search</sublink>
	<sublink>searchsd</sublink>
	</link>
	<thumbnail>https://image.tmdb.org/t/p/w1280/jxchJRFZO6zYgdVaAOgNWLNM4yW.jpg</thumbnail>
	<fanart>https://image.tmdb.org/t/p/w1280/eRKWz0pDgBiR39otuMZ4mENUhq3.jpg</fanart>
</item>
<item>
	<title>How High (2001)</title>
<meta>
<content>movie</content>
<imdb>tt0278488</imdb>
<title>How High</title>
<year>2001</year>
</meta>
<link>
<sublink>https://uptobox.com/i9hv44cfmln6(1080p)</sublink>
<sublink></sublink>
<sublink>search</sublink>
<sublink>searchsd</sublink>
</link>
<thumbnail>https://image.tmdb.org/t/p/w600_and_h900_bestv2/AdQDz4LF6BzFfmyIJkMtrj707BZ.jpg</thumbnail>
<fanart>https://image.tmdb.org/t/p/original/8sKoyE37qSUVPF1bb9550H2jj4L.jpg</fanart>
</item>
<item>
	<title>[COLOR=white]Rush Hour 2[/COLOR]</title>
	<meta>
	<imdb>tt0266915</imdb>
	<content>movie</content>
	<title>Rush Hour 2</title>
	<year>2001</year>
	</meta>
	<link>
	<sublink>https://uptostream.com/oqs44xxg1leu(1080p)</sublink>
	<sublink>search</sublink>
	<sublink>searchsd</sublink>
	</link>
	<thumbnail>https://image.tmdb.org/t/p/w1280/xG43wsvHpOp2QIj2JGQEvmK8dgC.jpg</thumbnail>
	<fanart>https://image.tmdb.org/t/p/w1280/bLv1am2xc4JqP4CzT7i48BFQjTu.jpg</fanart>
</item>
<item>
	<title>Ali (2001)</title>
<meta>
<content>movie</content>
<imdb>tt0248667</imdb>
<title>Ali</title>
<year>2001</year>
</meta>
<link>
<sublink>https://uptostream.com/mlorbhuzjrve</sublink>
<sublink></sublink>
<sublink>search</sublink>
<sublink>searchsd</sublink>
</link>
<thumbnail>https://image.tmdb.org/t/p/w1280/gCGoMZXGdU7DY8xgKYle6dJGksT.jpg</thumbnail>
<fanart>https://image.tmdb.org/t/p/original/tAGJ66pWG9jQ602WbSByrPwsYps.jpg</fanart>
</item>
