<item>
	<title>Spider-Man (2002)</title>
<meta>
<content>movie</content>
<imdb>tt0145487</imdb>
<title>Spider-Man</title>
<year>2002</year>
</meta>
<link>
<sublink>https://uptostream.com/7o4645hkuwae(720p)</sublink>
<sublink>https://uptostream.com/f0ry2nj90b15(1080p)</sublink>
<sublink>search</sublink>
<sublink>searchsd</sublink>
</link>
<thumbnail>https://image.tmdb.org/t/p/w1280/ynyDOCwNuYqqR6p1d6Nbk7ehpfv.jpg</thumbnail>
<fanart>https://image.tmdb.org/t/p/w700_and_h392_bestv2/zKM3YlEr3KqQosA6mgI9EVz3U5G.jpg</fanart>
</item>
<item>
	<title>Blade 2</title>
<meta>
<content>movie</content>
<imdb>tt0187738</imdb>
<title>Blade 2</title>
<year>2002</year>
</meta>
<link>
<sublink>https://uptostream.com/zzfbda8hdkde(720p)</sublink>
<sublink>(1080p)</sublink>
<sublink>search</sublink>
<sublink>searchsd</sublink>
</link>
<thumbnail>https://image.tmdb.org/t/p/w1280/jlURNpXCMK830CsGRd939PJLh8c.jpg</thumbnail>
<fanart>https://image.tmdb.org/t/p/w1000_and_h563_face/vkAO584jXSbSJEOKHqOJzFdHCFB.jpg</fanart>
</item>
<item>
	<title>Ice Age (2002)</title>
<meta>
<content>movie</content>
<imdb>tt0268380</imdb>
<title>Ice Age</title>
<year>2002</year>
</meta>
<link>
<sublink>https://uptobox.com/a65f9d383c2k</sublink>
<sublink>search</sublink>
<sublink>searchsd</sublink>
</link>
<thumbnail>https://image.tmdb.org/t/p/w600_and_h900_bestv2/zpaQwR0YViPd83bx1e559QyZ35i.jpg</thumbnail>
<fanart>https://image.tmdb.org/t/p/original/oDqbewoFuIEWA7UWurole6MzDGn.jpg</fanart>
</item>
<item>
	<title>[COLOR=white]Mickey s House of Villains[/COLOR]</title>
	<meta>
	<imdb>tt0329374</imdb>
	<content>movie</content>
	<title>Mickey s House of Villains</title>
	<year>2002</year>
	</meta>
	<link>
	<sublink>https://uptobox.com/2ewrwho1rt9o</sublink>
	<sublink>search</sublink>
	<sublink>searchsd</sublink>
	</link>
	<thumbnail>https://image.tmdb.org/t/p/w1280/lE6eJ1TrOzlRMUgjonSRQRWk3l3.jpg</thumbnail>
	<fanart>https://image.tmdb.org/t/p/w1280/gBMhoshIn1bJ0iSxZX8nLWInOu3.jpg</fanart>
</item>
<item>
	<title>[COLOR=white]Stuart Little 2[/COLOR]</title>
	<meta>
	<imdb>tt0243585</imdb>
	<content>movie</content>
	<title>Stuart Little 2</title>
	<year>2002</year>
	</meta>
	<link>
	<sublink>https://uptobox.com/1cwfqxidigsr(1080p)</sublink>
	<sublink>search</sublink>
	<sublink>searchsd</sublink>
	</link>
	<thumbnail>https://image.tmdb.org/t/p/w1280/bbTU6npKQaUowoYzfcD4VSVrZbd.jpg</thumbnail>
	<fanart>https://image.tmdb.org/t/p/w1280/wiGez9vknlmmdF31bZyjV58gayH.jpg</fanart>
</item>
<item>
	<title>Enough-2002</title>
<meta>
<content>movie</content>
<imdb>tt0278435</imdb>
<title>Enough</title>
<year>2002</year>
</meta>
<link>
<sublink>https://uptostream.com/ff2ne4cak9ba(720p)</sublink>
<sublink>https://uptostream.com/svsk1nbwc8dx(1080p)</sublink>
<sublink>search</sublink>
<sublink>searchsd</sublink>
</link>
<thumbnail>https://image.tmdb.org/t/p/w1280/la9F1MVu1nU4v61trp80dVcr5Ij.jpg</thumbnail>
<fanart>https://image.tmdb.org/t/p/w1000_and_h563_face/u6BwQbfGMkkKSDWGg5fc9oMEjzw.jpg</fanart>
</item>
<item>
	<title>The Ring (2002)</title>
<meta>
<content></content>
<imdb>tt0298130</imdb>
<title>The Ring</title>
<year>2002</year>
</meta>
<link>
<sublink>https://uptostream.com/t05kf5itaoi7</sublink>
<sublink>search</sublink>
<sublink>searchsd</sublink>
</link>
<thumbnail>https://image.tmdb.org/t/p/w1280/zHJFdhqEXZJxG653oZvOM3PmNON.jpg</thumbnail>
<fanart>https://image.tmdb.org/t/p/original/2DqDE1oO5DjYMgApMjYWcs0wBe.jpg</fanart>
</item>
<item>
	<title>[COLOR=white]Ghost Ship[/COLOR]</title>
	<meta>
	<imdb>tt0288477</imdb>
	<content>movie</content>
	<title>Ghost Ship</title>
	<year>2002</year>
	</meta>
	<link>
	<sublink>https://uptostream.com/79xuz1r2n3bg(720p)</sublink>
	<sublink>https://uptostream.com/p9hn20t0u1xg(1080p)</sublink>
	<sublink>search</sublink>
	<sublink>searchsd</sublink>
	</link>
	<thumbnail>https://image.tmdb.org/t/p/w1280/3zpmLxfZIusjsy9GEEk5zhxBqi6.jpg</thumbnail>
	<fanart>https://image.tmdb.org/t/p/w1280/gc4MW8gPXFNbVJIZBpIsYlmQaxB.jpg</fanart>
</item>
<item>
	<title>[COLOR=white]Showtime[/COLOR]</title>
  <meta>
  <imdb>tt0284490</imdb>
  <content>movie</content>
  <title>Showtime</title>
  <year>2002</year>
  </meta>
  <link>
  <sublink>https://uptostream.com/0p639b0j0ur9</sublink>
  <sublink>search</sublink>
  <sublink>searchsd</sublink>
  </link>
  <thumbnail>https://image.tmdb.org/t/p/w1280/a1vRxRQFRwheHXJESIt2cnfudaH.jpg</thumbnail>
  <fanart>https://image.tmdb.org/t/p/w1280/rQwWtujstlG3dzfGsnp57Hh3pmj.jpg</fanart>
</item>
<item>
	<title>[COLOR=white]Phone Booth[/COLOR]</title>
	<meta>
	<imdb>tt0183649</imdb>
	<content>movie</content>
	<title>Phone Booth</title>
	<year>2002</year>
	</meta>
	<link>
	<sublink>https://uptobox.com/n8mrzgducqri(720p)</sublink>
	<sublink>search</sublink>
	<sublink>searchsd</sublink>
	</link>
	<thumbnail>https://image.tmdb.org/t/p/w1280/xIaUpPok8WFnr79EAvgtGsIaJzV.jpg</thumbnail>
	<fanart>https://image.tmdb.org/t/p/w1280/39qFDO2UOLQ3Z69E5EGisCTQAAx.jpg</fanart>
</item>
<item>
	<title>[COLOR=white]Minority Report[/COLOR]</title>
	<meta>
	<imdb>tt0181689</imdb>
	<content>movie</content>
	<title>Minority Report</title>
	<year>2002</year>
	</meta>
	<link>
	<sublink>https://uptobox.com/wpqeiafncmse(720p)</sublink>
	<sublink>search</sublink>
	<sublink>searchsd</sublink>
	</link>
	<thumbnail>https://image.tmdb.org/t/p/w1280/h3lpltSn7Rj1eYTPQO1lYGdw4Bz.jpg</thumbnail>
	<fanart>https://image.tmdb.org/t/p/w1280/bwC6eydgNpGIaLGosyhw0DUBmgb.jpg</fanart>
</item>
<item>
	<title>The Bourne Identity (2002)</title>
<meta>
<content>movie</content>
<imdb>tt0258463</imdb>
<title>The Bourne Identity</title>
<year>2002</year>
</meta>
<link>
<sublink>https://uptostream.com/ejw2yretlapq(720p)</sublink>
<sublink>https://uptostream.com/lcau7tqychh3(1080p)</sublink>
<sublink>search</sublink>
<sublink>searchsd</sublink>
</link>
<thumbnail>https://image.tmdb.org/t/p/w1280/bXQIL36VQdzJ69lcjQR1WQzJqQR.jpg</thumbnail>
<fanart>https://image.tmdb.org/t/p/original/2Fr1vqBiDn8xRJM9elcplzHctTN.jpg</fanart>
</item>
<item>
	<title>[COLOR=white]Paid in Full[/COLOR]</title>
	<meta>
	<imdb>tt0259484</imdb>
	<content>movie</content>
	<title>Paid in Full</title>
	<year>2002</year>
	</meta>
	<link>
	<sublink>https://uptobox.com/13s9nftltc9f(1080p)</sublink>
	<sublink>search</sublink>
	<sublink>searchsd</sublink>
	</link>
	<thumbnail>https://image.tmdb.org/t/p/w1280/k8hSrpnoQe8OFd10BljdYF0m1Wi.jpg</thumbnail>
	<fanart>https://image.tmdb.org/t/p/w1280/wCbhLdn0iuC6ulGHBo7idulOfef.jpg</fanart>
</item>
<item>
	<title>John Q (2002)</title>
<meta>
<content>movie</content>
<imdb>tt0251160</imdb>
<title>John Q</title>
<year>2002</year>
</meta>
<link>
<sublink>https://uptostream.com/erkv4yl5smug(720p)</sublink>
<sublink>https://uptostream.com/kuiopr07ritz(1080p)</sublink>
<sublink>search</sublink>
<sublink>searchsd</sublink>
</link>
<thumbnail>https://image.tmdb.org/t/p/w1280/4jX2XxZbpMy2rGSigoIaFAbhOez.jpg</thumbnail>
<fanart>https://image.tmdb.org/t/p/w700_and_h392_bestv2/f1JeGEiVvo7Wctl9dt6ENVkMLJ1.jpg</fanart>
</item>
<item>
	<title>[COLOR=white]State Property[/COLOR]</title>
	<meta>
	<imdb>tt0301893</imdb>
	<content>movie</content>
	<title>State Property</title>
	<year>2002</year>
	</meta>
	<link>
	<sublink>https://uptobox.com/8wpt7kynr9eo</sublink>
	<sublink>search</sublink>
	<sublink>searchsd</sublink>
	</link>
	<thumbnail>https://image.tmdb.org/t/p/w1280/eq8ygk2egSs9QnQfrjqE4fJ44OJ.jpg</thumbnail>
	<fanart>https://image.tmdb.org/t/p/w1280/7pc2Khsxr7RmC9551jNSJ722xzR.jpg</fanart>
</item>
<item>
	<title>All About the Benjamins(2002)</title>
<meta>
<content>movie</content>
<imdb>tt0278295</imdb>
<title>All About the Benjamins</title>
<year>2002</year>
</meta>
<link>
<sublink>https://uptostream.com/9k927c9wt6uz(720p)</sublink>
<sublink>search</sublink>
<sublink>searchsd</sublink>
</link>
<thumbnail>https://image.tmdb.org/t/p/w1280/MnD3ueM3Kh6mxTT9oqw9fhxSzd.jpg</thumbnail>
<fanart>https://image.tmdb.org/t/p/w1000_and_h563_face/7ck9A59iqZhO7GfdEYaJjpzXscG.jpg</fanart>
</item>
<item>
	<title>Undisputed (2002)</title>
<meta>
<content>movie</content>
<imdb>tt0281322</imdb>
<title>Undisputed</title>
<year>2002</year>
</meta>
<link>
<sublink>https://uptostream.com/5j4q3qmnluod</sublink>
<sublink></sublink>
<sublink>search</sublink>
<sublink>searchsd</sublink>
</link>
<thumbnail>https://image.tmdb.org/t/p/w1280/dhBQvKYMayM61M7kHOk35IfpE8K.jpg</thumbnail>
<fanart>https://image.tmdb.org/t/p/original/hxBroLYYRiuDlTPp7JlcwfzXXZe.jpg</fanart>
</item>
