<item>
	<title>Elf (2003)</title>
<meta>
<content></content>
<imdb>tt0319343</imdb>
<title>Elf</title>
<year>2003</year>
</meta>
<link>
<sublink>https://uptostream.com/r1zyms5ymcof</sublink>
<sublink>search</sublink>
<sublink>searchsd</sublink>
</link>
<thumbnail>https://image.tmdb.org/t/p/w1280/9jChHqqcpe0zHNTqkNqWZkwkgil.jpg</thumbnail>
<fanart>https://image.tmdb.org/t/p/original/wcjgmnOGqhUtoqonOJZ0MMGzB9G.jpg</fanart>
</item>
<item>
	<title>Finding Nemo (2003)</title>
<meta>
<content>movie</content>
<imdb>tt0266543</imdb>
<title>Finding Nemo</title>
<year>2003</year>
</meta>
<link>
<sublink>https://uptobox.com/xzzzfazinkkw</sublink>
<sublink>search</sublink>
<sublink>searchsd</sublink>
</link>
<thumbnail>https://image.tmdb.org/t/p/w600_and_h900_bestv2/syPWyeeqzTQIxjIUaIFI7d0TyEY.jpg</thumbnail>
<fanart>https://image.tmdb.org/t/p/original/2Xh7cVe9beCn04ouN9IGfK8WTok.jpg</fanart>
</item>
<item>
	<title>2 Fast 2 Furious (2003)</title>
<meta>
<content>movie</content>
<imdb>tt0322259</imdb>
<title>2 Fast 2 Furious</title>
<year>2003</year>
</meta>
<link>
<sublink>https://uptostream.com/8fzawk3leh4i</sublink>
<sublink></sublink>
<sublink>search</sublink>
<sublink>searchsd</sublink>
</link>
<thumbnail>https://image.tmdb.org/t/p/w600_and_h900_bestv2/hZVcmztCVo510FhBXyLqStiTAce.jpg</thumbnail>
<fanart>https://image.tmdb.org/t/p/original/xvNOnVYmtkevs1kby3X1rQXb2iU.jpg</fanart>
</item>
<item>
	<title>SWAT-2003</title>
<meta>
<content>movie</content>
<imdb>tt0257076</imdb>
<title>SWAT</title>
<year>2003</year>
</meta>
<link>
<sublink>https://uptostream.com/wzzo0jngibf9(720p)</sublink>
<sublink>search</sublink>
<sublink>searchsd</sublink>
</link>
<thumbnail>https://image.tmdb.org/t/p/w1280/AgwobKKS20WRaQCHj5ut2R4KyHa.jpg</thumbnail>
<fanart>https://image.tmdb.org/t/p/w1000_and_h563_face/hauh8JKUNwLUiWRymC2gNmFIVCW.jpg</fanart>
</item>
<item>
	<title>The Matrix Reloaded- 2003</title>
<meta>
<content>movie</content>
<imdb>tt0234215</imdb>
<title>The Matrix Reloaded</title>
<year>2003</year>
</meta>
<link>
<sublink>https://uptostream.com/nu23o655oseb(720p)</sublink>
<sublink>https://uptostream.com/11oa6msom24c(1080p)</sublink>
<sublink>search</sublink>
<sublink>searchsd</sublink>
</link>
<thumbnail>https://image.tmdb.org/t/p/w1280/ezIurBz2fdUc68d98Fp9dRf5ihv.jpg</thumbnail>
<fanart>https://image.tmdb.org/t/p/w1000_and_h563_face/xZGNwoPcH5GMVMpjCLS3MgZfEDl.jpg</fanart>
</item>
<item>
	<title>The Matrix Revolutions- 2003</title>
<meta>
<content>movie</content>
<imdb>tt0242653</imdb>
<title>The Matrix Revolutions</title>
<year>2003</year>
</meta>
<link>
<sublink>https://uptostream.com/xcsc1hcnfbmd(720p)</sublink>
<sublink>https://uptostream.com/nhbxl6g9zfjd(1080p)</sublink>
<sublink>search</sublink>
<sublink>searchsd</sublink>
</link>
<thumbnail>https://image.tmdb.org/t/p/w1280/sKogjhfs5q3azmpW7DFKKAeLEG8.jpg</thumbnail>
<fanart>https://image.tmdb.org/t/p/w1000_and_h563_face/kJYPag1YrA4PsXIftFdq3QEaanV.jpg</fanart>
</item>
<item>
	<title>[COLOR=white]Out of Time[/COLOR]</title>
	<meta>
	<imdb>tt0313443</imdb>
	<content>movie</content>
	<title>Out of Time</title>
	<year>2003</year>
	</meta>
	<link>
	<sublink>https://uptobox.com/8ut19ezjzjsj(720p)</sublink>
	<sublink>search</sublink>
	<sublink>searchsd</sublink>
	</link>
	<thumbnail>https://image.tmdb.org/t/p/w1280/wdniUkm0hwXv2RqzvwWy5XtRNvB.jpg</thumbnail>
	<fanart>https://image.tmdb.org/t/p/w1280/adnZPm5HFmrtT1DwC82p512Vmqx.jpg</fanart>
</item>
<item>
	<title>[COLOR=white]Identity[/COLOR]</title>
	<meta>
	<imdb>tt0309698</imdb>
	<content>movie</content>
	<title>Identity</title>
	<year>2003</year>
	</meta>
	<link>
	<sublink>https://uptobox.com/y0xiziguz7l7(720p)</sublink>
	<sublink>search</sublink>
	<sublink>searchsd</sublink>
	</link>
	<thumbnail>https://image.tmdb.org/t/p/w1280/xSNSp2wmCUwFavxdkMF417hBc39.jpg</thumbnail>
	<fanart>https://image.tmdb.org/t/p/w1280/arcpWGGnUkGkakOwZo7xfPsaz7h.jpg</fanart>
</item>
<item>
	<title>Bad Boys II (2003)</title>
<meta>
<content></content>
<imdb>tt0172156</imdb>
<title>Bad Boys II</title>
<year>2003</year>
</meta>
<link>
<sublink>https://uptostream.com/jlt1xe0t78mn(720p)</sublink>
<sublink>https://uptostream.com/njc5ojz081n8(1080p)</sublink>
<sublink>search</sublink>
<sublink>searchsd</sublink>
</link>
<thumbnail>https://image.tmdb.org/t/p/w1280/680X9apSqmAcebLg8evnnUeQNeI.jpg</thumbnail>
<fanart>https://image.tmdb.org/t/p/original/5xQVApmdUbBlCi1QzS8NwbCF0Ne.jpg</fanart>
</item>
<item>
	<title>Love Actually (2003)</title>
<meta>
<content></content>
<imdb>tt0314331</imdb>
<title>Love Actually</title>
<year>2003</year>
</meta>
<link>
<sublink>https://uptostream.com/ft7v1fbzq29y</sublink>
<sublink>search</sublink>
<sublink>searchsd</sublink>
</link>
<thumbnail>https://image.tmdb.org/t/p/w1280/7QPeVsr9rcFU9Gl90yg0gTOTpVv.jpg</thumbnail>
<fanart>https://image.tmdb.org/t/p/original/jVvyV0VzRB8xbBxGAPMHUgT3CaZ.jpg</fanart>
</item>
<item>
	<title>Bad Santa-2003</title>
<meta>
<content>movie</content>
<imdb>tt0307987</imdb>
<title>Bad Santa</title>
<year>2003</year>
</meta>
<link>
<sublink>https://uptostream.com/yukl6tpxtl6m</sublink>
<sublink>https://uptostream.com/8ap95fddlmal</sublink>
<sublink>search</sublink>
<sublink>searchsd</sublink>
</link>
<thumbnail>https://fanart.tv/fanart/movies/10147/movieposter/bad-santa-532c8b93e84e3.jpg</thumbnail>
<fanart>https://fanart.tv/fanart/movies/10147/moviebackground/bad-santa-50246811a769c.jpg</fanart>
</item>
