<item>
	<title>[COLOR=white]Charlie and the Chocolate Factory[/COLOR]</title>
	<meta>
	<imdb>tt0367594</imdb>
	<content>movie</content>
	<title>Charlie and the Chocolate Factory</title>
	<year>2005</year>
	</meta>
	<link>
	<sublink>https://uptobox.com/jf7pzpb20gir</sublink>
	<sublink>search</sublink>
	<sublink>searchsd</sublink>
	</link>
	<thumbnail>https://image.tmdb.org/t/p/w1280/dvHl1dYvaZRhj9Gk0ITcCHr4DIJ.jpg</thumbnail>
	<fanart>https://image.tmdb.org/t/p/w1280/t7TwFwRrx3Re52651dy52ObXBBh.jpg</fanart>
</item>
<item>
	<title>[COLOR=white]Mr. & Mrs. Smith[/COLOR]</title>
	<meta>
	<imdb>tt0356910</imdb>
	<content>movie</content>
	<title>Mr. & Mrs. Smith</title>
	<year>2005</year>
	</meta>
	<link>
	<sublink>https://uptostream.com/bcppq8gm7qw2(720p)</sublink>
	<sublink>https://uptostream.com/yhlh8o8u50by(1080p)</sublink>
	<sublink>search</sublink>
	<sublink>searchsd</sublink>
	</link>
	<thumbnail>https://image.tmdb.org/t/p/w1280/dqs5BmwSULtB28Kls3IB6khTQwp.jpg</thumbnail>
	<fanart>https://image.tmdb.org/t/p/w1280/fAwYX0Fha35CaYYUJ06VTN3bEeh.jpg</fanart>
</item>
<item>
	<title>The Ring Two (2005)</title>
<meta>
<content></content>
<imdb>tt0377109</imdb>
<title>The Ring Two</title>
<year>2005</year>
</meta>
<link>
<sublink>https://uptostream.com/mwccdwqechay</sublink>
<sublink>search</sublink>
<sublink>searchsd</sublink>
</link>
<thumbnail>https://image.tmdb.org/t/p/w1280/mYZdcd5XeZkye72oQejkLuAGI7q.jpg</thumbnail>
<fanart>https://image.tmdb.org/t/p/original/3UPGMO3KqxpBHkAinXr4fknjDV0.jpg</fanart>
</item>
<item>
	<title>Hide and Seek</title>
<meta>
<content>movie</content>
<imdb>tt0382077</imdb>
<title>Hide and Seek</title>
<year>2005</year>
</meta>
<link>
<sublink>https://uptostream.com/xwjsktl4sd6h(720p)</sublink>
<sublink>https://uptostream.com/ji6om0xj6irn(1080p)</sublink>
<sublink>search</sublink>
<sublink>searchsd</sublink>
</link>
<thumbnail>https://image.tmdb.org/t/p/w1280/4FJXodkWGnse5D8bvwmYSs9cmt1.jpg</thumbnail>
<fanart>https://image.tmdb.org/t/p/w1000_and_h563_face/wWb5eCHR7dxYSCQPFKuX05MKwLX.jpg</fanart>
</item>
<item>
	<title>[COLOR=white]Constantine[/COLOR]</title>
	<meta>
	<imdb>tt0360486</imdb>
	<content>movie</content>
	<title>Constantine</title>
	<year>2005</year>
	</meta>
	<link>
	<sublink>https://uptostream.com/yhixh2efbre0(720p)</sublink>
	<sublink>https://uptostream.com/wcgtpcb3dpx2(1080p)</sublink>
	<sublink>search</sublink>
	<sublink>searchsd</sublink>
	</link>
	<thumbnail>https://image.tmdb.org/t/p/w1280/9Q6bzCQ19sJkQ9IIfT3ybf24aFL.jpg</thumbnail>
	<fanart>https://image.tmdb.org/t/p/w1280/y6UDPkSAcO08O9dmijgZ7tYw4HK.jpg</fanart>
</item>
<item>
	<title>[COLOR=white]Descent[/COLOR]</title>
	<meta>
	<imdb>tt0435625</imdb>
	<content>movie</content>
	<title>Descent</title>
	<year>2005</year>
	</meta>
	<link>
	<sublink>https://uptostream.com/4ne34fp1b5y7(720p)</sublink>
	<sublink>search</sublink>
	<sublink>searchsd</sublink>
	</link>
	<thumbnail>https://image.tmdb.org/t/p/w1280/ldzNyitGjBLjjOzLTaQyYDMVDF1.jpg</thumbnail>
	<fanart>https://image.tmdb.org/t/p/w1000_and_h563_face/zc3UoWmT8E0gwUd1Isu3xDGOnr.jpg</fanart>
</item>
<item>
	<title>Amityville Horror-2005</title>
<meta>
<content>movie</content>
<imdb>tt0384806</imdb>
<title>Amityville Horror</title>
<year>2005</year>
</meta>
<link>
<sublink>https://uptostream.com/7fdkmrsyf9z8(720p)</sublink>
<sublink>(1080p)</sublink>
<sublink>search</sublink>
<sublink>searchsd</sublink>
</link>
<thumbnail>https://image.tmdb.org/t/p/w1280/cZW2ajrHSiA0Ar2o00g4ezUYqZX.jpg</thumbnail>
<fanart>https://image.tmdb.org/t/p/w1000_and_h563_face/qo6Q2hUOTYvX2hgdEnCquFFuZNc.jpg</fanart>
</item>
<item>
	<title>[COLOR=white]Assault on Precinct 13[/COLOR]</title>
	<meta>
	<imdb>tt0398712</imdb>
	<content>movie</content>
	<title>Assault on Precinct 13</title>
	<year>2005</year>
	</meta>
	<link>
	<sublink>https://uptobox.com/o2wvszirzg95(720p)</sublink>
	<sublink>search</sublink>
	<sublink>searchsd</sublink>
	</link>
	<thumbnail>https://image.tmdb.org/t/p/w1280/slEQz6DLEQ7YbbDfjZYMEU0qBnK.jpg</thumbnail>
	<fanart>https://image.tmdb.org/t/p/w1280/gVDw8QG2uDOHEmUNGpHoIatkJdo.jpg</fanart>
</item>
<item>
	<title>The Chronicles of Narnia: The Lion, the Witch and the Wardrobe( 2005)</title>
<meta>
<content>movie</content>
<imdb>tt0363771</imdb>
<title>The Chronicles of Narnia: The Lion, the Witch and the Wardrobe</title>
<year>2005</year>
</meta>
<link>
<sublink>https://uptostream.com/uw6apmqieihj(720p)</sublink>
<sublink>https://uptostream.com/97xier7kzh65(1080p)</sublink>
<sublink>search</sublink>
<sublink>searchsd</sublink>
</link>
<thumbnail>https://image.tmdb.org/t/p/w1280/l8RKDgjl9co0IgFZblxhtIOi5Uj.jpg</thumbnail>
<fanart>https://image.tmdb.org/t/p/w1000_and_h563_face/fhnQrb9DeFbq7SdFPC2axuqZMEb.jpg</fanart>
</item>
<item>
	<title>[COLOR=white]The Island[/COLOR]</title>
	<meta>
	<imdb>tt0399201</imdb>
	<content>movie</content>
	<title>The Island</title>
	<year>2005</year>
	</meta>
	<link>
	<sublink>https://uptobox.com/7hluhodggten(720p)</sublink>
	<sublink>https://uptobox.com/byjxnxcigq69(1080p)</sublink>
	<sublink>search</sublink>
	<sublink>searchsd</sublink>
	</link>
	<thumbnail>https://image.tmdb.org/t/p/w1280/zE9OTe7JvcX1jyFXs0GEL2f3RkZ.jpg</thumbnail>
	<fanart>https://image.tmdb.org/t/p/w1280/7gckgf6lmlKsjtkmS8O0oT3iEev.jpg</fanart>
</item>
<item>
	<title>War of the Worlds</title>
<meta>
<content>movie</content>
<imdb>tt0407304</imdb>
<title>War of the Worlds</title>
<year>2005</year>
</meta>
<link>
<sublink>https://uptostream.com/y9huusid8heg(720p)</sublink>
<sublink>https://uptostream.com/9d27pfre0tqh(1080p)</sublink>
<sublink>search</sublink>
<sublink>searchsd</sublink>
</link>
<thumbnail>https://image.tmdb.org/t/p/w1280/xXMM9KY2eq1SDOQif9zO91YOBA8.jpg</thumbnail>
<fanart>https://image.tmdb.org/t/p/w1000_and_h563_face/AssNSBTmiYXpseW659qNw3ngTC0.jpg</fanart>
</item>
<item>
	<title>[COLOR=white]State Property 2[/COLOR]</title>
	<meta>
	<imdb>tt0403537</imdb>
	<content>movie</content>
	<title>State Property 2</title>
	<year>2005</year>
	</meta>
	<link>
	<sublink>https://uptobox.com/c7qwt5gny082</sublink>
	<sublink>search</sublink>
	<sublink>searchsd</sublink>
	</link>
	<thumbnail>https://image.tmdb.org/t/p/w1280/plp9AHFlFghfmMESJyPmsJnhQao.jpg</thumbnail>
	<fanart>https://image.tmdb.org/t/p/w1280/iiLnhJRUQsmpAVeSwWRoGGnG29T.jpg</fanart>
</item>
<item>
	<title>Just Friends (2005)</title>
<meta>
<content>movie</content>
<imdb>tt0433400</imdb>
<title>Just Friends</title>
<year>2005</year>
</meta>
<link>
<sublink>https://uptobox.com/rdtuyivb0ljc(540P)</sublink>
<sublink>https://uptobox.com/lu7hgp2fkung(720P)</sublink>
<sublink>search</sublink>
<sublink>searchsd</sublink>
</link>
<thumbnail>https://image.tmdb.org/t/p/w600_and_h900_bestv2/cyih5NtdEXF0uSGWJFWgiIEQknb.jpg</thumbnail>
<fanart>https://image.tmdb.org/t/p/original/8IMJjUMkkydiNUoVws5w9fl0h5.jpg</fanart>
</item>
<item>
	<title>Waiting... (2005)</title>
<meta>
<content>movie</content>
<imdb>tt0348333</imdb>
<title>Waiting...</title>
<year>2005</year>
</meta>
<link>
<sublink>https://uptobox.com/mon9pjgdf0vc(540P)</sublink>
<sublink>https://uptobox.com/2xyobgw6u196(720P)</sublink>
<sublink>https://uptobox.com/gsy9vik96xts(1080P)</sublink>
<sublink>search</sublink>
<sublink>searchsd</sublink>
</link>
<thumbnail>https://image.tmdb.org/t/p/w600_and_h900_bestv2/3cyqShU9PGMtTpQgnV7Um3nEOmk.jpg</thumbnail>
<fanart>https://image.tmdb.org/t/p/original/eBHZQOzXAJCAjtJtX2yiiN6G0Mq.jpg</fanart>
</item>
<item>
	<title>Are We There Yet (2005)</title>
<meta>
<content>movie</content>
<imdb>tt0368578</imdb>
<title>Are We There Yet</title>
<year>2005</year>
</meta>
<link>
<sublink>https://uptostream.com/tzkhz69h87v9(720p)</sublink>
<sublink>https://uptostream.com/8ngypu77gho5(1080p)</sublink>
<sublink>search</sublink>
<sublink>searchsd</sublink>
</link>
<thumbnail>https://image.tmdb.org/t/p/w1280/e081B8b8ZCAfeyof5Zm6dNwJOmp.jpg</thumbnail>
<fanart>https://image.tmdb.org/t/p/w700_and_h392_bestv2/iBBJ9RFQlaqyhcs4MaYPqN1dPIA.jpg</fanart>
</item>
<item>
	<title>Guess Who (2005)</title>
<meta>
<content>movie</content>
<imdb>tt0372237</imdb>
<title>Guess Who</title>
<year>2005</year>
</meta>
<link>
<sublink>https://uptostream.com/35scvcjkv196</sublink>
<sublink>search</sublink>
<sublink>searchsd</sublink>
</link>
<thumbnail>https://image.tmdb.org/t/p/w1280/edxlUrSaeVYkG1VfQlceXcWeRdR.jpg</thumbnail>
<fanart>https://image.tmdb.org/t/p/original/78ccwmm9r0PhiPY50GQGzHUY4jW.jpg</fanart>
</item>
<item>
	<title>Four Brothers (2005)</title>
<meta>
<content>movie</content>
<imdb>tt0430105</imdb>
<title>Four Brothers</title>
<year>2005</year>
</meta>
<link>
<sublink>https://uptostream.com/b28gqn57zfcw</sublink>
<sublink>search</sublink>
<sublink>searchsd</sublink>
</link>
<thumbnail>https://image.tmdb.org/t/p/w1280/spb6ir8Z1PzheaxagpCELAhZG4O.jpg</thumbnail>
<fanart>https://image.tmdb.org/t/p/w700_and_h392_bestv2/atnxWxIOFLzUfmR8hLuNMObeuWY.jpg</fanart>
</item>
<item>
	<title>The Longest Yard (2005)</title>
<meta>
<content>movie</content>
<imdb>tt0398165</imdb>
<title>The Longest Yard</title>
<year>2005</year>
</meta>
<link>
<sublink>https://uptostream.com/kbf6uuw0hxz1</sublink>
<sublink></sublink>
<sublink>search</sublink>
<sublink>searchsd</sublink>
</link>
<thumbnail>https://image.tmdb.org/t/p/w1280/ag6q9euZABqbHtbDhoRT9xEYltP.jpg</thumbnail>
<fanart>https://image.tmdb.org/t/p/original/9lrM0o89ASyHmDgMLfCbU5qdsAm.jpg</fanart>
</item>
<item>
	<title>[COLOR=white]Cinderella Man[/COLOR]</title>
	<meta>
	<imdb>tt0352248</imdb>
	<content>movie</content>
	<title>Cinderella Man</title>
	<year>2005</year>
	</meta>
	<link>
	<sublink>https://uptostream.com/3jti1na4ltfe</sublink>
	<sublink>search</sublink>
	<sublink>searchsd</sublink>
	</link>
	<thumbnail>https://image.tmdb.org/t/p/w1280/xZhumK43Z6jmwCWglh7uHcpkqdb.jpg</thumbnail>
	<fanart>https://image.tmdb.org/t/p/w1280/ozvvHdadtBYpExCwAjsNPSjV6hT.jpg</fanart>
</item>
