<item>
	<title>Cars (2006)</title>
<meta>
<content></content>
<imdb>tt0317219</imdb>
<title>Cars</title>
<year>2006</year>
</meta>
<link>
<sublink>https://uptostream.com/95ii7vv5zpr7(720p)</sublink>
<sublink>https://uptostream.com/rxbrhpiog15i(1080p)</sublink>
<sublink>search</sublink>
<sublink>searchsd</sublink>
</link>
<thumbnail>https://image.tmdb.org/t/p/w600_and_h900_bestv2/5damnMcRFKSjhCirgX3CMa88MBj.jpg</thumbnail>
<fanart>https://image.tmdb.org/t/p/original/bKr8bAMQkcWtwKv9RS4ARAYwPJQ.jpg</fanart>
</item>
<item>
	<title>[COLOR=white]Garfield A Tail of Two Kitties[/COLOR]</title>
	<meta>
	<imdb>tt0455499</imdb>
	<content>movie</content>
	<title>Garfield A Tail of Two Kitties</title>
	<year>2006</year>
	</meta>
	<link>
	<sublink>https://uptobox.com/j4rbekcgdrvx(1080p)</sublink>
	<sublink>search</sublink>
	<sublink>searchsd</sublink>
	</link>
	<thumbnail>https://image.tmdb.org/t/p/w1280/aagx3t2Xv7R26hcqzrayTT28Yww.jpg</thumbnail>
	<fanart>https://image.tmdb.org/t/p/w1280/krMn4dSfYlhizlvv7tDOyxb69X4.jpg</fanart>
</item>
<item>
	<title>[COLOR=white]Open Season[/COLOR]</title>
	<meta>
	<imdb>tt0400717</imdb>
	<content>movie</content>
	<title>Open Season</title>
	<year>2006</year>
	</meta>
	<link>
	<sublink>https://uptobox.com/y6aac8p6ai0o</sublink>
	<sublink>search</sublink>
	<sublink>searchsd</sublink>
	</link>
	<thumbnail>https://image.tmdb.org/t/p/w1280/9TY3wQPNhZ60Mng0JetKEOfXqxU.jpg</thumbnail>
	<fanart>https://image.tmdb.org/t/p/w1280/7bmzhqOJ9TGXUU5d4pqYUWl3YZ8.jpg</fanart>
</item>
<item>
	<title>The Fast and the Furious: Tokyo Drift (2006)</title>
<meta>
<content>movie</content>
<imdb>tt0463985</imdb>
<title>The Fast and the Furious: Tokyo Drift</title>
<year>2006</year>
</meta>
<link>
<sublink>https://uptobox.com/kgg9z1e06r97</sublink>
<sublink>search</sublink>
<sublink>searchsd</sublink>
</link>
<thumbnail>https://image.tmdb.org/t/p/w600_and_h900_bestv2/f9V0iTSYwnxW6tPIjSE7jrGC7eP.jpg</thumbnail>
<fanart>https://image.tmdb.org/t/p/original/fpXfNPUbdjYzlRxs4HN3FnbA21y.jpg</fanart>
</item>
<item>
	<title>[COLOR=white]V for Vendetta[/COLOR]</title>
	<meta>
	<imdb>tt0434409</imdb>
	<content>movie</content>
	<title>V for Vendetta</title>
	<year>2006</year>
	</meta>
	<link>
	<sublink>https://uptobox.com/ufwj1bqpi3fg(720p)</sublink>
	<sublink>search</sublink>
	<sublink>searchsd</sublink>
	</link>
	<thumbnail>https://image.tmdb.org/t/p/w1280/8rI9pNiTmugkEbI249evLygl9TC.jpg</thumbnail>
	<fanart>https://image.tmdb.org/t/p/w1280/gcxpeba5CtUA8Jkwio8sNZyimEC.jpg</fanart>
</item>
<item>
	<title>[COLOR=white]Flags of Our Fathers[/COLOR]</title>
	<meta>
	<imdb>tt0418689</imdb>
	<content>movie</content>
	<title>Flags of Our Fathers</title>
	<year>2006</year>
	</meta>
	<link>
	<sublink>https://uptobox.com/75mbo2y575fk(720p)</sublink>
	<sublink>search</sublink>
	<sublink>searchsd</sublink>
	</link>
	<thumbnail>https://image.tmdb.org/t/p/w1280/4tbKYa8vZSsTCHKca9D6rS4NJ08.jpg</thumbnail>
	<fanart>https://image.tmdb.org/t/p/w1280/Zl6NIsHLunLAOS4sMoKQwSPDiI.jpg</fanart>
</item>
<item>
	<title>[COLOR=white]Letters from Iwo Jima[/COLOR]</title>
	<meta>
	<imdb>tt0498380</imdb>
	<content>movie</content>
	<title>Letters from Iwo Jima</title>
	<year>2006</year>
	</meta>
	<link>
	<sublink>https://uptobox.com/2hf2inf8cun6(720p)</sublink>
	<sublink>search</sublink>
	<sublink>searchsd</sublink>
	</link>
	<thumbnail>https://image.tmdb.org/t/p/w1280/nWJJqOryTQOmVXvKUkLcEETUHgT.jpg</thumbnail>
	<fanart>https://image.tmdb.org/t/p/w1280/iMiKWZFILSbzwFWdp30mS1HciT7.jpg</fanart>
</item>
<item>
	<title>Inside Man</title>
<meta>
<content>movie</content>
<imdb>tt0454848</imdb>
<title>Inside Man</title>
<year>2006</year>
</meta>
<link>
<sublink>https://uptostream.com/81ymootv79p6(720p)</sublink>
<sublink>https://uptostream.com/gjms5zxq7b8e(1080p)</sublink>
<sublink>search</sublink>
<sublink>searchsd</sublink>
</link>
<thumbnail>https://image.tmdb.org/t/p/w1280/z6wYRuvk1lf60R4SmWETfdUvGsm.jpg</thumbnail>
<fanart>https://image.tmdb.org/t/p/w1000_and_h563_face/hoNCTRvei5oMvhpH9VW2fTgY7XU.jpg</fanart>
</item>
<item>
	<title>Deja Vu (2006)</title>
<meta>
<content>movie</content>
<imdb>tt0453467</imdb>
<title>Deja Vu</title>
<year>2006</year>
</meta>
<link>
<sublink>https://uptostream.com/0dpngbjrexb2</sublink>
<sublink>search</sublink>
<sublink>searchsd</sublink>
</link>
<thumbnail>https://image.tmdb.org/t/p/w1280/abqvTL8xYQLgAtQGmyN7UxvCRGN.jpg</thumbnail>
<fanart>https://image.tmdb.org/t/p/w700_and_h392_bestv2/udYVNeQM0ygtpy6j06bQg3JP2Vl.jpg</fanart>
</item>
<item>
	<title>The Rock (2006)</title>
<meta>
<content>movie</content>
<imdb>tt0117500</imdb>
<title>The Rock</title>
<year>2006</year>
</meta>
<link>
<sublink>https://uptostream.com/4d96qazl3upo(720p)</sublink>
<sublink>https://uptostream.com/p8ld9tqzjej4(1080p)</sublink>
<sublink>search</sublink>
<sublink>searchsd</sublink>
</link>
<thumbnail>https://image.tmdb.org/t/p/w1280/pAVaLJQBRM4JlZEGXvezwbxOd15.jpg</thumbnail>
<fanart>https://image.tmdb.org/t/p/w700_and_h392_bestv2/8Tv9KJApHcwJzn6wR9LcW3r5a5w.jpg</fanart>
</item>
<item>
	<title>Crank (2006)</title>
<meta>
<content></content>
<imdb>tt0479884</imdb>
<title>Crank</title>
<year>2006</year>
</meta>
<link>
<sublink>https://uptobox.com/6ictr4maj9if</sublink>
<sublink>search</sublink>
<sublink>searchsd</sublink>
</link>
<thumbnail>https://image.tmdb.org/t/p/w600_and_h900_bestv2/6RnD3Zfh0tO0cD2vroWyH0F98Ej.jpg</thumbnail>
<fanart>https://image.tmdb.org/t/p/original/nCBzFfe5RDPzAmLp64I2wOYGPPY.jpg</fanart>
</item>
<item>
	<title>Accepted (2006)</title>
<meta>
<content>movie</content>
<imdb>tt0384793</imdb>
<title>Accepted</title>
<year>2006</year>
</meta>
<link>
<sublink>https://uptobox.com/5alzk0y0mn49</sublink>
<sublink></sublink>
<sublink>search</sublink>
<sublink>searchsd</sublink>
</link>
<thumbnail>https://image.tmdb.org/t/p/w600_and_h900_bestv2/2GaDZYNy3GgraGfn54FWUSrxPiF.jpg</thumbnail>
<fanart>https://image.tmdb.org/t/p/original/p6RwfhYGPUsqf4D0fz5O9KqtSsi.jpg</fanart>
</item>
<item>
	<title>Facing the Giants (2006)</title>
<meta>
<content>movie</content>
<imdb></imdb>
<title>Facing the Giants</title>
<year>2006</year>
</meta>
<link>
<sublink>https://uptostream.com/4iprdlpreu7p(720p)</sublink>
<sublink>https://uptostream.com/faoad5aa65if(1080p)</sublink>
<sublink>search</sublink>
<sublink>searchsd</sublink>
</link>
<thumbnail>https://image.tmdb.org/t/p/w1280/dHh6Bw9LsUYAPv5CsSCp5JF8tHx.jpg</thumbnail>
<fanart>https://image.tmdb.org/t/p/original/qSC42KWthz7bPxQiuv5DD5Musoo.jpg</fanart>
</item>
<item>
	<title>Remember The Titans (2006)</title>
<meta>
<content>movie</content>
<imdb>tt0210945</imdb>
<title>Remember The Titans</title>
<year>2006</year>
</meta>
<link>
<sublink>https://uptostream.com/4d96qazl3upo(720p)</sublink>
<sublink>https://uptostream.com/i92eda365css(1080p)</sublink>
<sublink>search</sublink>
<sublink>searchsd</sublink>
</link>
<thumbnail>https://image.tmdb.org/t/p/w1280/iI12IRzif2VjTkQJRDQw3WyWKdS.jpg</thumbnail>
<fanart>https://image.tmdb.org/t/p/original/2c5rkSPvdLfB0uzuHUtJiZ1sIC8.jpg</fanart>
</item>
<item>
	<title>Talladega Nights: The Ballad of Ricky Bobby (2006)</title>
<meta>
<content>movie</content>
<imdb>tt0415306</imdb>
<title>Talladega Nights: The Ballad of Ricky Bobby</title>
<year>2006</year>
</meta>
<link>
<sublink>https://uptostream.com/esr19nny55hn</sublink>
<sublink></sublink>
<sublink>search</sublink>
<sublink>searchsd</sublink>
</link>
<thumbnail>https://image.tmdb.org/t/p/w1280/hi8whfL7t6cL2LITLJjzJ7UWuZA.jpg</thumbnail>
<fanart>https://image.tmdb.org/t/p/original/glBFNYHKkOZpKBe7Io5mjUcGekV.jpg</fanart>
</item>
<item>
	<title>Glory Road(2006)</title>
<meta>
<content>movie</content>
<imdb>tt0385726</imdb>
<title>Glory Road</title>
<year>2006</year>
</meta>
<link>
<sublink>https://uptostream.com/aq0mlfct7spf(720p)</sublink>
<sublink></sublink>
<sublink>search</sublink>
<sublink>searchsd</sublink>
</link>
<thumbnail>https://image.tmdb.org/t/p/w1280/bGRSV5tStxDNPRLCewnOeeiZzrY.jpg</thumbnail>
<fanart>https://image.tmdb.org/t/p/original/cQof2H4FtEuzHOInFZd7ivYoByd.jpg</fanart>
</item>
<item>
	<title>[COLOR=white]Gridiron Gang[/COLOR]</title>
	<meta>
	<imdb>tt0421206</imdb>
	<content>movie</content>
	<title>Gridiron Gang</title>
	<year>2006</year>
	</meta>
	<link>
	<sublink>https://uptostream.com/tw18s99gyrvx(720p)</sublink>
	<sublink>search</sublink>
	<sublink>searchsd</sublink>
	</link>
	<thumbnail>https://image.tmdb.org/t/p/w1280/8UlDsCPjAfg15L5Sgkcmy8rv1rg.jpg</thumbnail>
	<fanart>https://image.tmdb.org/t/p/w1280/mcGCoUn02yCQbv2dPJt6JFiiy3k.jpg</fanart>
</item>
<item>
	<title>[COLOR=white]We Are Marshall[/COLOR]</title>
	<meta>
	<imdb>tt0758794</imdb>
	<content>movie</content>
	<title>We Are Marshall</title>
	<year>2006</year>
	</meta>
	<link>
	<sublink>https://uptostream.com/dssk1uecf8qb</sublink>
	<sublink>search</sublink>
	<sublink>searchsd</sublink>
	</link>
	<thumbnail>https://image.tmdb.org/t/p/w1280/5QElczp80krYemPJwamBi9IZMd3.jpg</thumbnail>
	<fanart>https://image.tmdb.org/t/p/w1280/qZvPzSUI3qGlQtK1mVXt9Z6UCZA.jpg</fanart>
</item>
<item>
	<title>[COLOR=white]The Benchwarmers[/COLOR]</title>
	<meta>
	<imdb>tt0437863</imdb>
	<content>movie</content>
	<title>The Benchwarmers</title>
	<year>2006</year>
	</meta>
	<link>
	<sublink>https://uptostream.com/5env6l8v4uxp</sublink>
	<sublink>search</sublink>
	<sublink>searchsd</sublink>
	</link>
	<thumbnail>https://image.tmdb.org/t/p/w1280/zQy6T5qV0lvLkkKi5S9VIYykSQD.jpg</thumbnail>
	<fanart>https://image.tmdb.org/t/p/w1280/qmOjsNEFclQuld6s7Vfc1255dXK.jpg</fanart>
</item>
<item>
	<title>[COLOR=white]Invincible[/COLOR]</title>
	<meta>
	<imdb>tt0445990</imdb>
	<content>movie</content>
	<title>Invincible</title>
	<year>2006</year>
	</meta>
	<link>https://uptobox.com/4wijv03w5ove(720p)</link>
	<thumbnail>https://image.tmdb.org/t/p/w1280/yB6K696MEnZ79MBHdr2RvgPRpVL.jpg</thumbnail>
	<fanart>https://image.tmdb.org/t/p/w1280/fiyQ2uN60AEiOgjncHE9p8juD65.jpg</fanart>
</item>
