<item>
	<title>The Dark Knight (2008)</title>
<meta>
<content>movie</content>
<imdb>tt0468569</imdb>
<title>The Dark Knight</title>
<year>2008</year>
</meta>
<link>
<sublink>https://uptobox.com/qf1xbc5fbpsl</sublink>
<sublink>search</sublink>
<sublink>searchsd</sublink>
</link>
<thumbnail>https://image.tmdb.org/t/p/w600_and_h900_bestv2/1hRoyzDtpgMU7Dz4JF22RANzQO7.jpg</thumbnail>
<fanart>https://image.tmdb.org/t/p/original/pBqyLiqRGCO06x0b1auuC3mQ8dM.jpg</fanart>
</item>
<item>
	<title>The Incredible Hulk (2008)</title>
<meta>
<content>movie</content>
<imdb>tt0800080</imdb>
<title>The Incredible Hulk</title>
<year>2008</year>
</meta>
<link>
<sublink>https://uptostream.com/mfhjklalbajp(720p)</sublink>
<sublink>https://uptostream.com/pybydp4xb2dm(1080p)</sublink>
</link>
<thumbnail>https://image.tmdb.org/t/p/w1280/gCQ4e8klADtzoa6bL7XLPnjiUIg.jpg</thumbnail>
<fanart>https://image.tmdb.org/t/p/w700_and_h392_bestv2/7GLXvNAW2tdoeQNh7CsF30zU43M.jpg</fanart>
</item>
<item>
	<title>Iron Man (2008)</title>
<meta>
<content></content>
<imdb>tt0371746</imdb>
<title>Iron Man</title>
<year>2008</year>
</meta>
<link>
<sublink>https://uptostream.com/zdfm7ihzfhju(720p)</sublink>
<sublink>https://uptostream.com/x5z86p0u5rz1(1080p)</sublink>
<sublink>search</sublink>
<sublink>searchsd</sublink>
</link>
<thumbnail>https://image.tmdb.org/t/p/w1280/848chlIWVT41VtAAgyh9bWymAYb.jpg</thumbnail>
<fanart>https://image.tmdb.org/t/p/original/tZJy43BzhJQJUhMKHP0oDgoNqZV.jpg</fanart>
</item>
<item>
	<title>[COLOR=white]Hellboy II: The Golden Army[/COLOR]</title>
	<meta>
	<imdb>tt0411477</imdb>
	<content>movie</content>
	<title>Hellboy II: The Golden Army</title>
	<year>2008</year>
	</meta>
	<link>
	<subink>https://uptostream.com/lr4t2992v5a6(720p)</sublink>
	<sublink>https://uptostream.com/hwfrrj2i3vch(1080p)</sublink>
	<sublink>search</sublink>
	<sublink>searchsd</sublink>
	</link>
	<thumbnail>https://image.tmdb.org/t/p/w1280/fFcZqnWDeQsImDAAIyAimc3SGEl.jpg</thumbnail>
	<fanart>https://image.tmdb.org/t/p/w1280/ePokSUzeMxG3CLYRseg0rIGWCsr.jpg</fanart>
</item>
<item>
	<title>[COLOR=white]Hancock[/COLOR]</title>
	<meta>
	<imdb>tt0448157</imdb>
	<content>movie</content>
	<title>Hancock</title>
	<year>2008</year>
	</meta>
	<link>
	<sublink>https://uptostream.com/xvokzhfoitgt(1080p)</sublink>
	<sublink>search</sublink>
	<sublink>searchsd</sublink>
	</link>
	<thumbnail>https://image.tmdb.org/t/p/w1280/dsCxSr4w3g2ylhlZg3v5CB5Pid7.jpg</thumbnail>
	<fanart>https://image.tmdb.org/t/p/w1280/x9a4Q6Qlgh9Fk1f5z6K4r5OeLd9.jpg</fanart>
</item>
<item>
	<title>WALL·E (2008)</title>
<meta>
<content>movie</content>
<imdb>tt0910970</imdb>
<title>WALL·E</title>
<year>2008</year>
</meta>
<link>
<sublink>https://uptobox.com/jsxcph3ljig0</sublink>
<sublink>search</sublink>
<sublink>searchsd</sublink>
</link>
<thumbnail>https://image.tmdb.org/t/p/w600_and_h900_bestv2/9cJETuLMc6R0bTWRA5i7ctY9bxk.jpg</thumbnail>
<fanart>https://image.tmdb.org/t/p/original/el3mv6H7D7yH2qhtuJG1PT3dwot.jpg</fanart>
</item>
<item>
	<title>Untraceable (2008)</title>
<meta>
<content>movie</content>
<imdb>tt0880578</imdb>
<title>Untracceable</title>
<year>2008</year>
</meta>
<link>
<sublink>https://uptostream.com/lpn6llks8rj4</sublink>
<sublink>search</sublink>
<sublink>searchsd</sublink>
</link>
<thumbnail>https://image.tmdb.org/t/p/w1280/IgwOu2V3WgEUBmwL8SIeK7AzUX.jpg</thumbnail>
<fanart>https://image.tmdb.org/t/p/w700_and_h392_bestv2/eXuIPt9I1xuaVddlgzEQRC2EMnJ.jpg</fanart>
</item>
<item>
	<title>Wanted (2008)</title>
<meta>
<content>movie</content>
<imdb>tt0493464</imdb>
<title>Wanted</title>
<year>2008</year>
</meta>
<link>
<sublink>https://uptobox.com/hv4gkbwqpgwz</sublink>
<sublink>search</sublink>
<sublink>searchsd</sublink>
</link>
<thumbnail>https://image.tmdb.org/t/p/w600_and_h900_bestv2/mUrkppyahzk6koYFekxeu0tmcPd.jpg</thumbnail>
<fanart>https://image.tmdb.org/t/p/original/ieOhkErfKDOBy7Nu13z4yHdJx2j.jpg</fanart>
</item>
<item>
	<title>[COLOR=white]One Missed Call[/COLOR]</title>
	<meta>
	<imdb>tt0479968</imdb>
	<content>movie</content>
	<title>One Missed Call</title>
	<year>2008</year>
	</meta>
	<link>
	<sublink>https://uptostream.com/sew8wb3as53v(720p)</sublink>
	<sublink>search</sublink>
	<sublink>searchsd</sublink>
	</link>
	<thumbnail>https://image.tmdb.org/t/p/w1280/qdGRVppdGVzV0P8fa8c9Aeae3J6.jpg</thumbnail>
	<fanart>https://image.tmdb.org/t/p/w1280/nLYWGdr9gYwI9Y95K8ehIcV4EXS.jpg</fanart>
</item>
<item>
	<title>Eden Lake (2008)</title>
<meta>
<content></content>
<imdb>tt1020530</imdb>
<title>Eden Lake</title>
<year>2008</year>
</meta>
<link>
<sublink>https://uptostream.com/b6b4scovblqj(720p)</sublink>
<sublink>https://uptostream.com/to1k0owvsvml(1080p)</sublink>
<sublink>search</sublink>
<sublink>searchsd</sublink>
</link>
<thumbnail>https://image.tmdb.org/t/p/w1280/lvNbbYrN5tNuCjyHP7uKgZD5ZFL.jpg</thumbnail>
<fanart>https://image.tmdb.org/t/p/original/a3kcX4vbA4Gxwiakrou6BTnwpNB.jpg</fanart>
</item>
<item>
	<title>Mirrors (2008)</title>
<meta>
<content></content>
<imdb>tt0790686</imdb>
<title>Mirrors (2008)</title>
<year>2008</year>
</meta>
<link>
<sublink>https://uptostream.com/v9s75gqods64</sublink>
<sublink>search</sublink>
<sublink>searchsd</sublink>
</link>
<thumbnail>https://image.tmdb.org/t/p/w1280/h0Lf0PoLqvcDDpWhvCpiLGSREmp.jpg</thumbnail>
<fanart>https://image.tmdb.org/t/p/original/v2t6Zbg6X0LeklL3A5iQsz4p4sh.jpg</fanart>
</item>
<item>
	<title>[COLOR=white]The Other Man[/COLOR]</title>
	<meta>
	<imdb>tt0974613</imdb>
	<content>movie</content>
	<title>The Other Man</title>
	<year>2008</year>
	</meta>
	<link>
	<sublink>https://uptobox.com/p3r9fbtyrbkf</sublink>
	<sublink>search</sublink>
	<sublink>searchsd</sublink>
	</link>
	<thumbnail>https://image.tmdb.org/t/p/w1280/g3n5bx8Fl6NBSbpEXBkTDeJcoNI.jpg</thumbnail>
	<fanart>https://image.tmdb.org/t/p/w1280/bmyAn0ff2YLmcxM2lg3EJZdPZi.jpg</fanart>
</item>
<item>
	<title>[COLOR=white]21[/COLOR]</title>
	<meta>
	<imdb>tt0478087</imdb>
	<content>movie</content>
	<title>21</title>
	<year>2008</year>
	</meta>
	<link>
	<sublink>https://uptobox.com/qlskbiqk8aa3</sublink>
	<sublink>search</sublink>
	<sublink>searchsd</sublink>
	</link>
	<thumbnail>https://image.tmdb.org/t/p/w1280/4zKAgycQDJD2zIkmPYV3aMR8tEy.jpg</thumbnail>
	<fanart>https://image.tmdb.org/t/p/w1280/3quapHSlorOsbkh0b6IgyCGIBni.jpg</fanart>
</item>
<item>
	<title>Eagle Eye (2008)</title>
<meta>
<content>movie</content>
<imdb>tt105978</imdb>
<title>Eagle Eye</title>
<year>2008</year>
</meta>
<link>
<sublink>https://uptostream.com/jm6bjt0h8iux</sublink>
<sublink>search</sublink>
<sublink>searchsd</sublink>
</link>
<thumbnail>https://image.tmdb.org/t/p/w1280/ej1yxLuhME7PJyGsXJjEMcQGI37.jpg</thumbnail>
<fanart>https://image.tmdb.org/t/p/w700_and_h392_bestv2/z77qoCZs95R6I4v1kiHRNcO5gxr.jpg</fanart>
</item>
<item>
	<title>The Chronicles of Narnia: Prince Caspian ( 2008)</title>
<meta>
<content>movie</content>
<imdb>tt1334439</imdb>
<title>The Chronicles of Narnia: Prince Caspian</title>
<year>2008</year>
</meta>
<link>
<sublink>https://uptostream.com/34lmdgsqwfa5(720p)</sublink>
<sublink>https://uptostream.com/vdqk2dyflknf(1080p)</sublink>
<sublink>search</sublink>
<sublink>searchsd</sublink>
</link>
<thumbnail>https://image.tmdb.org/t/p/w1280/kSSyzqw9C4wUggicG4D81XmptR1.jpg</thumbnail>
<fanart>https://image.tmdb.org/t/p/w1000_and_h563_face/6fw3jmpaA74FcstSTXFPm88n2Xj.jpg</fanart>
</item>
<item>
	<title>Taken (2008)</title>
<meta>
<content></content>
<imdb>tt0936501</imdb>
<title>Taken</title>
<year>2008</year>
</meta>
<link>
<sublink>https://uptobox.com/x40mben4popn</sublink>
<sublink>search</sublink>
<sublink>searchsd</sublink>
</link>
<thumbnail>https://image.tmdb.org/t/p/w600_and_h900_bestv2/3zlffXmo7QpVBc17QIJWrRfasVr.jpg</thumbnail>
<fanart>https://image.tmdb.org/t/p/original/aMbYR4epIMImnaJKLnSaZGnfZCM.jpg</fanart>
</item>
<item>
	<title>[COLOR=white]Body of Lies[/COLOR]</title>
	<meta>
	<imdb>tt0758774</imdb>
	<content>movie</content>
	<title>Body of Lies</title>
	<year>2008</year>
	</meta>
	<link>
	<sublink>https://uptobox.com/oqvpsp62e0ph</sublink>
	<sublink></sublink>
	<sublink>search</sublink>
	<sublink>searchsd</sublink>
	</link>
	<thumbnail>https://image.tmdb.org/t/p/w1280/ngQAEKZVpT0SD9i98ApEgsQKC52.jpg</thumbnail>
	<fanart>https://image.tmdb.org/t/p/w1280/8NKlqvUJ5IHk58KhM3Vwqp588jU.jpg</fanart>
</item>
<item>
	<title>[COLOR=white]Jumper[/COLOR]</title>
	<meta>
	<imdb>tt0489099</imdb>
	<content>movie</content>
	<title>Jumper</title>
	<year>2008</year>
	</meta>
	<link>
	<sublink>https://uptobox.com/mrndymshyed3(1080p)</sublink>
	<sublink>search</sublink>
	<sublink>searchsd</sublink>
	</link>
	<thumbnail>https://image.tmdb.org/t/p/w1280/3pPZ9JhNz3VMmASVir5SMHvTDUU.jpg</thumbnail>
	<fanart>https://image.tmdb.org/t/p/w1280/3gZ2iiqCqwVg7sKm2KUspzxfelQ.jpg</fanart>
</item>
<item>
	<title>[COLOR=white]Babylon A.D.[/COLOR]</title>
	<meta>
	<imdb>tt0364970</imdb>
	<content>movie</content>
	<title>Babylon A.D.</title>
	<year>2008</year>
	</meta>
	<link>
	<sublink>https://uptobox.com/rxhmeenhjp1e(720p)</sublink>
	<sublink>search</sublink>
	<sublink>searchsd</sublink>
	</link>
	<thumbnail>https://image.tmdb.org/t/p/w1280/eeoB2u438Z8b14HJn8TVe8X9F1U.jpg</thumbnail>
	<fanart>https://image.tmdb.org/t/p/w1280/jnrvQO04kdoxYzxzIc7VM1meads.jpg</fanart>
</item>
<item>
	<title>[COLOR=white]Ip Man[/COLOR]</title>
	<meta>
	<imdb>tt1220719</imdb>
	<content>movie</content>
	<title>Ip Man</title>
	<year>2008</year>
	</meta>
	<link>
	<sublink>https://uptobox.com/qc03v0zs7wcd(720P)</sublink>
	<sublink></sublink>
	<sublink>search</sublink>
	<sublink>searchsd</sublink>
	</link>
	<thumbnail>https://image.tmdb.org/t/p/w1280/wQqXSPg559WfdyHOVPPeNMBy5vv.jpg</thumbnail>
	<fanart>https://image.tmdb.org/t/p/w1280/lcRGF2RpurdvBiSQVocfzRrxV9u.jpg</fanart>
</item>
<item>
	<title>Welcome Home Roscoe Jenkins (2008)</title>
<meta>
<content></content>
<imdb>tt0494652</imdb>
<title>Welcome Home Roscoe Jenkins</title>
<year>2008</year>
</meta>
<link>
<sublink>https://uptostream.com/yz2lo84kg5k7</sublink>
<sublink>search</sublink>
<sublink>searchsd</sublink>
</link>
<thumbnail>https://image.tmdb.org/t/p/w1280/prEJsblCH8BnV3Km4FbALt7YCtc.jpg</thumbnail>
<fanart>https://image.tmdb.org/t/p/original/vg5FFqhKDet6xeEAvOnSHLNhAu6.jpg</fanart>
</item>
<item>
	<title>[COLOR=white]Tropic Thunder[/COLOR]</title>
  <meta>
  <imdb>tt0942385</imdb>
  <content>movie</content>
  <title>Tropic Thunder</title>
  <year>2008</year>
  </meta>
  <link>
  <sublink>https://uptobox.com/91g07qz51ncv(1080p)</sublink>
  <sublink>search</sublink>
  <sublink>searchsd</sublink>
  </link>
  <thumbnail>https://image.tmdb.org/t/p/w1280/zoWUdaaWKPDyr9b0il0YcggDWgJ.jpg</thumbnail>
  <fanart>https://image.tmdb.org/t/p/w1280/pr8sj9FozsiT45TMtkwFRWONNII.jpg</fanart>
</item>
<item>
	<title>[COLOR=white]What Happens in Vegas[/COLOR]</title>
	<meta>
	<imdb>tt1033643</imdb>
	<content>movie</content>
	<title>What Happens in Vegas</title>
	<year>2008</year>
	</meta>
	<link>
	<sublink>https://uptobox.com/i5csbnpjctks(720P)</sublink>
	<sublink></sublink>
	<sublink>search</sublink>
	<sublink>searchsd</sublink>
	</link>
	<thumbnail>https://image.tmdb.org/t/p/w1280/NWQmNdQwm7blsBNSdpWIfqkGte.jpg</thumbnail>
	<fanart>https://image.tmdb.org/t/p/w1280/925k5OHcumv1xYNwYnDdXiVPMTf.jpg</fanart>
</item>
<item>
	<title>[COLOR=white]Step Brothers[/COLOR]</title>
	<meta>
	<imdb>tt0838283</imdb>
	<content>movie</content>
	<title>Step Brothers</title>
	<year>2008</year>
	</meta>
	<link>
	<sublink>https://uptobox.com/a2njyvx2w3uw(720P)</sublink>
	<sublink>search</sublink>
	<sublink>searchsd</sublink>
	</link>
	<thumbnail>https://image.tmdb.org/t/p/w1280/tDFNUuYkQ4ZeAlrBHeTtimAumXo.jpg</thumbnail>
	<fanart>https://image.tmdb.org/t/p/w1280/n53EPBWZiz69sYzNDZmamYHdo6Q.jpg</fanart>
</item>
<item>
	<title>The Longshots (2008)</title>
<meta>
<content>movie</content>
<imdb>tt1091751</imdb>
<title>The Longshots</title>
<year>2008</year>
</meta>
<link>
<sublink>https://uptostream.com/lm9ic8ng61mh</sublink>
<sublink></sublink>
<sublink>search</sublink>
<sublink>searchsd</sublink>
</link>
<thumbnail>https://image.tmdb.org/t/p/w1280/1jceosX4OrGdjXstiVgvrxGwrYz.jpg</thumbnail>
<fanart>https://image.tmdb.org/t/p/original/kjh6Q9tpVKjq7IDOjhwbf3ZZAA2.jpg</fanart>
</item>
