<item>
	<title>[COLOR=white]Justice League: Crisis on Two Earths[/COLOR]</title>
	<meta>
	<imdb>tt1494772</imdb>
	<content>movie</content>
	<title>Justice League: Crisis on Two Earths</title>
	<year>2010</year>
	</meta>
	<link>
	<sublink>https://uptobox.com/8l0kzfabiq00</sublink>
	<sublink>search</sublink>
	<sublink>searchsd</sublink>
	</link>
	<thumbnail>https://image.tmdb.org/t/p/w1280/mImQPVPKNGlqPDmewsZ7TLvHND.jpg</thumbnail>
	<fanart>https://image.tmdb.org/t/p/w1280/m8pvzH17KRA4ChPjDDkU781oN8W.jpg</fanart>
</item>
<item>
	<title>[COLOR=white]Jonah Hex[/COLOR]</title>
	<meta>
	<imdb>tt1075747</imdb>
	<content>movie</content>
	<title>Jonah Hex</title>
	<year>2010</year>
	</meta>
	<link>
	<sublink>https://uptobox.com/nmjc4n64ur9f(720p)</sublink>
	<sublink>https://uptobox.com/g4xfqigm98vt(1080p)</sublink>
	<sublink>search</sublink>
	<sublink>searchsd</sublink>
	</link>
	<thumbnail>https://image.tmdb.org/t/p/w1280/fhpl0NYcwQ8oUmur30L0ANOay4L.jpg</thumbnail>
	<fanart>https://image.tmdb.org/t/p/w1280/igIZS6AiZl06faj2qpkcIhvJPoH.jpg</fanart>
</item>
<item>
	<title>Iron Man 2 (2010)</title>
<meta>
<content></content>
<imdb>tt1228705</imdb>
<title>Iron Man 2</title>
<year>2010</year>
</meta>
<link>
<sublink>https://uptostream.com/3grwz7v4tiv0(720p)</sublink>
<sublink>https://uptostream.com/qtb66gdoxmzt(1080p)</sublink>
<sublink>search</sublink>
<sublink>searchsd</sublink>
</link>
<thumbnail>https://image.tmdb.org/t/p/w1280/ArqpkNYGfcTIA6umWt6xihfIZZv.jpg</thumbnail>
<fanart>https://image.tmdb.org/t/p/original/5cnqRPoAflc1z05PTCDL6hBaeH2.jpg</fanart>
</item>
<item>
	<title>Kick-Ass (2010)</title>
<meta>
<content>movie</content>
<imdb>tt1250777</imdb>
<title>Kick Ass</title>
<year>2010</year>
</meta>
<link>
<sublink>https://uptobox.com/2wnj0yqt5x81</sublink>
<sublink>https://streamango.com/embed/edfldntmpcraatsc/</sublink>
<sublink>search</sublink>
<sublink>searchsd</sublink>
</link>
<thumbnail>https://image.tmdb.org/t/p/w600_and_h900_bestv2/yZFrniO6qSwjTCosStXweYtczGT.jpg</thumbnail>
<fanart>https://image.tmdb.org/t/p/original/mqRz1fy2yN6dd2cSmwvj8EFERM6.jpg</fanart>
</item>
<item>
	<title>Scott Pilgrim vs. the World (2010)</title>
<meta>
<content>movie</content>
<imdb>tt0446029</imdb>
<title>Scott Pilgrim vs. the World</title>
<year>2010</year>
</meta>
<link>
<sublink>https://uptobox.com/ti5cy0xodf96</sublink>
<sublink>https://streamango.com/embed/fqfqdcnfdqqnercp/</sublink>
<sublink>search</sublink>
<sublink>searchsd</sublink>
</link>
<thumbnail>https://image.tmdb.org/t/p/w600_and_h900_bestv2/lafRuPbjEQrrHG9QEaoyV2znZC.jpg</thumbnail>
<fanart>https://image.tmdb.org/t/p/original/9UBtFxBdWDtwMLX5brS45Ryo840.jpg</fanart>
</item>
<item>
	<title>Megamind</title>
<meta>
<content>movie</content>
<imdb>tt1001526</imdb>
<title>Megamind</title>
<year>2010</year>
</meta>
<link>
<sublink>https://uptostream.com/ldhj2xuha4eg(720p)</sublink>
<sublink>search</sublink>
<sublink>searchsd</sublink>
</link>
<thumbnail>https://image.tmdb.org/t/p/w1280/mws4hcv746iKsTv81sY393LY4YI.jpg</thumbnail>
<fanart>https://image.tmdb.org/t/p/w1000_and_h563_face/2L45t2NWz9CIakgq3LOKXnyG1j.jpg</fanart>
</item>
<item>
	<title>Home Alone (1990)</title>
<meta>
<content></content>
<imdb>tt0099785</imdb>
<title>Home Alone</title>
<year>2010</year>
</meta>
<link>
<sublink>https://uptostream.com/8vfei7c20j6b</sublink>
<sublink>search</sublink>
<sublink>searchsd</sublink>
</link>
<thumbnail>https://image.tmdb.org/t/p/w1280/5Lo3sWuvbO4AnrAHYBgB5U1Opqd.jpg</thumbnail>
<fanart>https://image.tmdb.org/t/p/original/6VDJkwvJrYkDKHGwTgMRH5qgQr9.jpg</fanart>
</item>
<item>
	<title>Shrek Forever After (2010)</title>
<meta>
<content>movie</content>
<imdb>tt0892791</imdb>
<title>Shrek Forever After</title>
<year>2010</year>
</meta>
<link>
<sublink>https://uptobox.com/c2fufg5uxczy</sublink>
<sublink>search</sublink>
<sublink>searchsd</sublink>
</link>
<thumbnail>https://image.tmdb.org/t/p/w600_and_h900_bestv2/enqVwbUu6OX5LHq0fuk7sLT35zy.jpg</thumbnail>
<fanart>https://image.tmdb.org/t/p/original/aD8iOuLlEiMfVlHTnAe15fZLo0S.jpg</fanart>
</item>
<item>
	<title>Despicable Me (2010)</title>
<meta>
<content>movie</content>
<imdb>tt1323594</imdb>
<title>Despicable Me</title>
<year>2010</year>
</meta>
<link>
<sublink>https://uptobox.com/iudduuycdbtv</sublink>
<sublink>search</sublink>
<sublink>searchsd</sublink>
</link>
<thumbnail>https://image.tmdb.org/t/p/w600_and_h900_bestv2/4zHJhBSY4kNZXfhTlmy2TzXD51M.jpg</thumbnail>
<fanart>https://image.tmdb.org/t/p/original/vpj81SuIhwLkcpt6KBMgDfDEBio.jpg</fanart>
</item>
<item>
	<title>[COLOR=white]Alice in Wonderland[/COLOR]</title>
	<meta>
	<imdb>tt1014759</imdb>
	<content>movie</content>
	<title>Alice in Wonderland</title>
	<year>2010</year>
	</meta>
	<link>
	<sublink>https://uptobox.com/znmff5gzw02p</sublink>
	<sublink>search</sublink>
	<sublink>searchsd</sublink>
	</link>
	<thumbnail>https://image.tmdb.org/t/p/w1280/pvEE5EN5N1yjmHmldfL4aJWm56l.jpg</thumbnail>
	<fanart>https://image.tmdb.org/t/p/w1280/AmCtBQc5KxJfJVdS2TkY4Pc9lPd.jpg</fanart>
</item>
<item>
	<title>Free Willy: Escape from Pirate's Cove (2010)</title>
<meta>
<content>movie</content>
<imdb>tt1394329</imdb>
<title>Free Willy: Escape from Pirate's Cove</title>
<year>2010</year>
</meta>
<link>
<sublink>https://uptobox.com/bwcku2bifbud(1080p)</sublink>
<sublink></sublink>
<sublink>search</sublink>
<sublink>searchsd</sublink>
</link>
<thumbnail>https://image.tmdb.org/t/p/w600_and_h900_bestv2/A1eBPIcUOwWMHjSuyvyxS9Jhbbu.jpg</thumbnail>
<fanart>https://image.tmdb.org/t/p/original/hcOJOOxfFXiLbx5U92L1Nw7tMkJ.jpg</fanart>
</item>
<item>
	<title>[COLOR=white]Knight and Day[/COLOR]</title>
	<meta>
	<imdb>tt1013743</imdb>
	<content>movie</content>
	<title>Knight and Day</title>
	<year>2010</year>
	</meta>
	<link>
	<sublink>https://uptostream.com/hsqqd1q8f5jh(720p)</sublink>
	<sublink>search</sublink>
	<sublink>searchsd</sublink>
	</link>
	<thumbnail>https://image.tmdb.org/t/p/w1280/aHEpzwXvMtIEMBE13tWXS5oHZ7d.jpg</thumbnail>
	<fanart>https://image.tmdb.org/t/p/w1280/sSeo9o603MABEbAv8BGkgbLn0om.jpg</fanart>
</item>
<item>
	<title>Insidious (2010)</title>
<meta>
<content></content>
<imdb>tt1591095</imdb>
<title>Insidious</title>
<year>2010</year>
</meta>
<link>
<sublink>https://uptostream.com/1wp1zgj7qp1q(720p)</sublink>
<sublink>https://uptostream.com/s8uzaogf31tw(1080p)</sublink>
<sublink>search</sublink>
<sublink>searchsd</sublink>
</link>
<thumbnail>https://image.tmdb.org/t/p/w600_and_h900_bestv2/6Tjg6DWVo2cpqDLxrOQNw1UvIMB.jpg</thumbnail>
<fanart>https://image.tmdb.org/t/p/original/2izY6Yylxagm2xxJilaIIAVBHOv.jpg</fanart>
</item>
<item>
	<title>Saw: The Final Chapter (2010)</title>
<meta>
<content>movie</content>
<imdb>tt1477076</imdb>
<title>Saw: The Final Chapter</title>
<year>2010</year>
</meta>
<link>
<sublink>https://uptobox.com/jhhme4wyrmik(1080p)</sublink>
<sublink></sublink>
<sublink>search</sublink>
<sublink>searchsd</sublink>
</link>
<thumbnail>https://image.tmdb.org/t/p/w600_and_h900_bestv2/mBQX4TCfDEk2a5mvu0Z0PFeFoUp.jpg</thumbnail>
<fanart>https://image.tmdb.org/t/p/original/9oGyEmKTMfNKC5SRbe6OA2Wy9Zj.jpg</fanart>
</item>
<item>
	<title>[COLOR=white]The Crazies[/COLOR]</title>
	<meta>
	<imdb>tt0455407</imdb>
	<content>movie</content>
	<title>The Crazies</title>
	<year>2010</year>
	</meta>
	<link>
	<sublink>https://uptobox.com/e574qe8nt05o(720P)</sublink>
	<sublink></sublink>
	<sublink>search</sublink>
	<sublink>searchsd</sublink>
	</link>
	<thumbnail>https://image.tmdb.org/t/p/w1280/s15bIs5uLEqPEQERH5YqjCjY6gd.jpg</thumbnail>
	<fanart>https://image.tmdb.org/t/p/w1280/9payiNC2a617CoAat8vxIRiVC1Z.jpg</fanart>
</item>
<item>
	<title>[COLOR=white]Legion[/COLOR]</title>
	<meta>
	<imdb>tt1038686</imdb>
	<content>movie</content>
	<title>Legion</title>
	<year>2010</year>
	</meta>
	<link>
	<sublink>https://uptostream.com/ntfdvx4ypszw(720p)</sublink>
	<sublink>search</sublink>
	<sublink>searchsd</sublink>
	</link>
	<thumbnail>https://image.tmdb.org/t/p/w1280/mXJJPsVfQdf0OWxgoWgDUFyzJQo.jpg</thumbnail>
	<fanart>https://image.tmdb.org/t/p/w1280/tNLqvS8Nqw2BayKrw2DdM1BA8lh.jpg</fanart>
</item>
<item>
	<title>[COLOR=white]Mirrors 2[/COLOR]</title>
	<meta>
	<imdb>tt1576699</imdb>
	<content>movie</content>
	<title>Mirrors 2</title>
	<year>2010</year>
	</meta>
	<link>
	<sublink>https://uptobox.com/ka7zzhnsug5i(720P)</sublink>
	<sublink>https://uptobox.com/m58gow9m8glg(1080P)</sublink>
	<sublink>search</sublink>
	<sublink>searchsd</sublink>
	</link>
	<thumbnail>https://image.tmdb.org/t/p/w1280/9eRiHmKWJd4qNJzoXqKEUCvHNs5.jpg</thumbnail>
	<fanart>https://image.tmdb.org/t/p/w1280/12T5sdSInLxMEVHFwrb9kyeHI7D.jpg</fanart>
</item>
<item>
	<title>Cast Away-2010</title>
<meta>
<content>movie</content>
<imdb>tt0162222</imdb>
<title>Cast Away</title>
<year>2010</year>
</meta>
<link>
<sublink>https://uptostream.com/mzg5uvahyf3u(720p)</sublink>
<sublink>https://uptostream.com/ohi9nnecm6ri(1080p)</sublink>
<sublink>search</sublink>
<sublink>searchsd</sublink>
</link>
<thumbnail>https://image.tmdb.org/t/p/w1280/w515BrZvczKIxbHurG6HIiYYrba.jpg</thumbnail>
<fanart>https://image.tmdb.org/t/p/w1000_and_h563_face/lDWk6l6iAEkCeSDVdS5wbTuMV9i.jpg</fanart>
</item>
<item>
	<title>RED</title>
<meta>
<content>movie</content>
<imdb>tt1245526</imdb>
<title>RED</title>
<year>2010</year>
</meta>
<link>
<sublink>https://uptostream.com/1es5f7292d6k(720p)</sublink>
<sublink>https://uptostream.com/lrtlxkhb2ere(1080p)</sublink>
<sublink>search</sublink>
<sublink>searchsd</sublink>
</link>
<thumbnail>https://image.tmdb.org/t/p/w1280/q2mwTRKrq1etP9S4SZVDIJq0wI2.jpg</thumbnail>
<fanart>https://image.tmdb.org/t/p/w1000_and_h563_face/ltOGow9Ljk77U72mNtk6qCNNQKV.jpg</fanart>
</item>
<item>
	<title>[COLOR=white]The Town[/COLOR]</title>
	<meta>
	<imdb>tt0840361</imdb>
	<content>movie</content>
	<title>The Town</title>
	<year>2010</year>
	</meta>
	<link>
	<sublink>https://uptobox.com/avs6k3icg7ab(720p)</sublink>
	<sublink>https://uptobox.com/srxnar3cqcob(1080p)</sublink>
	<sublink>search</sublink>
	<sublink>searchsd</sublink>
	</link>
	<thumbnail>https://image.tmdb.org/t/p/w1280/zX4fKmDXKGt4hlzhAJirdlRKFgO.jpg</thumbnail>
	<fanart>https://image.tmdb.org/t/p/w1280/zpaTddJYsrQApEnWxe783DNhTqD.jpg</fanart>
</item>
<item>
	<title>Percy Jackson & the Olympians: The Lightning Thie</title>
<meta>
<content>movie</content>
<imdb>tt0814255</imdb>
<title>Percy Jackson & the Olympians: The Lightning Thie</title>
<year>2010</year>
</meta>
<link>
<sublink>https://uptostream.com/gr07tnyrqox6(720p)</sublink>
<sublink>https://uptostream.com/0fnweukst8a4(1080p)</sublink>
<sublink>search</sublink>
<sublink>searchsd</sublink>
</link>
<thumbnail>https://image.tmdb.org/t/p/w1280/5NhyXkodMzDRW8uqtPqlxJsoBhf.jpg</thumbnail>
<fanart>https://image.tmdb.org/t/p/w1000_and_h563_face/zSgH0DB5l9D0KSbgaPpmKMlIBt3.jpg</fanart>
</item>
<item>
	<title>The Chronicles of Narnia: The Voyage of the Dawn Treader 2010</title>
<meta>
<content>movie</content>
<imdb>tt0980970</imdb>
<title>The Chronicles of Narnia: The Voyage of the Dawn Treader</title>
<year>2010</year>
</meta>
<link>
<sublink>https://uptostream.com/r72fubwkz1e5(720p)</sublink>
<sublink>https://uptostream.com/vguvue7qiw0c(1080p)</sublink>
<sublink>search</sublink>
<sublink>searchsd</sublink>
</link>
<thumbnail>https://image.tmdb.org/t/p/w1280/pRzEyrMSyvpHf92EhsVSg9Yr81t.jpg</thumbnail>
<fanart>https://image.tmdb.org/t/p/w1000_and_h563_face/fO2vcgnXSW8gAMWA2O67Lra2sMH.jpg</fanart>
</item>
<item>
	<title>[COLOR=white]All Good Things[/COLOR]</title>
	<meta>
	<imdb>tt1175709</imdb>
	<content>movie</content>
	<title>All Good Things</title>
	<year>2010</year>
	</meta>
	<link>
	<sublink>https://uptobox.com/yub6fm6oay74</sublink>
	<sublink>search</sublink>
	<sublink>searchsd</sublink>
	</link>
	<thumbnail>https://image.tmdb.org/t/p/w1280/vhK2BESu5lBskZqWCmtGaH24vDS.jpg</thumbnail>
	<fanart>https://image.tmdb.org/t/p/w1280/gnYou2YNreivwarZoGqf4YDgd0c.jpg</fanart>
</item>
<item>
	<title>[COLOR=white]Shutter Island[/COLOR]</title>
	<meta>
	<imdb>tt1130884</imdb>
	<content>movie</content>
	<title>Shutter Island</title>
	<year>2010</year>
	</meta>
	<link>
	<sublink>https://uptobox.com/v2iarin3fj2v(720p)</sublink>
	<sublink>https://uptobox.com/t98mtx3o7cfm(1080p)</sublink>
	<sublink>search</sublink>
	<sublink>searchsd</sublink>
	</link>
	<thumbnail>https://image.tmdb.org/t/p/w1280/aZqKsvpJDFy2UzUMsdskNFbfkOd.jpg</thumbnail>
	<fanart>https://image.tmdb.org/t/p/w1280/bcb3FYtLbuPgNYO4M1IY7rfeMal.jpg</fanart>
</item>
<item>
	<title>Inception-2010</title>
<meta>
<content>movie</content>
<imdb>tt1375666</imdb>
<title>Inception</title>
<year>2010</year>
</meta>
<link>
<sublink>https://uptostream.com/guib722eawdl(1080p)</sublink>
<sublink>search</sublink>
<sublink>searchsd</sublink>
</link>
<thumbnail>https://image.tmdb.org/t/p/w1280/qmDpIHrmpJINaRKAfWQfftjCdyi.jpg</thumbnail>
<fanart>https://image.tmdb.org/t/p/w1000_and_h563_face/zHl0p6NGVdJgFAEjtEZKhmq7EvM.jpg</fanart>
</item>
<item>
	<title>The Book of Eli-2010</title>
<meta>
<content>movie</content>
<imdb>tt1037705</imdb>
<title>The Book of Eli</title>
<year>2010</year>
</meta>
<link>
<sublink>https://uptostream.com/bdty1bw2jnvw(720p)</sublink>
<sublink>search</sublink>
<sublink>searchsd</sublink>
</link>
<thumbnail>https://image.tmdb.org/t/p/w1280/qL3FnEug9DyBcaBXVb0oT3DJMJu.jpg</thumbnail>
<fanart>https://image.tmdb.org/t/p/w1000_and_h563_face/yT91We6RqDDfM4q7RX1QTHaq5q4.jpg</fanart>
</item>
<item>
	<title>[COLOR=white]Prince of Persia: The Sands of Time[/COLOR]</title>
	<meta>
	<imdb>tt0473075</imdb>
	<content>movie</content>
	<title>Prince of Persia: The Sands of Time</title>
	<year>2010</year>
	</meta>
	<link>
	<sublink>https://uptobox.com/lkt5hx0qx6ht(720p)</sublink>
	<sublink>search</sublink>
	<sublink>searchsd</sublink>
	</link>
	<thumbnail>https://image.tmdb.org/t/p/w1280/dtjz9Z6MTsuFyrzqdwVB4dgHENA.jpg</thumbnail>
	<fanart>https://image.tmdb.org/t/p/w1280/2JK9IllXGo7V2PZzLmclkB5Cf8k.jpg</fanart>
</item>
<item>
	<title>[COLOR=white]Repeaters[/COLOR]</title>
	<meta>
	<imdb>tt1580426</imdb>
	<content>movie</content>
	<title>Repeaters</title>
	<year>2010</year>
	</meta>
	<link>
	<sublink>https://uptobox.com/flhr4gp4pxwd(720p)</sublink>
	<sublink>https://uptobox.com/7hu1pkkr3nff(1080p)</sublink>
	<sublink>search</sublink>
	<sublink>searchsd</sublink>
	</link>
	<thumbnail>https://image.tmdb.org/t/p/w1280/4UraWBzHrPWcNBikByBzHR4WF4q.jpg</thumbnail>
	<fanart>https://image.tmdb.org/t/p/w1280/t6UVFRxtmU2yZzbd8vZVeuXDG7.jpg</fanart>
</item>
<item>
	<title>[COLOR=white]Ip Man 2[/COLOR]</title>
	<meta>
	<imdb>tt1386932</imdb>
	<content>movie</content>
	<title>Ip Man 2</title>
	<year>2010</year>
	</meta>
	<link>
	<sublink>https://uptobox.com/g6hn54g8662k(720P)</sublink>
	<sublink>https://uptobox.com/poy5ss4baoo6(720P)</sublink>
	<sublink>search</sublink>
	<sublink>searchsd</sublink>
	</link>
	<thumbnail>https://image.tmdb.org/t/p/w1280/9mu13RSsvyDdlyD8TyjuQVrT0gM.jpg</thumbnail>
	<fanart>https://image.tmdb.org/t/p/w1280/ddIyFf15chpnCS5ayHoH1pgb80R.jpg</fanart>
</item>
<item>
	<title>[COLOR=white]The Legend Is Born Ip Man[/COLOR]</title>
	<meta>
	<imdb>tt1641638</imdb>
	<content>movie</content>
	<title>The Legend Is Born Ip Man</title>
	<year>2010</year>
	</meta>
	<link>
	<sublink>https://uptobox.com/d414fbyw4vn7(720P)</sublink>
	<sublink></sublink>
	<sublink>search</sublink>
	<sublink>searchsd</sublink>
	</link>
	<thumbnail>https://image.tmdb.org/t/p/w1280/309PfuM6jt1BAMcHsEchADl7Lsc.jpg</thumbnail>
	<fanart>https://image.tmdb.org/t/p/w1280/vMOhKge0XqT50ge49ZGA4th0C5Y.jpg</fanart>
</item>
<item>
	<title>Chloe (2010)</title>
<meta>
<content>movie</content>
<imdb>tt1352824</imdb>
<title>Chloe</title>
<year>2010</year>
</meta>
<link>https://uptostream.com/a75ltnpvc0r1
<sublink>search</sublink>
<sublink>searchsd</sublink>
</link>
<thumbnail>https://image.tmdb.org/t/p/w1280/myhXuEuFyDTaOLnqIirqR8ycZDo.jpg</thumbnail>
<fanart>https://image.tmdb.org/t/p/w700_and_h392_bestv2/zjRoIwyV1DI5dDswTn0oqR5Ooqu.jpg</fanart>
</item>
<item>
	<title>[COLOR=white]Love And Other Drugs[/COLOR]</title>
	<meta>
	<imdb>tt0758752</imdb>
	<content>movie</content>
	<title>Love & Other Drugs</title>
	<year>2010</year>
	</meta>
	<link>
	<sublink>https://uptobox.com/ikc5hw8t889o</sublink>
	<sublink>search</sublink>
	<sublink>searchsd</sublink>
	</link>
	<thumbnail>https://image.tmdb.org/t/p/w1280/4jU64i4kAEtQUlsYsQPAdfpI7aP.jpg</thumbnail>
	<fanart>https://image.tmdb.org/t/p/w1280/oCS8EsEPOe6YfBfwBDRwvHBl1FN.jpg</fanart>
</item>
<item>
	<title>Dear John (2010)</title>
<meta>
<content>movie</content>
<imdb>tt0989757</imdb>
<title>Dear John</title>
<year>2010</year>
</meta>
<link>
<sublink>https://uptostream.com/o0j1q7bei47l(720p)</sublink>
<sublink>https://uptostream.com/tmmeqt5gh2am(1080p)</sublink>
<sublink>search</sublink>
<sublink>searchsd</sublink>
</link>
<thumbnail>https://image.tmdb.org/t/p/w1280/2Fen9XsCscjupGJUhi2zaCvOaGd.jpg</thumbnail>
<fanart>https://image.tmdb.org/t/p/w700_and_h392_bestv2/88vvYvesjVbLI1qbnJQr3djMYhB.jpg</fanart>
</item>
<item>
	<title>[COLOR=white]The Bounty Hunter[/COLOR]</title>
	<meta>
	<imdb>tt1038919</imdb>
	<content>movie</content>
	<title>The Bounty Hunter</title>
	<year>2010</year>
	</meta>
	<link>
	<sublink>https://uptobox.com/hhduylavoye2(720p)</sublink>
	<sublink>search</sublink>
	<sublink>searchsd</sublink>
	</link>
	<thumbnail>https://image.tmdb.org/t/p/w1280/lAuOwnlWrBOOiWGpS3wqhfF4CRx.jpg</thumbnail>
	<fanart>https://image.tmdb.org/t/p/w1280/bBIVXF96zbNtXmoAdMfstKAfMXU.jpg</fanart>
</item>
<item>
	<title>Grown Ups-2010</title>
<meta>
<content>movie</content>
<imdb>tt1375670</imdb>
<title>Grown Ups</title>
<year>2010</year>
</meta>
<link>
<sublink>(720p)</sublink>
<sublink>https://uptostream.com/8oqf4asd7aya(1080p)</sublink>
<sublink>search</sublink>
<sublink>searchsd</sublink>
</link>
<thumbnail>https://image.tmdb.org/t/p/w1280/t6Yj2UlqsrHHK6kJO1FWepR6mEd.jpg</thumbnail>
<fanart>https://image.tmdb.org/t/p/w1000_and_h563_face/2pPWHt4WvZvVsrsIdhyoOphDPm0.jpg</fanart>
</item>
<item>
	<title>[COLOR=white]Hot Tub Time Machine[/COLOR]</title>
	<meta>
	<imdb>tt1231587</imdb>
	<content>movie</content>
	<title>Hot Tub Time Machine</title>
	<year>2010</year>
	</meta>
	<link>
	<sublink>https://uptobox.com/u9idde39uzky(720p)</sublink>
	<sublink>https://uptobox.com/ir5xalfwxs49(1080p)</sublink>
	<sublink>search</sublink>
	<sublink>searchsd</sublink>
	</link>
	<thumbnail>https://image.tmdb.org/t/p/w1280/zERxFAXiQdPAfsumIIcBFH8fOVt.jpg</thumbnail>
	<fanart>https://image.tmdb.org/t/p/w1280/i4xX5YUHUfNvlHt65DPDXQgJT7m.jpg</fanart>
</item>
<item>
	<title>Death at a Funeral (2010)</title>
<meta>
<content>movie</content>
<imdb>tt1321509</imdb>
<title>Death at a Funeral</title>
<year>2010</year>
</meta>
<link>
<sublink>https://uptostream.com/rmrnimffa34u</sublink>
<sublink></sublink>
<sublink>search</sublink>
<sublink>searchsd</sublink>
</link>
<thumbnail>https://image.tmdb.org/t/p/w1280/iicn7Nku5G4cwCfN5DfX8aiRDD9.jpg</thumbnail>
<fanart>https://image.tmdb.org/t/p/original/dotKjCzwCCF5gLcp8JPY1RT2Qsv.jpg</fanart>
</item>
<item>
	<title>[COLOR=white]The Karate Kid[/COLOR]</title>
	<meta>
	<imdb>tt1155076</imdb>
	<content>movie</content>
	<title>The Karate Kid</title>
	<year>2010</year>
	</meta>
	<link>
	<sublink>https://uptostream.com/8o075x17l1jp(720p)</sublink>
	<sublink>search</sublink>
	<sublink>searchsd</sublink>
	</link>
	<thumbnail>https://image.tmdb.org/t/p/w1280/bucxUHJd1DFy15iHzuXSOoFrObW.jpg</thumbnail>
	<fanart>https://image.tmdb.org/t/p/w1280/rfhnEYubWD4hnUUm8xXmotpqffb.jpg</fanart>
</item>
<item>
	<title>[COLOR=white]The Fighter[/COLOR]</title>
	<meta>
	<imdb>tt0964517</imdb>
	<content>movie</content>
	<title>The Fighter</title>
	<year>2010</year>
	</meta>
	<link>
	<sublink>https://uptostream.com/oo28l4byvzks</sublink>
	<sublink>search</sublink>
	<sublink>searchsd</sublink>
	</link>
	<thumbnail>https://image.tmdb.org/t/p/w1280/ytGIpdxYyvXwch5QILfquSTMA9f.jpg</thumbnail>
	<fanart>https://image.tmdb.org/t/p/w1280/43fnzmOMO5zOUFH3EzyuwSh87IS.jpg</fanart>
</item>
