<item>
	<title>The Dark Knight Rises (2012)</title>
<meta>
<content>movie</content>
<imdb>tt1345836</imdb>
<title>The Dark Knight Rises</title>
<year>2012</year>
</meta>
<link>
<sublink>https://uptobox.com/lfa03r0ope1o</sublink>
<sublink>search</sublink>
<sublink>searchsd</sublink>
</link>
<thumbnail>https://image.tmdb.org/t/p/w600_and_h900_bestv2/dEYnvnUfXrqvqeRSqvIEtmzhoA8.jpg</thumbnail>
<fanart>https://image.tmdb.org/t/p/original/htfszLfmCM34KH2Mg1XNDfsq4tT.jpg</fanart>
</item>
<item>
	<title>The Avengers (2012)</title>
<meta>
<content></content>
<imdb>tt0848228</imdb>
<title>The Avengers</title>
<year>2012</year>
</meta>
<link>
<sublink>https://uptostream.com/hiqsgq3z668t(720p)</sublink>
<sublink>https://uptostream.com/s0919661jdzr(1080p)</sublink>
<sublink>search</sublink>
<sublink>searchsd</sublink>
</link>
<thumbnail>https://image.tmdb.org/t/p/w1280/cezWGskPY5x7GaglTTRN4Fugfb8.jpg</thumbnail>
<fanart>https://image.tmdb.org/t/p/original/l8XO9d6PHHQVBQsUUhxw6Qvu0Hd.jpg</fanart>
</item>
<item>
	<title>The Amazing Spider-Man (2012)</title>
<meta>
<content>movie</content>
<imdb>tt0948470</imdb>
<title>The Amazing Spider-Man</title>
<year>2012</year>
</meta>
<link>
<sublink>https://uptobox.com/graukxsyhyh8</sublink>
<sublink>https://streamango.com/embed/olkeoealmqcmstmt/</sublink>
<sublink>search</sublink>
<sublink>searchsd</sublink>
</link>
<thumbnail>https://image.tmdb.org/t/p/w600_and_h900_bestv2/eA2D86Y6VPWuUzZyatiLBwpTilQ.jpg</thumbnail>
<fanart>https://image.tmdb.org/t/p/original/2dWLqk61ODBk78rog1BvUkg9O9S.jpg</fanart>
</item>
<item>
	<title>Rise of the Guardians (2012)</title>
<meta>
<content></content>
<imdb>tt1446192</imdb>
<title>Rise of the Guardians</title>
<year>2012</year>
</meta>
<link>
<sublink>https://uptostream.com/gl6c279jrd7d</sublink>
<sublink>search</sublink>
<sublink>searchsd</sublink>
</link>
<thumbnail>https://image.tmdb.org/t/p/w1280/sIZr3pWcnLTjMkOaTkBrV967lTK.jpg</thumbnail>
<fanart>https://image.tmdb.org/t/p/original/ocmoiGUK81Ncwe6nlpJEpsEhwGW.jpg</fanart>
</item>
<item>
	<title>Wreck-It Ralph (2012)</title>
<meta>
<content>movie</content>
<imdb>tt1772341</imdb>
<title>Wreck-It Ralph</title>
<year>2012</year>
</meta>
<link>
<sublink>https://uptobox.com/s864vwx1o9mw</sublink>
<sublink>search</sublink>
<sublink>searchsd</sublink>
</link>
<thumbnail>https://image.tmdb.org/t/p/w600_and_h900_bestv2/93FsllrXXWncp7BQYTdOU1XMRXo.jpg</thumbnail>
<fanart>https://image.tmdb.org/t/p/original/1HjKgkIdR2qw8ihM6MTxgdST2kM.jpg</fanart>
</item>
<item>
	<title>[COLOR=white]The Woman in Black[/COLOR]</title>
	<meta>
	<imdb>tt1596365</imdb>
	<content>movie</content>
	<title>The Woman in Black</title>
	<year>2012</year>
	</meta>
	<link>
	<sublink>https://uptostream.com/5i0p1fuxwmiz(1080p)</sublink>
	<sublink>search</sublink>
	<sublink>searchsd</sublink>
	</link>
	<thumbnail>https://image.tmdb.org/t/p/w1280/y4Z9m5jbPhFAEMWsMHo71Bh1vzi.jpg</thumbnail>
	<fanart>https://image.tmdb.org/t/p/w1280/y0L24lZ8HGMsG0G1yKEtgH6MOs2.jpg</fanart>
</item>
<item>
	<title>[COLOR=white]The Devil Inside[/COLOR]</title>
	<meta>
	<imdb>tt1560985</imdb>
	<content>movie</content>
	<title>The Devil Inside</title>
	<year>2012</year>
	</meta>
	<link>
	<sublink>https://uptostream.com/5ttzwfog4zcv(720p)</sublink>
	<sublink>search</sublink>
	<sublink>searchsd</sublink>
	</link>
	<thumbnail>https://image.tmdb.org/t/p/w1280/xClxu7PoHWMpCHHaqd3ZRdwOCnr.jpg</thumbnail>
	<fanart>https://image.tmdb.org/t/p/w1280/jp4uQV79C1WzAaVjW5hRTu1iSxd.jpg</fanart>
</item>
<item>
	<title>[COLOR=white]Gone[/COLOR]</title>
	<meta>
	<imdb>tt1838544</imdb>
	<content>movie</content>
	<title>Gone</title>
	<year>2012</year>
	</meta>
	<link>
	<sublink>https://uptostream.com/xghk7bcgoxfd(720p)</sublink>
	<sublink>search</sublink>
	<sublink>searchsd</sublink>
	</link>
	<thumbnail>https://image.tmdb.org/t/p/w1280/xyi9L5aEY516T3FSF0eHqsiuJN2.jpg</thumbnail>
	<fanart>https://image.tmdb.org/t/p/w1280/h7irq9vkqYy8W3PHx2pAr26sXoj.jpg</fanart>
</item>
<item>
	<title>House at the End of the Street</title>
<meta>
<content>movie</content>
<imdb>tt1582507</imdb>
<title>House at the End of the Street</title>
<year>2012</year>
</meta>
<link>
<sublink>https://uptostream.com/e35asoybyyff(1080p)</sublink>
<sublink>search</sublink>
<sublink>searchsd</sublink>
</link>
<thumbnail>https://image.tmdb.org/t/p/w1280/io7EHxaD8EUsraZ4IDhSgpKmzzb.jpg</thumbnail>
<fanart>https://image.tmdb.org/t/p/w1000_and_h563_face/mhUrOzKYjyn2PFrIuKb57Z9nrIE.jpg</fanart>
</item>
<item>
	<title>Sinister (2012)</title>
<meta>
<content></content>
<imdb>tt1922777</imdb>
<title>Sinister</title>
<year>2012</year>
</meta>
<link>
<sublink>https://uptostream.com/60ef3wd2mhny(720p)</sublink>
<sublink>https://uptostream.com/w6og32qcsxwn(1080p)</sublink>
<sublink>search</sublink>
<sublink>searchsd</sublink>
</link>
<thumbnail>https://image.tmdb.org/t/p/w1280/hrRYY7FcRc46Ue7h9jcKiW1xqJ3.jpg</thumbnail>
<fanart>https://image.tmdb.org/t/p/original/jHD6WTK2fEYmWM0bSlTN0adstN.jpg</fanart>
</item>
<item>
	<title>Prometheus (2012)</title>
<meta>
<content></content>
<imdb>tt1446714</imdb>
<title>Prometheus</title>
<year>2012</year>
</meta>
<link>
<sublink>https://uptobox.com/zo21g78wkzzx</sublink>
<sublink>search</sublink>
<sublink>searchsd</sublink>
</link>
<thumbnail>https://image.tmdb.org/t/p/w600_and_h900_bestv2/ng8ALjSDhUmwLl7vtjUWIZNQSlt.jpg</thumbnail>
<fanart>https://image.tmdb.org/t/p/original/qfXeiDyuvLgfXqypnP5e3t8mxV4.jpg</fanart>
</item>
<item>
	<title>[COLOR=white]Girls Against Boys[/COLOR]</title>
	<meta>
	<imdb>tt2036376</imdb>
	<content>movie</content>
	<title>Girls Against Boys</title>
	<year>2012</year>
	</meta>
	<link>
	<sublink>https://uptobox.com/smb57qjmcws0(720P)</sublink>
	<sublink>https://uptobox.com/veq301p93gbe(1080P)</sublink>
	<sublink>search</sublink>
	<sublink>searchsd</sublink>
	</link>
	<thumbnail>https://image.tmdb.org/t/p/w1280/zgV7caInXGYVDxzvhS4OzA8XFGS.jpg</thumbnail>
	<fanart>https://image.tmdb.org/t/p/w1280/vSRbv8sDMWWltT9bVhyKKVA1JFr.jpg</fanart>
</item>
<item>
	<title>Flight-2012</title>
<meta>
<content>movie</content>
<imdb>tt1907668</imdb>
<title>Flight</title>
<year>2012</year>
</meta>
<link>
<sublink>https://uptostream.com/j9teww62ek53(720p)</sublink>
<sublink></sublink>
<sublink>search</sublink>
<sublink>searchsd</sublink>
</link>
<thumbnail>https://image.tmdb.org/t/p/w1280/8XEbkjgorAm9xk15mF63jqJ4ByV.jpg</thumbnail>
<fanart>https://image.tmdb.org/t/p/w1000_and_h563_face/yogIqTNfrDIybDQTGPDawi409PD.jpg</fanart>
</item>
<item>
	<title>[COLOR=white]Contraband[/COLOR]</title>
	<meta>
	<imdb>tt1524137</imdb>
	<content>movie</content>
	<title>Contraband</title>
	<year>2012</year>
	</meta>
	<link>
	<sublink>https://uptobox.com/a5ypc1ym11gb(720p)</sublink>
	<sublink>https://uptobox.com/0ssypers92nq(1080p)</sublink>
	<sublink>search</sublink>
	<sublink>searchsd</sublink>
	</link>
	<thumbnail>https://image.tmdb.org/t/p/w1280/1po0IPambMJmBhUD9rwd41M9Jmh.jpg</thumbnail>
	<fanart>https://image.tmdb.org/t/p/w1280/vUIxLVMblTY6vdKI7FsTKsWpr6q.jpg</fanart>
</item>
<item>
	<title>Safe House (2012)</title>
<meta>
<content>movie</content>
<imdb>tt1599348</imdb>
<title>Safe House</title>
<year>2012</year>
</meta>
<link>
<sublink>https://uptostream.com/tuieadaslusp(720p)</sublink>
<sublink>ttps://uptostream.com/59a08b79lzyi(1080p)</sublink>
<sublink>search</sublink>
<sublink>searchsd</sublink>
</link>
<thumbnail>https://image.tmdb.org/t/p/w1280/wRWAeBZC2sKCvOdjK9nhiVqcMfI.jpg</thumbnail>
<fanart>https://image.tmdb.org/t/p/w700_and_h392_bestv2/wX0mOAa91dTAT2WCGRvvpWUKAeD.jpg</fanart>
</item>
<item>
	<title>[COLOR=white]Lincoln[/COLOR]</title>
	<meta>
	<imdb>tt0443272</imdb>
	<content>movie</content>
	<title>Lincoln</title>
	<year>2012</year>
	</meta>
	<link>
	<sublink>https://uptobox.com/twzs26gvf7a3(720p)</sublink>
	<sublink>https://uptobox.com/7lpamajsv62n(1080p)</sublink>
	<sublink>search</sublink>
	<sublink>searchsd</sublink>
	</link>
	<thumbnail>https://image.tmdb.org/t/p/w1280/gkkiDu9srCCbCMxGKwNwKCxK7KF.jpg</thumbnail>
	<fanart>https://image.tmdb.org/t/p/w1280/9vZzjmaXIYotKGnCfQyWBD7PAIO.jpg</fanart>
</item>
<item>
	<title>Taken 2 (2012)</title>
<meta>
<content></content>
<imdb>tt1397280</imdb>
<title>Taken 2</title>
<year>2012</year>
</meta>
<link>
<sublink>https://uptobox.com/jbp4iyesou1c</sublink>
<sublink>search</sublink>
<sublink>searchsd</sublink>
</link>
<thumbnail>https://image.tmdb.org/t/p/w600_and_h900_bestv2/rDX2zd9aVMJnBmlS8efwOYsi76R.jpg</thumbnail>
<fanart>https://image.tmdb.org/t/p/original/6nL3ANwiGXMeahPO6PYXeAdZNlM.jpg</fanart>
</item>
<item>
	<title>[COLOR=white]Lawless[/COLOR]</title>
	<meta>
	<imdb>tt1212450</imdb>
	<content>movie</content>
	<title>Lawless</title>
	<year>2012</year>
	</meta>
	<link>
	<sublink>https://uptobox.com/kr4uvkypia3b(720P)</sublink>
	<sublink>https://uptobox.com/yroyoic07ruw(1080P)</sublink>
	<sublink>search</sublink>
	<sublink>searchsd</sublink>
	</link>
	<thumbnail>https://image.tmdb.org/t/p/w1280/uViCpDSOo0Pexx1KWX7NXQaS9BH.jpg</thumbnail>
	<fanart>https://image.tmdb.org/t/p/w1280/qNXTnWdDura71AHfSu1Cf3VXupA.jpg</fanart>
</item>
<item>
	<title>The Vow (2012)</title>
<meta>
<content>movie</content>
<imdb>tt1606389</imdb>
<title>The Vow</title>
<year>2012</year>
</meta>
<link>https://uptostream.com/85e2wt2gkac0
<sublink>search</sublink>
<sublink>searchsd</sublink>
</link>
<thumbnail>https://image.tmdb.org/t/p/w1280/qHNjcjKa6VHJsa0Eu0DHl2BaYw3.jpg</thumbnail>
<fanart>https://image.tmdb.org/t/p/w700_and_h392_bestv2/cfp28CJU7Xak3MEjjIMkZLkTtIW.jpg</fanart>
</item>
<item>
	<title>[COLOR=white]This Means War[/COLOR]</title>
	<meta>
	<imdb>tt1596350</imdb>
	<content>movie</content>
	<title>This Means War</title>
	<year>2012</year>
	</meta>
	<link>
	<sublink>https://uptobox.com/p4gx08qz39rp(720p)</sublink>
	<sublink>search</sublink>
	<sublink>searchsd</sublink>
	</link>
	<thumbnail>https://image.tmdb.org/t/p/w1280/8eqEw3NGdqAfGtHyCTiuoMb4RrM.jpg</thumbnail>
	<fanart>https://image.tmdb.org/t/p/w1280/aJh5rFH6jQRqvZyd0HR8BMiHhRn.jpg</fanart>
</item>
<item>
	<title>The Campaign (2012)</title>
<meta>
<content>movie</content>
<imdb>tt1790886</imdb>
<title>The Campaign</title>
<year>2012</year>
</meta>
<link>
<sublink>https://uptostream.com/simif0a7cl20</sublink>
<sublink></sublink>
<sublink>search</sublink>
<sublink>searchsd</sublink>
</link>
<thumbnail>https://image.tmdb.org/t/p/w1280/6uH8BOWN60mu2Vd5z4jCaVWb2ix.jpg</thumbnail>
<fanart>https://image.tmdb.org/t/p/original/As7NSpkXorkWLHl1PvgMOGPVPcM.jpg</fanart>
</item>
<item>
	<title>[COLOR=white]Project X Extended Cut[/COLOR]</title>
<meta>
<imdb>tt1636826</imdb>
<content>movie</content>
<title>Project X</title>
<year>2012</year>
</meta>
<link>
<sublink>https://uptostream.com/fscjyp5qvyxh</sublink>
<sublink></sublink>
<sublink>search</sublink>
<sublink>searchsd</sublink>
</link>
<thumbnail>https://image.tmdb.org/t/p/w1280/cWXkRLmzKfYutvWeJXaednoGKdF.jpg</thumbnail>
<fanart>https://image.tmdb.org/t/p/w1280/iFLAEKnLQZNeYztE7Vy5NbL4Tw1.jpg</fanart>
</item>
<item>
	<title>[COLOR=white]This Is 40[/COLOR]</title>
	<meta>
	<imdb>tt1758830</imdb>
	<content>movie</content>
	<title>This Is 40</title>
	<year>2012</year>
	</meta>
	<link>
	<sublink>https://uptobox.com/05t7kbbicqqc(720p)</sublink>
	<sublink>search</sublink>
	<sublink>searchsd</sublink>
	</link>
	<thumbnail>https://image.tmdb.org/t/p/w1280/5zscVRjG4f6wcF7zidVqGO7hwjg.jpg</thumbnail>
	<fanart>https://image.tmdb.org/t/p/w1280/uu1cPthWjb0ex1cvgI8wPy6kasC.jpg</fanart>
</item>
<item>
	<title>[COLOR=white]The Odd Life of Timothy Green[/COLOR]</title>
	<meta>
	<imdb>tt1462769</imdb>
	<content>movie</content>
	<title>The Odd Life of Timothy Green</title>
	<year>2012</year>
	</meta>
	<link>
	<sublink>https://uptobox.com/o08gwemy445v(720p)</sublink>
	<sublink>search</sublink>
	<sublink>searchsd</sublink>
	</link>
	<thumbnail>https://image.tmdb.org/t/p/w1280/nwWtTWWOJIDU1mM3cBYvSURB03B.jpg</thumbnail>
	<fanart>https://image.tmdb.org/t/p/w1280/qUPiStKKvtfqfOxZ0rzmNcFgbdh.jpg</fanart>
</item>
<item>
	<title>Ted (2012)</title>
<meta>
<content>movie</content>
<imdb>tt1637725</imdb>
<title>Ted</title>
<year>2012</year>
</meta>
<link>
<sublink>https://uptobox.com/e4med7ihbs01</sublink>
<sublink>https://uptobox.com/8k32i7375l1m</sublink>
<sublink>search</sublink>
<sublink>searchsd</sublink>
</link>
<thumbnail>https://image.tmdb.org/t/p/w600_and_h900_bestv2/yLdP2vDa1BqxLSbikGypGtAEOGe.jpg</thumbnail>
<fanart>https://image.tmdb.org/t/p/original/5KMoDkBqYDeDEnqVaHpPQwlH2IL.jpg</fanart>
</item>
<item>
	<title>Think Like A Man (2012)</title>
<meta>
<content>movie</content>
<imdb>tt1621045</imdb>
<title>Think Like A Man</title>
<year>2012</year>
</meta>
<link>
<link>https://uptostream.com/j2admfsrb0gv</link>
<sublink></sublink>
<sublink>search</sublink>
<sublink>searchsd</sublink>
</link>
<thumbnail>https://image.tmdb.org/t/p/w1280/4tK8k1YbF58nEMW76bnm76jWpnZ.jpg</thumbnail>
<fanart>https://image.tmdb.org/t/p/original/fFOqofcQpMMAqcGjtu58AcZMynm.jpg</fanart>
</item>
<item>
	<title>Here Comes the Boom (2012)</title>
<meta>
<content>movie</content>
<imdb>tt1648179</imdb>
<title>Here Comes the Boom</title>
<year>2012</year>
</meta>
<link>
<sublink>https://uptostream.com/62p3jkrhcpvu</sublink>
<sublink></sublink>
<sublink>search</sublink>
<sublink>searchsd</sublink>
</link>
<thumbnail>https://image.tmdb.org/t/p/w1280/sB7UeSr1D4uIhTm76GdtA1e7F0t.jpg</thumbnail>
<fanart>https://image.tmdb.org/t/p/original/tRTrNkmQ03D3meEgxLvtdHd9btU.jpg</fanart>
</item>
<item>
	<title>[COLOR=white]The Philly Kid[/COLOR]</title>
	<meta>
	<imdb>tt1937506</imdb>
	<content>movie</content>
	<title>The Philly Kid</title>
	<year>2012</year>
	</meta>
	<link>https://uptobox.com/97hionzzc5gp</link>
	<thumbnail>https://image.tmdb.org/t/p/w1280/1F3xbC29BtP06V1ACXsBF4ZCvgu.jpg</thumbnail>
	<fanart>https://image.tmdb.org/t/p/w1280/926eAKvqGpE5oBij5GodwnZduy2.jpg</fanart>
</item>
