<item>
	<title>Man of Steel (2013)</title>
<meta>
<content>movie</content>
<imdb></imdb>
<title>Man of Steel</title>
<year>2013</year>
</meta>
<link>
<sublink>https://uptobox.com/ah3l5k734tg4</sublink>
<sublink>search</sublink>
<sublink>searchsd</sublink>
</link>
<thumbnail>https://image.tmdb.org/t/p/w600_and_h900_bestv2/xWlaTLnD8NJMTT9PGOD9z5re1SL.jpg</thumbnail>
<fanart>https://image.tmdb.org/t/p/original/cIjxkC5uE8cUYbKEeYs1SFh6ONT.jpg</fanart>
</item>
<item>
	<title>Thor: The Dark World (2013)</title>
<meta>
<content>movie</content>
<imdb>tt1981115</imdb>
<title>Thor: The Dark World</title>
<year>2013</year>
</meta>
<link>
<sublink>https://uptobox.com/9a2emaplmbo5</sublink>
<sublink>https://uptostream.com/d98ufsubiho5(720p)</sublink>
<sublink>https://uptostream.com/wwxnra7qxj5p(1080p)</sublink>
<sublink>search</sublink>
<sublink>searchsd</sublink>
</link>
<thumbnail>https://image.tmdb.org/t/p/w600_and_h900_bestv2/bnX5PqAdQZRXSw3aX3DutDcdso5.jpg</thumbnail>
<fanart>https://image.tmdb.org/t/p/original/3GGezmYBpGylyN7uAWLMxSFziFq.jpg</fanart>
</item>
<item>
	<title>Iron Man 3 (2013)</title>
<meta>
<content></content>
<imdb>tt1300854</imdb>
<title>Iron Man 3</title>
<year>2013</year>
</meta>
<link>
<sublink>https://uptostream.com/7e17jig2c3d4(720p)</sublink>
<sublink>https://uptostream.com/c3wsg9x3tq3i(1080p)</sublink>
<sublink>search</sublink>
<sublink>searchsd</sublink>
</link>
<thumbnail>https://image.tmdb.org/t/p/w1280/1Ilv6ryHUv6rt9zIsbSEJUmmbEi.jpg</thumbnail>
<fanart>https://image.tmdb.org/t/p/original/dOsUyeutAgIjIPppeBh5jAOnMrU.jpg</fanart>
</item>
<item>
	<title>Kick-Ass 2 (2013)</title>
<meta>
<content>movie</content>
<imdb>tt1650554</imdb>
<title>Kick ass 2</title>
<year>2013</year>
</meta>
<link>
<sublink>https://uptobox.com/yafng7520xbo</sublink>
<sublink>https://streamango.com/embed/adooacatleaqpblb/</sublink>
<sublink>search</sublink>
<sublink>searchsd</sublink>
</link>
<thumbnail>https://image.tmdb.org/t/p/w600_and_h900_bestv2/pmdvrKYRdw7QxkLDaJzr6xMEqEZ.jpg</thumbnail>
<fanart>https://image.tmdb.org/t/p/original/alKrHlQa1WM4U7dCgKYl8nnqv81.jpg</fanart>
</item>

<item>
	<title>Olympus Has Fallen (2013)</title>
<meta>
<content></content>
<imdb>tt2302755</imdb>
<title>Olympus Has Fallen</title>
<year>2013</year>
</meta>
<link>
<sublink>https://uptostream.com/kj0wdw9l5zpw(1080p)</sublink>
<sublink>search</sublink>
<sublink>searchsd</sublink>
</link>
<thumbnail>https://image.tmdb.org/t/p/w1280/qC6Yw3KxtlsLDw2UdfYV5B9A4WO.jpg</thumbnail>
<fanart>https://image.tmdb.org/t/p/original/lxbMXD12UCj7kMgfqjaZq5irGAu.jpg</fanart>
</item>


<item>
	<title>Frozen (2013)</title>
<meta>
<content>movie</content>
<imdb>tt2294629</imdb>
<title>Frozen</title>
<year>2013</year>
</meta>
<link>
<sublink>https://uptobox.com/xcs33mcq5hf0</sublink>
<sublink>search</sublink>
<sublink>searchsd</sublink>
</link>
<thumbnail>https://image.tmdb.org/t/p/w600_and_h900_bestv2/xOVSMcqMeohzasmCIyLwUv0k7FJ.jpg</thumbnail>
<fanart>https://image.tmdb.org/t/p/original/cAhCDpAq80QCeQvHytY9JkBalpH.jpg</fanart>
</item>
<item>
	<title>Planes (2013)</title>
<meta>
<content>movie</content>
<imdb>tt1691917</imdb>
<title>Planes</title>
<year>2013</year>
</meta>
<link>
<sublink>https://uptobox.com/iu05c6rpwljq</sublink>
<sublink>search</sublink>
<sublink>searchsd</sublink>
</link>
<thumbnail>https://image.tmdb.org/t/p/w600_and_h900_bestv2/c8ALtmmmtofVYOxSJG0S5ZcP2pF.jpg</thumbnail>
<fanart>https://image.tmdb.org/t/p/original/y35onQ1O9X1I15R0VgveF28qhxF.jpg</fanart>
</item>
<item>
	<title>Jack the Giant Slayer (2013)</title>
<meta>
<content>movie</content>
<imdb>tt1351685</imdb>
<title>Jack the Giant Slayer</title>
<year>2013</year>
</meta>
<link>
<sublink>https://uptobox.com/w072brqkqa8x</sublink>
<sublink>search</sublink>
<sublink>searchsd</sublink>
</link>
<thumbnail>https://image.tmdb.org/t/p/w600_and_h900_bestv2/wn4aSJcKiQ0fPzJ92XEf6M9Kmlo.jpg</thumbnail>
<fanart>https://image.tmdb.org/t/p/original/rJw1ecWyu9uoFFmtcYwzeNjZ9yP.jpg</fanart>
</item>
<item>
	<title>Despicable Me 2 (2013)</title>
<meta>
<content>movie</content>
<imdb>tt1690953</imdb>
<title>Despicable Me 2</title>
<year>2013</year>
</meta>
<link>
<sublink>https://uptobox.com/6ncx9noj9c47</sublink>
<sublink>search</sublink>
<sublink>searchsd</sublink>
</link>
<thumbnail>https://image.tmdb.org/t/p/w600_and_h900_bestv2/kQrYyZQHkwkUg2KlUDyvymj9FAp.jpg</thumbnail>
<fanart>https://image.tmdb.org/t/p/original/5XqVxqQIts9MqytLAELO43NuqQi.jpg</fanart>
</item>
<item>
	<title>[COLOR=white]The Smurfs 2[/COLOR]</title>
	<meta>
	<imdb>tt2017020</imdb>
	<content>movie</content>
	<title>The Smurfs 2</title>
	<year>2013</year>
	</meta>
	<link>
	<sublink>https://uptobox.com/1cwfqxidigsr(1080p)</sublink>
	<sublink>search</sublink>
	<sublink>searchsd</sublink>
	</link>
	<thumbnail>https://image.tmdb.org/t/p/w1280/mF2FXzZ3EktWoagU4fzoabNsK6J.jpg</thumbnail>
	<fanart>https://image.tmdb.org/t/p/w1280/xqfnJn8ApELIa1zGLOa3W9q2Ztn.jpg</fanart>
</item>
<item>
	<title>Fast & Furious 6 (2013)</title>
<meta>
<content>movie</content>
<imdb>tt1905041</imdb>
<title>Fast & Furious 6</title>
<year>2013</year>
</meta>
<link>
<sublink>https://uptostream.com/xwwlj1tqj82b(720p)</sublink>
<sublink>https://uptostream.com/98c4txvvi1vv(1080p)</sublink>
<sublink>search</sublink>
<sublink>searchsd</sublink>
</link>
<thumbnail>https://image.tmdb.org/t/p/w600_and_h900_bestv2/b9gTJKLdSbwcQRKzmqMq3dMfRwI.jpg</thumbnail>
<fanart>https://image.tmdb.org/t/p/original/aHU1QYGjN0mApSrgL4qISQDnbob.jpg</fanart>
</item>
<item>
	<title>Insidious: Chapter 2 (2013)</title>
<meta>
<content></content>
<imdb>tt2226417</imdb>
<title>Insidious: Chapter 2</title>
<year>2013</year>
</meta>
<link>
<sublink>https://uptostream.com/8pxy101hqfme(720p)</sublink>
<sublink>https://uptostream.com/ul5hqf9ibwb0(1080p)</sublink>
<sublink>search</sublink>
<sublink>searchsd</sublink>
</link>
<thumbnail>https://image.tmdb.org/t/p/w1280/vmWgw1Lsc6bHThA6S2k8fPsROaI.jpg</thumbnail>
<fanart>https://image.tmdb.org/t/p/original/hHsLTRzn2osLxGY6gbUEfQO2HFa.jpg</fanart>
</item>
<item>
	<title>[COLOR=white]Texas Chainsaw 3D[/COLOR]</title>
	<meta>
	<imdb>tt1572315</imdb>
	<content>movie</content>
	<title>Texas Chainsaw 3D</title>
	<year>2013</year>
	</meta>
	<link>
	<sublink>https://uptobox.com/xmkxiq1ozl8u(720p)</sublink>
	<sublink>https://uptobox.com/20ds8i09am7y(1080p)</sublink>
	<sublink>search</sublink>
	<sublink>searchsd</sublink>
	</link>
	<thumbnail>https://image.tmdb.org/t/p/w1280/p0kJOoNvwnWgmvKvL4GqlV3OPUV.jpg</thumbnail>
	<fanart>https://image.tmdb.org/t/p/w1280/syZp6erObU03jSEzc3Kvrtk9gV1.jpg</fanart>
</item>
<item>
	<title>Oculus (2013)</title>
<meta>
<content></content>
<imdb>tt2388715</imdb>
<title>Oculus</title>
<year>2013</year>
</meta>
<link>
<sublink>https://uptostream.com/1fy1cutcq54l(720p)</sublink>
<sublink>https://uptostream.com/btnumk992nl4(1080p)</sublink>
<sublink>search</sublink>
<sublink>searchsd</sublink>
</link>
<thumbnail>https://image.tmdb.org/t/p/w600_and_h900_bestv2/ic8C94ylSfcoLkXqPOKzL6DqPcH.jpg</thumbnail>
<fanart>https://image.tmdb.org/t/p/original/fiHOt3Te7LTfQmApychxYwx7Bry.jpg</fanart>
</item>
<item>
	<title>[COLOR=white]A Good Day to Die Hard[/COLOR]</title>
	<meta>
	<imdb>tt1606378</imdb>
	<content>movie</content>
	<title>A Good Day to Die Hard</title>
	<year>2013</year>
	</meta>
	<link>
	<sublink>https://uptostream.com/embjxwzgay5h(720p)</sublink>
	<sublink>https://uptostream.com/v14pwrt5u1sv(1080p)</sublink>
	<sublink>search</sublink>
	<sublink>searchsd</sublink>
	</link>
	<thumbnail>https://image.tmdb.org/t/p/w1280/c2SQMd00CCGTiDxGXVqA2J9lmzF.jpg</thumbnail>
	<fanart>https://image.tmdb.org/t/p/w1280/17zArExB7ztm6fjUXZwQWgGMC9f.jpg</fanart>
</item>
<item>
	<title>Olympus Has Fallen (2013)</title>
<meta>
<content>movie</content>
<imdb>tt2302755</imdb>
<title>Olympus Has Fallen</title>
<year>2013</year>
</meta>
<link>
<sublink>https://uptostream.com/c15dtdglw96k(720p)</sublink>
<sublink>https://uptostream.com/kj0wdw9l5zpw(1080p)</sublink>
<sublink>search</sublink>
<sublink>searchsd</sublink>
</link>
<thumbnail>https://image.tmdb.org/t/p/w1280/qC6Yw3KxtlsLDw2UdfYV5B9A4WO.jpg</thumbnail>
<fanart>https://image.tmdb.org/t/p/original/lxbMXD12UCj7kMgfqjaZq5irGAu.jpg</fanart>
</item>
<item>
	<title>Percy Jackson: Sea of Monsters</title>
<meta>
<content>movie</content>
<imdb>tt1854564</imdb>
<title>Percy Jackson: Sea of Monsters</title>
<year>2013</year>
</meta>
<link>
<sublink>https://uptostream.com/s314w2cgpnkf(720p)</sublink>
<sublink>https://uptostream.com/1thinjpgx86j(1080p)</sublink>
<sublink>search</sublink>
<sublink>searchsd</sublink>
</link>
<thumbnail>https://image.tmdb.org/t/p/w1280/k1bhUW7XM5X0yD3iewAEvloFBEo.jpg</thumbnail>
<fanart>https://image.tmdb.org/t/p/w1000_and_h563_face/yUva7PCMAGesmM7pkrrZzeaKLHM.jpg</fanart>
</item>
<item>
	<title>About Time (2013)</title>
<meta>
<content>movie</content>
<imdb>tt2194499</imdb>
<title>About Time</title>
<year>2013</year>
</meta>
<link>https://uptostream.com/81pw23mrdvau
<sublink>search</sublink>
<sublink>searchsd</sublink>
</link>
<thumbnail>https://image.tmdb.org/t/p/w1280/zSuh8dGwqpsWR7ccvYbfxbSZ37o.jpg</thumbnail>
<fanart>https://image.tmdb.org/t/p/w700_and_h392_bestv2/oNBv90rLY76ifEExrFHdJgLzBQG.jpg</fanart>
</item>
<item>
	<title>Now You See Me (2013)</title>
<meta>
<content>movie</content>
<imdb>tt1670345</imdb>
<title>Now You See Me</title>
<year>2013</year>
</meta>
<link>
<sublink>https://uptostream.com/z6tt01rl8c7z(720p)</sublink>
<sublink>https://uptostream.com/el9sxeyeite0(1080p)</sublink>
<sublink>search</sublink>
<sublink>searchsd</sublink>
</link>
<thumbnail>https://image.tmdb.org/t/p/w600_and_h900_bestv2/A06e9YJ5ry3WXEIFIAD1mKBxcuZ.jpg</thumbnail>
<fanart>https://image.tmdb.org/t/p/original/l2zCMP4beAmTjm8v0cjocDqGHHf.jpg</fanart>
</item>
<item>
	<title>[COLOR=white]The Hangover Part III[/COLOR]</title>
	<meta>
	<imdb>tt1951261</imdb>
	<content>movie</content>
	<title>The Hangover Part III</title>
	<year>2013</year>
	</meta>
	<link>
	<sublink>https://uptobox.com/51vjpircm186(720p)</sublink>
	<sublink>https://uptobox.com/6zkvb2tdmsxn(1080p)</sublink>
	<sublink>search</sublink>
	<sublink>searchsd</sublink>
	</link>
	<thumbnail>https://image.tmdb.org/t/p/w1280/vtxuPWkdllLNLVyGjKYa267ntuH.jpg</thumbnail>
	<fanart>https://image.tmdb.org/t/p/w1280/xIrtFqXc62VGcWKHOsQfCq4j3x0.jpg</fanart>
</item>
<item>
	<title>[COLOR=white]The Internship[/COLOR]</title>
	<meta>
	<imdb>tt2234155</imdb>
	<content>movie</content>
	<title>The Internship</title>
	<year>2013</year>
	</meta>
	<link>
	<sublink>https://uptobox.com/r3vntkb9ws0h(720p)</sublink>
	<sublink>https://uptobox.com/ih47mlo1r1if(1080p)</sublink>
	<sublink>search</sublink>
	<sublink>searchsd</sublink>
	</link>
	<thumbnail>https://image.tmdb.org/t/p/w1280/xxOKDTQbQo7h1h7TyrQIW7u8KcJ.jpg</thumbnail>
	<fanart>https://image.tmdb.org/t/p/w1280/dmnaqPsvJuBSoDtbd8BkDZzPGzi.jpg</fanart>
</item>
<item>
	<title>The Heat (2013)</title>
<meta>
<content>movie</content>
<imdb>tt2404463</imdb>
<title>The Heat</title>
<year>2013</year>
</meta>
<link>https://uptostream.com/zlwkr82i47ct</link>
<thumbnail>https://image.tmdb.org/t/p/w1280/cVQzOmI1ccJFOaYTrGZCe07P290.jpg</thumbnail>
<fanart>https://image.tmdb.org/t/p/original/2wKw8M6g7wj0RNz9zAeqU9s1BKl.jpg</fanart>
</item>
<item>
	<title>Identity Thief (2013)</title>
<meta>
<content>movie</content>
<imdb>tt2024432</imdb>
<title>Identity Thief</title>
<year>2013</year>
</meta>
<link>
<sublink>https://uptostream.com/rai0ans0htqn(720p)</sublink>
<sublink>https://uptostream.com/a6010i6ffsij(1080p)</sublink>
<sublink>search</sublink>
<sublink>searchsd</sublink>
</link>
<thumbnail>https://image.tmdb.org/t/p/w1280/b6V6Yr3pDNlvYDu7Bo1WGBPoNn1.jpg</thumbnail>
<fanart>https://image.tmdb.org/t/p/original/q9MgSS0QvapgerVJ2C0Y6F8jOwx.jpg</fanart>
</item>
<item>
	<title>The Best Man Holiday (2013)</title>
<meta>
<content>movie</content>
<imdb>tt2083355</imdb>
<title>The Best Man Holiday</title>
<year>2013</year>
</meta>
<link>
<sublink>https://uptostream.com/5cq4cy4th9jb</sublink>
<sublink></sublink>
<sublink>search</sublink>
<sublink>searchsd</sublink>
</link>
<thumbnail>https://image.tmdb.org/t/p/w1280/1JAWHObAVzVLUmsDggIsew54dUr.jpg</thumbnail>
<fanart>https://image.tmdb.org/t/p/original/9BSWyBUr3avGF2v8omu6iW20mel.jpg</fanart>
</item>
