<item>
	<title>Avengers: Age of Ultron (2015)</title>
<meta>
<content></content>
<imdb>tt2395427</imdb>
<title>Avengers: Age of Ultron</title>
<year>2015</year>
</meta>
<link>
<sublink>https://uptostream.com/8jajb0d2qdda(720p)</sublink>
<sublink>https://uptostream.com/tztkzkxxpxuu(1080p)</sublink>
<sublink>search</sublink>
<sublink>searchsd</sublink>
</link>
<thumbnail>https://image.tmdb.org/t/p/w1280/t90Y3G8UGQp0f0DrP60wRu9gfrH.jpg</thumbnail>
<fanart>https://image.tmdb.org/t/p/original/jIi7v8tiM5ORYPbXb30Th4kJnKd.jpg</fanart>
</item>
<item>
	<title>Ant-Man ( 2015)</title>
<meta>
<content>movie</content>
<imdb>tt0478970</imdb>
<title>Ant-Man</title>
<year>2015</year>
</meta>
<link>
<sublink>(720p)</sublink>
<sublink>https://uptostream.com/yodnxm3zhfpl(1080p)</sublink>
<sublink>search</sublink>
<sublink>searchsd</sublink>
</link>
<thumbnail>https://image.tmdb.org/t/p/w1280/f6D5e1NUNVMujKWhOTrzkOj9l7W.jpg</thumbnail>
<fanart>https://image.tmdb.org/t/p/w1000_and_h563_face/n5crD0aWdGh2ttFCmfH7OYlaDHQ.jpg</fanart>
</item>
<item>
	<title>The Peanuts Movie (2015)</title>
<meta>
<content>movie</content>
<imdb>tt2452042</imdb>
<title>The Peanuts Movie</title>
<year>2015</year>
</meta>
<link>
<sublink>https://uptobox.com/lbbrwfrbhj10</sublink>
<sublink></sublink>
<sublink>search</sublink>
<sublink>searchsd</sublink>
</link>
<thumbnail>https://image.tmdb.org/t/p/w600_and_h900_bestv2/8Riryt5HqjAjLDeIayBSAOtxUKL.jpg</thumbnail>
<fanart>https://image.tmdb.org/t/p/original/gokfO8RVKhfn8jNMyUBaaMgLjP8.jpg</fanart>
</item>
<item>
	<title>Inside Out (2015)</title>
<meta>
<content>movie</content>
<imdb>tt2096673</imdb>
<title>Inside Out</title>
<year>2015</year>
</meta>
<link>
<sublink>https://uptobox.com/k09lr4331k79</sublink>
<sublink>search</sublink>
<sublink>searchsd</sublink>
</link>
<thumbnail>https://image.tmdb.org/t/p/w600_and_h900_bestv2/aAmfIX3TT40zUHGcCKrlOZRKC7u.jpg</thumbnail>
<fanart>https://image.tmdb.org/t/p/original/szytSpLAyBh3ULei3x663mAv5ZT.jpg</fanart>
</item>
<item>
	<title>[COLOR=white]The Good Dinosaur[/COLOR]</title>
	<meta>
	<imdb>tt1979388</imdb>
	<content>movie</content>
	<title>The Good Dinosaur</title>
	<year>2015</year>
	</meta>
	<link>
	<sublink>https://uptobox.com/avt2g1245e6c</sublink>
	<sublink>search</sublink>
	<sublink>searchsd</sublink>
	</link>
	<thumbnail>https://image.tmdb.org/t/p/w1280/2ZckiMTfSkCep2JTtZbr73tnQbN.jpg</thumbnail>
	<fanart>https://image.tmdb.org/t/p/w1280/pDuD96Fz0ZZXf9buEvRu1UQsmFT.jpg</fanart>
</item>
<item>
	<title>[COLOR=white]Goosebumps[/COLOR]</title>
	<meta>
	<imdb>tt1051904</imdb>
	<content>movie</content>
	<title>Goosebumps</title>
	<year>2015</year>
	</meta>
	<link>
	<sublink>https://uptobox.com/o2879zb8xwq1</sublink>
	<sublink>search</sublink>
	<sublink>searchsd</sublink>
	</link>
	<thumbnail>https://image.tmdb.org/t/p/w1280/9yOnWCvpNr6RRhc4zhJdVqR7GKw.jpg</thumbnail>
	<fanart>https://image.tmdb.org/t/p/w1280/itouI22hCgvU4psqC9DuwAOYuL2.jpg</fanart>
</item>
<item>
	<title>[COLOR=white]Shaun the Sheep Movie[/COLOR]</title>
	<meta>
	<imdb>tt2872750</imdb>
	<content>movie</content>
	<title>Shaun the Sheep Movie</title>
	<year>2015</year>
	</meta>
	<link>
	<sublink>https://uptobox.com/glzn5ew6vk9j</sublink>
	<sublink>search</sublink>
	<sublink>searchsd</sublink>
	</link>
	<thumbnail>https://image.tmdb.org/t/p/w1280/aOHsNN1p2nuiF9WaMaCNXy0T80J.jpg</thumbnail>
	<fanart>https://image.tmdb.org/t/p/w1280/jdGHRopcOEPDRQVfvuIv4BkxUgw.jpg</fanart>
</item>
<item>
	<title>[COLOR=white]Alvin and the Chipmunks The Road Chip[/COLOR]</title>
	<meta>
	<imdb>tt2974918</imdb>
	<content>movie</content>
	<title>Alvin and the Chipmunks The Road Chip</title>
	<year>2015</year>
	</meta>
	<link>
	<sublink>https://uptobox.com/kal35j051qhd(1080p)</sublink>
	<sublink>search</sublink>
	<sublink>searchsd</sublink>
	</link>
	<thumbnail>https://image.tmdb.org/t/p/w1280/Lg83xE4X2EBiXkA1ZCu6dFOjSx.jpg</thumbnail>
	<fanart>https://image.tmdb.org/t/p/w1280/pQFcd2TxnpoEOH6FgOqMyE8CBCO.jpg</fanart>
</item>
<item>
	<title>Furious 7 (2015)</title>
<meta>
<content>movie</content>
<imdb>tt2820852</imdb>
<title>Furious 7</title>
<year>2015</year>
</meta>
<link>
<sublink>https://uptostream.com/qrwzi9o0mi1s(720p)</sublink>
<sublink>https://uptostream.com/ttrk9rn87o5l(1080p)</sublink>
<sublink>search</sublink>
<sublink>searchsd</sublink>
</link>
<thumbnail>https://image.tmdb.org/t/p/w600_and_h900_bestv2/dCgm7efXDmiABSdWDHBDBx2jwmn.jpg</thumbnail>
<fanart>https://image.tmdb.org/t/p/original/c1OSRvorPXvGtFka7mgV6Jcw6jd.jpg</fanart>
</item>
<item>
	<title>Eye in the Sky (2015)</title>
<meta>
<content>movie</content>
<imdb>tt2057392</imdb>
<title>Eye in  the Sky</title>
<year>2015</year>
</meta>
<link>
<sublink>https://uptobox.com/7vsrphfbu9po(720p)</sublink>
<sublink>https://uptobox.com/u77h3ls6a0o6(1080p)</sublink>
<sublink>search</sublink>
<sublink>searchsd</sublink>
</link>
<thumbnail>https://image.tmdb.org/t/p/w600_and_h900_bestv2/7IUUuB9Nwtp2Lslpt4Jo4bzMGoX.jpg</thumbnail>
<fanart>https://image.tmdb.org/t/p/w700_and_h392_bestv2/mvpLKLMSyuidHrztuAOSwyjloDS.jpg</fanart>
</item>
<item>
	<title>Insidious: Chapter 3 (2015)</title>
<meta>
<content></content>
<imdb></imdb>
<title>Insidious: Chapter 3</title>
<year>2015</year>
</meta>
<link>
<sublink>https://uptostream.com/umoexitdoisz(720p)</sublink>
<sublink>https://uptostream.com/i9vd2ywyi0o5(1080p)</sublink>
<sublink>search</sublink>
<sublink>searchsd</sublink>
</link>
<thumbnail>https://image.tmdb.org/t/p/w1280/ixANIbPRTNMAstlqJa2FlfBesyQ.jpg</thumbnail>
<fanart>https://image.tmdb.org/t/p/original/fii3bunxCjdFpbcEJmFyJW1qDFp.jpg</fanart>
</item>
<item>
	<title>Unfriended (2015)</title>
<meta>
<content>movie</content>
<imdb>tt3713166</imdb>
<title>Unfriended</title>
<year>2015</year>
</meta>
<link>
<sublink>https://uptostream.com/yslwdz0y5jc2</sublink>
<sublink></sublink>
<sublink>search</sublink>
<sublink>searchsd</sublink>
</link>
<thumbnail>https://image.tmdb.org/t/p/w1280/hfEBlhvVWFt61EWjNbjlKdDilBI.jpg</thumbnail>
<fanart>https://image.tmdb.org/t/p/original/3qGUJvbleUp1UrfXyb0jDuYVUgP.jpg</fanart>
</item>
<item>
	<title>[COLOR=white]We Are Still Here[/COLOR]</title>
	<meta>
	<imdb>tt3520418</imdb>
	<content>movie</content>
	<title>We Are Still Here</title>
	<year>2015</year>
	</meta>
	<link>
	<sublink>https://uptostream.com/4u9ivsr5uj4u(720p)</sublink>
	<sublink>https://uptostream.com/lsu7cyn0vl6e(1080p)</sublink>
	<sublink>search</sublink>
	<sublink>searchsd</sublink>
	</link>
	<thumbnail>https://image.tmdb.org/t/p/w1280/oTslO8AmYYGaFr6MCiIv3F30vWv.jpg</thumbnail>
	<fanart>https://image.tmdb.org/t/p/w1280/lfwd6PUeOlUl6wdaVQf5wyVbzNE.jpg</fanart>
</item>
<item>
	<title>[COLOR=white]Sweet Home[/COLOR]</title>
	<meta>
	<imdb>tt3477752</imdb>
	<content>movie</content>
	<title>Sweet Home</title>
	<year>2015</year>
	</meta>
	<link>
	<sublink>https://uptobox.com/cfozuieu2drq(720P)</sublink>
	<sublink>https://uptobox.com/zjsmfvl2ux7q(1080P)</sublink>
	<sublink>search</sublink>
	<sublink>searchsd</sublink>
	</link>
	<thumbnail>https://image.tmdb.org/t/p/w1280/AcczgYeU7O0oRmEEtJuXBW8mrFM.jpg</thumbnail>
	<fanart>https://image.tmdb.org/t/p/w1280/ohU87ixie2CDRtI7eeouNd1MKl8.jpg</fanart>
</item>
<item>
	<title>[COLOR=white]Robert[/COLOR]</title>
	<meta>
	<imdb>tt4141368</imdb>
	<content>movie</content>
	<title>Robert</title>
	<year>2015</year>
	</meta>
	<link>
	<sublink>https://uptobox.com/wzl94356wq4q(720P)</sublink>
	<sublink>https://uptobox.com/t0ai8fa9uuv5(1080P)</sublink>
	<sublink>search</sublink>
	<sublink>searchsd</sublink>
	</link>
	<thumbnail>https://image.tmdb.org/t/p/w1280/me4Cyy5F7SjQ3fmxL4Mo63UIg2A.jpg</thumbnail>
	<fanart>https://image.tmdb.org/t/p/w1280/7FJv1bVpFr3MMUo2gvInCJ4Bwy5.jpg</fanart>
</item>
<item>
	<title>The Boy Next Door-2015</title>
<meta>
<content>movie</content>
<imdb>tt3181822</imdb>
<title>The Boy Next Door</title>
<year>2015</year>
</meta>
<link>
<sublink>https://uptostream.com/xaz4xsz2k9lv(720p)</sublink>
<sublink>https://uptostream.com/0dyeqmyncfud(1080p)</sublink>
<sublink>search</sublink>
<sublink>searchsd</sublink>
</link>
<thumbnail>https://image.tmdb.org/t/p/w1280/pWxorIYZaO410i8VPf84YZKWe4k.jpg</thumbnail>
<fanart>https://image.tmdb.org/t/p/w1000_and_h563_face/vj4IhmH4HCMZYYjTMiYBybTWR5o.jpg</fanart>
</item>
<item>
	<title>Sinister 2 (2015)</title>
<meta>
<content></content>
<imdb>tt2752772</imdb>
<title>Sinister 2</title>
<year>2015</year>
</meta>
<link>
<sublink>https://uptostream.com/cvlt18xyuvnp(720p)</sublink>
<sublink>https://uptostream.com/fk3nlnf9eh9o(1080p)</sublink>
<sublink>search</sublink>
<sublink>searchsd</sublink>
</link>
<thumbnail>https://image.tmdb.org/t/p/w1280/AeJYo2wLVL6NpkHxpWIptGbQD0N.jpg</thumbnail>
<fanart>https://image.tmdb.org/t/p/original/nlLgjizKZSrK9a8sZlJ2YbjoU0Y.jpg</fanart>
</item>
<item>
	<title>Star Wars: The Force Awakens (2015)</title>
<meta>
<content>movie</content>
<imdb>tt2488496</imdb>
<title>Star Wars: The Force Awakens</title>
<year>2015</year>
</meta>
<link>
<sublink>https://uptobox.com/wopvzh959r47(720p)</sublink>
<sublink>https://uptobox.com/1cyuafbzc3di(1080p)</sublink>
<sublink>search</sublink>
<sublink>searchsd</sublink>
</link>
<thumbnail>https://image.tmdb.org/t/p/w600_and_h900_bestv2/weUSwMdQIa3NaXVzwUoIIcAi85d.jpg</thumbnail>
<fanart>https://image.tmdb.org/t/p/original/wSyHVm2rv9jHxBqjAfSXJGSAYJ9.jpg</fanart>
</item>
<item>
	<title>The Revenant (2015)</title>
<meta>
<content>movie</content>
<imdb>tt1663202</imdb>
<title>The Revenant </title>
<year>2015</year>
</meta>
<link>
<sublink>https://uptobox.com/7ht4wkzbrn1n(720p)</sublink>
<sublink>https://uptobox.com/iev5czrg7fzj(1080p)</sublink>
<sublink>search</sublink>
<sublink>searchsd</sublink>
</link>
<thumbnail>https://image.tmdb.org/t/p/w600_and_h900_bestv2/oXUWEc5i3wYyFnL1Ycu8ppxxPvs.jpg</thumbnail>
<fanart>https://image.tmdb.org/t/p/w700_and_h392_bestv2/ntxCDpafHUhrizvwd7ixEnt7KCD.jpg</fanart>
</item>
<item>
	<title>Extraction (2015)</title>
<meta>
<content>movie</content>
<imdb>tt4382872</imdb>
<title>Extraction</title>
<year>2015</year>
</meta>
<link>
<sublink>https://uptobox.com/hsm0ptma6087(720p)</sublink>
<sublink>https://uptobox.com/pzq781igdteb(1080p)</sublink>
<sublink>search</sublink>
<sublink>searchsd</sublink>
</link>
<thumbnail>https://image.tmdb.org/t/p/w600_and_h900_bestv2/s1yyDZetHVSLoL06ZgkCrWh0MH7.jpg</thumbnail>
<fanart>https://image.tmdb.org/t/p/w700_and_h392_bestv2/m4aKowtOadWoPfcSnExxPXWxgcW.jpg</fanart>
</item>
<item>
	<title>Hardcore Henry (2015)</title>
<meta>
<content>movie</content>
<imdb>tt3072482</imdb>
<title>Hardcore Henry</title>
<year>2015</year>
</meta>
<link>
<sublink>https://uptobox.com/olf92cuw3qte(720p)</sublink>
<sublink>https://uptobox.com/xphxs2i9qgby(1080p)</sublink>
<sublink>search</sublink>
<sublink>searchsd</sublink>
</link>
<thumbnail>https://image.tmdb.org/t/p/w600_and_h900_bestv2/qfWLO0iXmbvxzyk0ez4pXrgkRDM.jpg</thumbnail>
<fanart>https://image.tmdb.org/t/p/w700_and_h392_bestv2/vhOzFmdma0ELiGSuyhNOLAgNG9D.jpg</fanart>
</item>
<item>
	<title>[COLOR=white]Terminator Genisys[/COLOR]</title>
	<meta>
	<imdb>tt1340138</imdb>
	<content>movie</content>
	<title>Terminator Genisys</title>
	<year>2015</year>
	</meta>
	<link>
	<sublink>https://uptostream.com/q329h9qlkvh6(720p)</sublink>
	<sublink>https://uptostream.com/ifb1mykhjwxw(1080p)</sublink>
	<sublink>search</sublink>
	<sublink>searchsd</sublink>
	</link>
	<thumbnail>https://image.tmdb.org/t/p/w1280/5JU9ytZJyR3zmClGmVm9q4Geqbd.jpg</thumbnail>
	<fanart>https://image.tmdb.org/t/p/w1280/bIlYH4l2AyYvEysmS2AOfjO7Dn8.jpg</fanart>
</item>
<item>
	<title>Kingsmen: The Secret Service-2015</title>
<meta>
<content>movie</content>
<imdb>tt2802144</imdb>
<title>Kingsmen: The Secret Service</title>
<year>2015</year>
</meta>
<link>
<sublink>https://uptostream.com/gu5pgpfwmxnp(720p)</sublink>
<sublink>https://uptostream.com/srzi2lc65k1m(1080p)</sublink>
<sublink>search</sublink>
<sublink>searchsd</sublink>
</link>
<thumbnail>https://image.tmdb.org/t/p/w1280/8x7ej0LnHdKUqilNNJXYOeyB6L9.jpg</thumbnail>
<fanart>https://image.tmdb.org/t/p/w1000_and_h563_face/pfyWJUxrBTT2UIPoEQF3iFTHcQT.jpg</fanart>
</item>
<item>
	<title>[COLOR=white]Fathers and Daughters[/COLOR]</title>
	<meta>
	<imdb>tt2582502</imdb>
	<content>movie</content>
	<title>Fathers and Daughters</title>
	<year>2015</year>
	</meta>
	<link>
	<sublink>https://uptobox.com/467qauqyngic(720p)</sublink>
	<sublink>search</sublink>
	<sublink>searchsd</sublink>
	</link>
	<thumbnail>https://image.tmdb.org/t/p/w1280/fgzp7gGea27hN5d26mgKtZJQgX7.jpg</thumbnail>
	<fanart>https://image.tmdb.org/t/p/w1280/fzoMp3OuwbvKTXosew49HwlQG65.jpg</fanart>
</item>
<item>
	<title>[COLOR=white]Tiger House[/COLOR]</title>
  <meta>
  <imdb>tt2911674</imdb>
  <content>movie</content>
  <title>Tiger House</title>
  <year>2015</year>
  </meta>
  <link>
  <sublink>https://uptostream.com/zn6qxnom0675(720p)</sublink>
  <sublink>https://uptobox.com/szcjwlwypt5s(1080p)</sublink>
  <sublink>search</sublink>
  <sublink>searchsd</sublink>
  </link>
  <thumbnail>https://image.tmdb.org/t/p/w1280/odP83vvEMsc7cKxGwsXBhA628G6.jpg</thumbnail>
  <fanart>https://image.tmdb.org/t/p/w1280/cQHtpMJ759YxYgPJzFZmnbfts5m.jpg</fanart>
</item>
<item>
	<title>[COLOR=white]Self less[/COLOR]</title>
	<meta>
	<imdb>tt2140379</imdb>
	<content>movie</content>
	<title>Self less</title>
	<year>2015</year>
	</meta>
	<link>
	<sublink>https://uptobox.com/g4k25y4mqd8f(720P)</sublink>
	<sublink>https://uptobox.com/o8436ibuj0y5(1080P)</sublink>
	<sublink>search</sublink>
	<sublink>searchsd</sublink>
	</link>
	<thumbnail>https://image.tmdb.org/t/p/w1280/b03zZZTE17iH6klsInFOlrgfYRN.jpg</thumbnail>
	<fanart>https://image.tmdb.org/t/p/w1280/xB92CSLn0w40ZoRGwfpkw9bbBMp.jpg</fanart>
</item>
<item>
	<title>[COLOR=white]ip Man 3[/COLOR]</title>
	<meta>
	<imdb>tt2888046</imdb>
	<content>movie</content>
	<title>ip Man 3</title>
	<year>2015</year>
	</meta>
	<link>
	<sublink>https://uptobox.com/t1o1hwehv44b(720P)</sublink>
	<sublink>https://uptobox.com/bhlxjqefj30k(1080P)</sublink>
	<sublink>search</sublink>
	<sublink>searchsd</sublink>
	</link>
	<thumbnail>https://image.tmdb.org/t/p/w1280/3WD6E1QcYQHNMPWXEvtivyQ7waQ.jpg</thumbnail>
	<fanart>https://image.tmdb.org/t/p/w1280/bJYOKWgfz89m62LJ2jW0ZESet1I.jpg</fanart>
</item>
<item>
	<title>[COLOR=white]Legend[/COLOR]</title>
	<meta>
	<imdb>tt3569230</imdb>
	<content>movie</content>
	<title>Legend</title>
	<year>2015</year>
	</meta>
	<link>
	<sublink>https://uptobox.com/8fydvo0dknj6(720p)</sublink>
	<sublink>https://uptobox.com/stgviy8naj7b(1080p)</sublink>
	<sublink>search</sublink>
	<sublink>searchsd</sublink>
	</link>
	<thumbnail>https://image.tmdb.org/t/p/w1280/nXXI1MCJ0ugMetJ5Qn7ofDXANxf.jpg</thumbnail>
	<fanart>https://image.tmdb.org/t/p/w1280/lgQ8axR46D8GwYT7n77YiCoGs1j.jpg</fanart>
</item>
<item>
	<title>Aloha</title>
<meta>
<content>movie</content>
<imdb>tt1243974</imdb>
<title>Aloha</title>
<year>2015</year>
</meta>
<link>
<sublink>(720p)</sublink>
<sublink>https://uptostream.com/ju0udbg6gvxy(1080p)</sublink>
<sublink>search</sublink>
<sublink>searchsd</sublink>
</link>
<thumbnail>https://image.tmdb.org/t/p/w1280/4Q0rnkCsQ9GhdnR66Bqjvav2Q1x.jpg</thumbnail>
<fanart>https://image.tmdb.org/t/p/w1000_and_h563_face/o8KUFmZlAmi4dgbNxyVf5PH0GL3.jpg</fanart>
</item>
<item>
	<title>[COLOR=white]Worlds Apart[/COLOR]</title>
	<meta>
	<imdb>tt3909336</imdb>
	<content>movie</content>
	<title>Worlds Apart</title>
	<year>2015</year>
	</meta>
	<link>
	<sublink>https://uptobox.com/atggtum09sgq(720p)</sublink>
	<sublink>search</sublink>
	<sublink>searchsd</sublink>
	</link>
	<thumbnail>https://image.tmdb.org/t/p/w1280/3ZMfmZdGnt9J5ZGrSJfmc62ig31.jpg</thumbnail>
	<fanart>https://image.tmdb.org/t/p/w1280/3tjec1SUnaPqvixPpYWounMplmk.jpg</fanart>
</item>
<item>
	<title>Pixels-2015</title>
<meta>
<content>movie</content>
<imdb>tt2120120</imdb>
<title>Pixels</title>
<year>2015</year>
</meta>
<link>
<sublink>https://uptostream.com/u51ceb9dvhqy(720p)</sublink>
<sublink>https://uptostream.com/u51ceb9dvhqy(1080p)</sublink>
<sublink>search</sublink>
<sublink>searchsd</sublink>
</link>
<thumbnail>https://image.tmdb.org/t/p/w1280/ktyVmIqfoaJ8w0gDSZyjhhOPpD6.jpg</thumbnail>
<fanart>https://image.tmdb.org/t/p/w1000_and_h563_face/giwHyGSqtpY9nMBwdAa8DOIk9IU.jpg</fanart>
</item>
<item>
	<title>Trainwreck</title>
<meta>
<content>movie</content>
<imdb>tt3152624</imdb>
<title>Trainwreck-2015</title>
<year>2015</year>
</meta>
<link>
<sublink>https://uptostream.com/63nafmk1mhxh(720p)</sublink>
<sublink>https://uptostream.com/jobmdzddw74w(1080p)</sublink>
<sublink>search</sublink>
<sublink>searchsd</sublink>
</link>
<thumbnail>https://image.tmdb.org/t/p/w1280/2USk7mhiCXRkU9NzttXCzOjg2iV.jpg</thumbnail>
<fanart>https://image.tmdb.org/t/p/w1000_and_h563_face/iQfaHj1K3oyuoz6h4NHuRn5aU2E.jpg</fanart>
</item>
<item>
	<title>[COLOR=white]Hot Tub Time Machine 2[/COLOR]</title>
	<meta>
	<imdb>tt2637294</imdb>
	<content>movie</content>
	<title>Hot Tub Time Machine 2</title>
	<year>2015</year>
	</meta>
	<link>
	<sublink>https://uptobox.com/zmw59fuw3mv0(720p)</sublink>
	<sublink>https://uptobox.com/vy9bfajn08w5(1080p)</sublink>
	<sublink>search</sublink>
	<sublink>searchsd</sublink>
	</link>
	<thumbnail>https://image.tmdb.org/t/p/w1280/tQtWuwvMf0hCc2QR2tkolwl7c3c.jpg</thumbnail>
	<fanart>https://image.tmdb.org/t/p/w1280/e2au5ZOOxThV3mB6Wu0fK8OFqpq.jpg</fanart>
</item>
<item>
	<title>Ted 2 (2015)</title>
<meta>
<content>movie</content>
<imdb>tt2637276</imdb>
<title>Ted 2</title>
<year>2015</year>
</meta>
<link>
<sublink>https://uptostream.com/6plc2vfcek7m</sublink>
<sublink>search</sublink>
<sublink>searchsd</sublink>
</link>
<thumbnail>https://image.tmdb.org/t/p/w600_and_h900_bestv2/A7HtCxFe7Ms8H7e7o2zawppbuDT.jpg</thumbnail>
<fanart>https://image.tmdb.org/t/p/original/e2C3xSla71rzdwKmpNFdg1KCITX.jpg</fanart>
</item>
<item>
	<title>Daddy's Home (2015)</title>
<meta>
<content>movie</content>
<imdb>tt1528854</imdb>
<title>Daddy's Home</title>
<year>2015</year>
</meta>
<link>
<sublink>https://uptobox.com/o2hihxjbc8zq(1080P)</sublink>
<sublink></sublink>
<sublink>search</sublink>
<sublink>searchsd</sublink>
</link>
<thumbnail>https://image.tmdb.org/t/p/w600_and_h900_bestv2/diEAZtU6KJzo6VStL5US8arkdIQ.jpg</thumbnail>
<fanart>https://image.tmdb.org/t/p/original/qb8O3o1J5DzX7WDEdH1nXpEHZky.jpg</fanart>
</item>
<item>
	<title>Home Sweet Hell</title>
<meta>
<content>movie</content>
<imdb>tt2802136</imdb>
<title>Home Sweet Hell</title>
<year>2015</year>
</meta>
<link>
<sublink>https://uptostream.com/grh4vcr2pvc9(720p)</sublink>
<sublink>https://uptostream.com/zbahbaaym7vw(1080p)</sublink>
<sublink>search</sublink>
<sublink>searchsd</sublink>
</link>
<thumbnail>https://image.tmdb.org/t/p/w1280/pFKQZliM8kTv0cGSbvOaCfptUHk.jpg</thumbnail>
<fanart>https://image.tmdb.org/t/p/w1000_and_h563_face/a5zsLeTiA0cNnnXkxIc6PCMNBqY.jpg</fanart>
</item>
<item>
	<title>Vacation (2015)</title>
<meta>
<content>movie</content>
<imdb>tt1524930</imdb>
<title>Vacation</title>
<year>2015</year>
</meta>
<link>
<link>https://uptostream.com/rvq7u2gsp2qq</link>
<sublink></sublink>
<sublink>search</sublink>
<sublink>searchsd</sublink>
</link>
<thumbnail>https://image.tmdb.org/t/p/w1280/wIFE9tOrnCigzldadEoGYqxxKEJ.jpg</thumbnail>
<fanart>https://image.tmdb.org/t/p/original/3pDqidHzSDHDNlrZ6isAvXNFiYy.jpg</fanart>
</item>
<item>
	<title>No Escape (2015)</title>
<meta>
<content></content>
<imdb>tt1781922</imdb>
<title>No Escape</title>
<year>2015</year>
</meta>
<link>
<sublink>https://uptostream.com/v76x5348a80s(720p)</sublink>
<sublink>https://uptostream.com/2c6f05473j12(1080p)</sublink>
<sublink>search</sublink>
<sublink>searchsd</sublink>
</link>
<thumbnail>https://image.tmdb.org/t/p/w600_and_h900_bestv2/jIXZEvL4dmgkjyhD5JUDeOaASKB.jpg</thumbnail>
<fanart>https://image.tmdb.org/t/p/original/l97RWqhhZnrCjb2xQ5ZCGveQkq1.jpg</fanart>
</item>
<item>
	<title>Concussion (2015)</title>
<meta>
<content>movie</content>
<imdb></imdb>
<title>Concussion</title>
<year>2015</year>
</meta>
<link>
<sublink>https://uptostream.com/wp5doy3k9739</sublink>
<sublink></sublink>
<sublink>search</sublink>
<sublink>searchsd</sublink>
</link>
<thumbnail>https://image.tmdb.org/t/p/w1280/vdK1f9kpY5QEwrAiXs9R7PlerNC.jpg</thumbnail>
<fanart>https://image.tmdb.org/t/p/original/zW4sHr09CbEzf7hiVKMHJwZdOoN.jpg</fanart>
</item>
<item>
	<title>Creed (2015)</title>
<meta>
<content>movie</content>
<imdb>tt3076658</imdb>
<title>Creed</title>
<year>2015</year>
</meta>
<link>
<sublink>https://uptobox.com/aan22d0873ma(720p)</sublink>
<sublink>https://uptobox.com/4bt0xllv9gwx(1080p)</sublink>
<sublink>search</sublink>
<sublink>searchsd</sublink>
</link>
<thumbnail>https://image.tmdb.org/t/p/w600_and_h900_bestv2/hKzhV274pkZBSpXfCjUyzbyYKLl.jpg</thumbnail>
<fanart>https://image.tmdb.org/t/p/original/gcOYRps3kY9J4uUx2MeExqTWSH9.jpg</fanart>
</item>
<item>
	<title>[COLOR=white]Southpaw[/COLOR]</title>
	<meta>
	<imdb>tt1798684</imdb>
	<content>movie</content>
	<title>Southpaw</title>
	<year>2015</year>
	</meta>
	<link>
	<sublink>https://uptostream.com/mbiegbrwfjaf(720p)</sublink>
	<sublink>https://uptostream.com/phlxolhqe2hv(1080p)</sublink>
	<sublink>search</sublink>
	<sublink>searchsd</sublink>
	</link>
	<thumbnail>https://image.tmdb.org/t/p/w1280/50d0XQQETSyg3bwBXhC7K33pKgc.jpg</thumbnail>
	<fanart>https://image.tmdb.org/t/p/w1280/tTt1cdEEkKMJ1R4VBTe5vbE3bWO.jpg</fanart>
</item>
<item>
	<title>Hitting the Apex (2015)</title>
<meta>
<imdb>tt4973112</imdb>
<content>movie</content>
<year>2015</year>
</meta>
<link>
<sublink>http://dl8.f2m.io/film/Hitting.The.Apex.2015.1080p.BluRay.Film2Movie_WS.mkv</sublink>
<sublink>http://dl8.f2m.io/film/Hitting.The.Apex.2015.720p.BluRay.Film2Movie_WS.mkv</sublink>
<sublink>http://dl8.f2m.io/film/Hitting.The.Apex.2015.480p.BluRay.Film2Movie_WS.mkv</sublink>
</link>
<thumbnail>https://m.media-amazon.com/images/M/MV5BODQ3Nzc3NzYxNF5BMl5BanBnXkFtZTgwMTIyOTg2NjE@._V1_.jpg</thumbnail>
<fanart>https://m.media-amazon.com/images/M/MV5BZTdjMDcwNTAtZDQ1Mi00ZjM2LWJhMzktYWVhY2U4OTA0OWQxXkEyXkFqcGdeQXVyMTIyODQ4MQ@@._V1_SX1407_CR0,0,1407,999_AL_.jpg</fanart>
</item>
