<item>
	<title>Justice League (2017)</title>
<meta>
<content>movie</content>
<imdb>tt0974015</imdb>
<title>Justice League</title>
<year>2017</year>
</meta>
<link>
<sublink>https://uptobox.com/bjdn3l9h17cc(DEBRID-720P)</sublink>
<sublink>magnet:?xt=urn:btih:7C1C844B2CCC8F46EFF97FC2CA735F9E4DBFD2FA&dn=Justice+League+%282017%29+%5BBluRay%5D+%5B1080p%5D+%5BYTS.AM%5D(DEBRID ONLY 1080P)</sublink>
<sublink>search</sublink>
<sublink>searchsd</sublink>
</link>
<thumbnail>https://image.tmdb.org/t/p/w600_and_h900_bestv2/eifGNCSDuxJeS1loAXil5bIGgvC.jpg</thumbnail>
<fanart>https://image.tmdb.org/t/p/original/cl6xFnw5MargWPE2fr82NgN4zVB.jpg</fanart>
</item>
<item>
	<title>Wonder Woman (2017)</title>
<meta>
<content></content>
<imdb>tt0451279</imdb>
<title>Wonder Woman</title>
<year>2017</year>
</meta>
<link>
<sublink>https://streamango.com/f/qklplfasnsdqmopd</sublink>
<sublink>https://uptobox.com/foyu1vjl0byb(DEBRID-1080p)</sublink>
<sublink>https://uptobox.com/l04dlvrruth2(DEBRID-720p)</sublink>
<sublink>magnet:?xt=urn:btih:39F06FB37FE2D258C1BDF51A4000551E5CA5F02F&dn=Wonder+Woman+2017+1080p+BluRay+H264+AAC-RARBG(DEBRID ONLY 1080P)</sublink>
<sublink>search</sublink>
<sublink>searchsd</sublink>
</link>
<thumbnail>https://image.tmdb.org/t/p/w600_and_h900_bestv2/imekS7f1OuHyUP2LAiTEM0zBzUz.jpg</thumbnail>
<fanart>https://image.tmdb.org/t/p/original/zr9AFBByEYPZk4krrSSHIc22nJR.jpg</fanart>
</item>
<item>
	<title>Logan 2017</title>
<meta>
<content>movie</content>
<imdb>tt3315342</imdb>
<title>Logan</title>
<year>2017</year>
</meta>
<link>
<sublink>https://uptostream.com/1nxxysmixil5</sublink>
<sublink>https://uptostream.com/bagojpwqwzac</sublink>
<sublink>https://uptobox.com/pcy9z2q0cmf8(DEBRID-1080p)</sublink>
<sublink>https://uptobox.com/egy8nc8uweg5(DERBID-720p)</sublink>
<sublink>magnet:?xt=urn:btih:1AB2CE4D62A9A46E91A3A3097BCEBD6248978D40&dn=Logan+%282017%29+%5B1080p%5D+%5BYTS.AG%5D(DEBRID ONLY 1080P)</sublink>
<sublink>search</sublink>
<sublink>searchsd</sublink>
</link>
<thumbnail>https://image.tmdb.org/t/p/w600_and_h900_bestv2/gGBu0hKw9BGddG8RkRAMX7B6NDB.jpg</thumbnail>
<fanart>https://image.tmdb.org/t/p/original/z9PXN1bTe0mbLww2XG4YDsWXQSN.jpg</fanart>
</item>
<item>
	<title>Spider-Man: Homecoming (2017)</title>
<meta>
<content>movie</content>
<imdb>tt2250912</imdb>
<title>Spider-Man: Homecoming</title>
<year>2017</year>
</meta>
<link>
<sublink>https://uptobox.com/adrw2g9iltzr(DEBRID-720p)</sublink>
<sublink>https://uptobox.com/7359ovpkihnm(DEBRID-1080p)</sublink>
<sublink>magnet:?xt=urn:btih:2FD8943F9D034CDAC95EE3B0484AF2DC837BEE97&dn=Spider-Man+Homecoming+2017+1080p+BluRay+H264+DualAudio-LRA(DEBRID ONLY 1080P)</sublink>
<sublink>search</sublink>
<sublink>searchsd</sublink>
</link>
<thumbnail>https://image.tmdb.org/t/p/w600_and_h900_bestv2/5x00yQZ3Mcz7duwMKc9GE8oZjFf.jpg</thumbnail>
<fanart>https://image.tmdb.org/t/p/original/vMNEvp4wKAkDIODZjz5BsqVWY9y.jpg</fanart>
</item>
<item>
	<title>Thor: Ragnarok (2017)</title>
<meta>
<content>movie</content>
<imdb>tt3501632</imdb>
<title>Thor: Ragnarok</title>
<year>2017</year>
</meta>
<link>
<sublink>https://uptobox.com/yqc2ixhspdm0(DEBRID-720P)</sublink>
<sublink>magnet:?xt=urn:btih:A8C16F6ACB9F3422129463A471A3B2591B1127F1&dn=Thor+Ragnarok+2017+MULTI+1080p+BluRay+x264-VENUE(DEBRID ONLY 1080P)</sublink>
<sublink>search</sublink>
<sublink>searchsd</sublink>
</link>
<thumbnail>https://image.tmdb.org/t/p/w600_and_h900_bestv2/rzRwTcFvttcN1ZpX2xv4j3tSdJu.jpg</thumbnail>
<fanart>https://image.tmdb.org/t/p/original/mC5h2mJp7yGXziwSlzk5MjY1SAa.jpg</fanart>
</item>
<item>
	<title>Guardians of the Galaxy Vol. 2 (2017)</title>
<meta>
<content></content>
<imdb>tt3896198</imdb>
<title>Guardians of the Galaxy Vol. 2 </title>
<year>2017</year>
</meta>
<link>
<sublink>https://uptobox.com/lk5spj72o9xh(DEBRID-1080p)</sublink>
<sublink>https://uptobox.com/ch5bw2v0umjd(DEBRID-720p)</sublink>
<sublink>magnet:?xt=urn:btih:B880CBDEF0E3DF25CF07313059E46535C5C3C828&dn=Guardians+of+the+Galaxy+Vol+2+2017+1080p+BluRay+H264+AAC-RARBG(DEBRID ONLY 1080P)</sublink>
<sublink>search</sublink>
<sublink>searchsd</sublink>
</link>
<thumbnail>https://image.tmdb.org/t/p/w600_and_h900_bestv2/y4MBh0EjBlMuOzv9axM4qJlmhzz.jpg</thumbnail>
<fanart>https://image.tmdb.org/t/p/original/uwH7DgD2Y7uUtmNTD1t97K0ZG2a.jpg</fanart>
</item>
<item>
	<title>Transformers: The Last Knight (2017)</title>
<meta>
<content></content>
<imdb>tt3371366</imdb>
<title>Transformers: The Last Knight</title>
<year>2017</year>
</meta>
<link>
<sublink>https://uptobox.com/ho4v58ac2dpt(DEBRID-720p)</sublink>
<sublink>https://uptobox.com/svc8zo26jqdv(DEBRID-1080p)</sublink>
<sublink>magnet:?xt=urn:btih:2F80399EF8772B7927BAD4226A1BA06F9C22DC1D&dn=Transformers%3A+The+Last+Knight+Bluray+IMAX+Full+HD+1080p+x264+Dual+audio+%282017%29(DEBRID ONLY 1080P)</sublink>
<sublink>search</sublink>
<sublink>searchsd</sublink>
</link>
<thumbnail>https://image.tmdb.org/t/p/w1280/s5HQf2Gb3lIO2cRcFwNL9sn1o1o.jpg</thumbnail>
<fanart>https://image.tmdb.org/t/p/original/kJQz1BeqfBPaZytHjG1KtecEFMO.jpg</fanart>
</item>
<item>
	<title>My Little Pony: The Movie (2017)</title>
<meta>
<content>movie</content>
<imdb>tt4131800</imdb>
<title>My Little Pony: The Movie</title>
<year>2017</year>
</meta>
<link>
<sublink>magnet:?xt=urn:btih:1260F60A7BE76A9650990E191158595AC8D67A58&dn=My+Little+Pony+The+Movie+2017+720p+BluRay+x264+AC3-RiPRG(DEBRID ONLY 720P)</sublink>
<sublink>magnet:?xt=urn:btih:67EA97FFE8F2CFB7CA3605646F9945F1A67C19FC&dn=My+Little+Pony+-+The+Movie+2017+%281080p+Bluray+x265+HEVC+10bit+AAC+5+1+Tigole%29(DEBRID ONLY 1080P)</sublink>
<sublink>search</sublink>
<sublink>searchsd</sublink>
</link>
<thumbnail>https://image.tmdb.org/t/p/w600_and_h900_bestv2/8FAkwIBnd5eGlSJBrJfJVMWAbhI.jpg</thumbnail>
<fanart>https://image.tmdb.org/t/p/original/t9QTd0V3rbv6W25QbHJuC6zbIo1.jpg</fanart>
</item>
<item>
<title>Cars 3 (2017)</title>
<meta>
<content></content>
<imdb>tt3606752</imdb>
<title>Cars 3</title>
<year>2017</year>
</meta>
<link>
<sublink>magnet:?xt=urn:btih:CDFD3DBFA64983764C208A14A480C7ACB2CD2E50&dn=Cars+3+2017+720p+BluRay+x264-x0r%5BSN%5D(DEBRID ONLY 720P)</sublink>
<sublink>magnet:?xt=urn:btih:2C8AB066E11E7B4D0BB50C04DDFC4B47D1D4BCED&dn=Cars+3+%282017%29+%281080p+BluRay+x265+HEVC+10bit+AAC+7+1+Tigole%29(DEBRID ONLY 1080P)</sublink>
<sublink>search</sublink>
<sublink>searchsd</sublink>
</link>
<thumbnail>https://image.tmdb.org/t/p/w600_and_h900_bestv2/fyy1nDC8wm553FCiBDojkJmKLCs.jpg</thumbnail>
<fanart>https://image.tmdb.org/t/p/original/wdSYLsgVPYMAL5IMBhVUdCcN2Q1.jpg</fanart>
</item>
<item>
<title>Captain Underpants: The First Epic Movie (2017)</title>
<meta>
<content>movie</content>
<imdb>tt2091256</imdb>
<title>Captain Underpants: The First Epic Movie</title>
<year>2017</year>
</meta>
<link>
<sublink>https://uptobox.com/uha81fjk5y2o(DEBRID-720P)</sublink>
<sublink>magnet:?xt=urn:btih:9066B3D12C0ED7C12326441FEC8FEFA12CE42ABF&dn=Captain+Underpants+The+First+Epic+Movie+2017+1080p+BluRay+H264+AA(DEBRID ONLY 1080P)</sublink>
<sublink>search</sublink>
<sublink>searchsd</sublink>
</link>
<thumbnail>https://image.tmdb.org/t/p/w600_and_h900_bestv2/AjHZIkzhPXrRNE4VSLVWx6dirK9.jpg</thumbnail>
<fanart>https://image.tmdb.org/t/p/original/3MSrtN9M6V8te4XYWeaO2x8EesO.jpg</fanart>
</item>
<item>
<title>Coco (2017)</title>
<meta>
<content>movie</content>
<imdb>tt2380307</imdb>
<title>Coco</title>
<year>2017</year>
</meta>
<link>
<sublink>magnet:?xt=urn:btih:2617660D2796B5E6E0C6B8834F6C465A137241A6&dn=Coco+2017+720p+BluRay+H264+AAC-RARBG(DEBRID ONLY 720P)</sublink>
<sublink>magnet:?xt=urn:btih:4CAB6219718590975AC90DB487E5FB499004D8B0&dn=Coco+2017+1080p+BluRay+H264+AAC-RARBG(DEBRID ONLY 1080P)</sublink>
<sublink>search</sublink>
<sublink>searchsd</sublink>
</link>
<thumbnail>https://image.tmdb.org/t/p/w600_and_h900_bestv2/eKi8dIrr8voobbaGzDpe8w0PVbC.jpg</thumbnail>
<fanart>https://image.tmdb.org/t/p/original/wSJHuSD7ojzoXifWjOAjxV7UpEL.jpg</fanart>
</item>
<item>
<title>Despicable Me 3 (2017)</title>
<meta>
<content>movie</content>
<imdb>tt3469046</imdb>
<title>Despicable Me 3</title>
<year>2017</year>
</meta>
<link>
<sublink>magnet:?xt=urn:btih:992ABC3369CBAB7632830D67C5E8BA2E0C396626&dn=Despicable+Me+3+2017+720p+BluRay+H264+AAC+RARBG(DEBRID ONLY 720P)</sublink>
<sublink>magnet:?xt=urn:btih:6D5EB0F4AD3BC1717C378739B06A8117971084A3&dn=Despicable+Me+3+2017+Bluray+1080p+DTS-X-HD-7+1+x264-Grym(DEBRID ONLY 1080P)</sublink>
<sublink>search</sublink>
<sublink>searchsd</sublink>
</link>
<thumbnail>https://image.tmdb.org/t/p/w600_and_h900_bestv2/6t3YWl7hrr88lCEFlGVqW5yV99R.jpg</thumbnail>
<fanart>https://image.tmdb.org/t/p/original/pAGzhp4Yx1ROw9gTy2T5c5uloSn.jpg</fanart>
</item>
<item>
	<title>Blade Runner 2049 (2017)</title>
<meta>
<content>movie</content>
<imdb>tt1856101</imdb>
<title>Blade Runner 2049</title>
<year>2017</year>
</meta>
<link>
<sublink>https://uptostream.com/atyb5khdp1ho(DEBRID-720p)</sublink>
<sublink>https://uptobox.com/pxik5ggvuygx(DEBRID-1080p)</sublink>
<sublink>magnet:?xt=urn:btih:086DF62B5588D8150789FFCFA912EC9662E5D399&dn=Blade+Runner+2049+%282017%29+Bluray+1080p+Half-SBS+DTSHD-MA+7+1+-(DEBRID ONLY 1080P)</sublink>
<sublink>search</sublink>
<sublink>searchsd</sublink>
</link>
<thumbnail>https://image.tmdb.org/t/p/w1280/gajva2L0rPYkEWjzgFlBXCAVBE5.jpg</thumbnail>
<fanart>https://image.tmdb.org/t/p/w700_and_h392_bestv2/mVr0UiqyltcfqxbAUcLl9zWL8ah.jpg</fanart>
</item>
<item>
	<title>The Mummy (2017)</title>
<meta>
<content>movie</content>
<imdb>tt2345759</imdb>
<title>The Mummy</title>
<year>2017</year>
</meta>
<link>
<sublink>https://uptobox.com/nciqr39mo2dz(DEBRID-720p)</sublink>
<sublink>https://uptobox.com/6jd3ye6u7kp0(DEBRID-1080p)</sublink>
<sublink>magnet:?xt=urn:btih:C5949C8E0E90C227EA98473B35F09AD351BE3112&dn=The+Mummy+2017+1080p+BluRay+AVC+TrueHD+7+1+Atmos-FGT(DEBRID ONLY 1080P)</sublink>
<sublink>search</sublink>
<sublink>searchsd</sublink>
</link>
<thumbnail>https://image.tmdb.org/t/p/w1280/zxkY8byBnCsXodEYpK8tmwEGXBI.jpg</thumbnail>
<fanart>https://image.tmdb.org/t/p/w700_and_h392_bestv2/dds1ox9rv6rvbUAllJ2zpkuyHM1.jpg</fanart>
</item>
<item>
	<title>The Fate of the Furious (2017)</title>
<meta>
<content>movie</content>
<imdb>tt4630562</imdb>
<title>The Fate of the Furious</title>
<year>2017</year>
</meta>
<link>
<sublink>https://uptobox.com/by12uh1ci6w5(DEBRID-720p)</sublink>
<sublink>https://uptobox.com/3dd6vzq0c9dg(DEBRID-1080p)</sublink>
<sublink>magnet:?xt=urn:btih:C1DFA2D77D45D0FA7AF8E4BD806901319D3EEF8B&dn=The+Fate+of+the+Furious+%282017%29+1080p+WEB+DL+6CH+C3+MkvCage(DEBRID ONLY 1080P)</sublink>
<sublink>search</sublink>
<sublink>searchsd</sublink>
</link>
<thumbnail>https://image.tmdb.org/t/p/w600_and_h900_bestv2/dImWM7GJqryWJO9LHa3XQ8DD5NH.jpg</thumbnail>
<fanart>https://image.tmdb.org/t/p/original/3IJ8kG8i84PncXkSovu0PaZQfjM.jpg</fanart>
</item>
<item>
	<title>Bullet Head (2017)</title>
<meta>
<content>movie</content>
<imdb>tt6204340</imdb>
<title>Bullet Head</title>
<year>2017</year>
</meta>
<link>
<sublink>https://uptobox.com/py8f27bkvxde(DEBRID-720p)</sublink>
<sublink>https://uptobox.com/7hbnzpawr39y(DEBRID-1080p)</sublink>
<sublink>magnet:?xt=urn:btih:7567BBED0060194E0D263984D4048F30B3C1ABD8&dn=Bullet+Head+2017+1080p+BluRay+AVC+DTS-HD+MA+5+1-FGT(DEBRID ONLY 1080P)</sublink>
<sublink>search</sublink>
<sublink>searchsd</sublink>
</link>
<thumbnail>https://image.tmdb.org/t/p/w600_and_h900_bestv2/ySmKQPjWnNzuZ5YliQaOVEnWn2.jpg</thumbnail>
<fanart>https://image.tmdb.org/t/p/w700_and_h392_bestv2/5kv9FUQenAvmndftdrzyIdTmlye.jpg</fanart>
</item>
<item>
	<title>Sweet Virginia (2017)</title>
<meta>
<content>movie</content>
<imdb>tt2582498</imdb>
<title>Sweet Virginia</title>
<year>2017</year>
</meta>
<link>
<sublink>https://uptobox.com/zxuv2irawsvm</sublink>
<sublink>search</sublink>
<sublink>searchsd</sublink>
</link>
<thumbnail>https://image.tmdb.org/t/p/w1280/qTch1l0ZMU4MiOBDEJ14jVmANVC.jpg</thumbnail>
<fanart>https://image.tmdb.org/t/p/w700_and_h392_bestv2/eWZQ2IkBHfltHKUylRyMF5tWzy2.jpg</fanart>
</item>
<item>
	<title>Baby Driver (2017)</title>
<meta>
<content>movie</content>
<imdb>tt3890160</imdb>
<title>Baby Driver</title>
<year>2017</year>
</meta>
<link>
<sublink>https://uptostream.com/lbqz1ke20cdk(720p)</sublink>
<sublink>https://uptobox.com/5uz2vikbx7qk(1080p)</sublink>
<sublink>search</sublink>
<sublink>searchsd</sublink>
</link>
<thumbnail>https://image.tmdb.org/t/p/w1280/rmnQ9jKW72bHu8uKlMjPIb2VLMI.jpg</thumbnail>
<fanart>https://image.tmdb.org/t/p/w700_and_h392_bestv2/nGJIQUgPkfMhK2tPUXsBaoVdbLo.jpg</fanart>
</item>
<item>
	<title>Valerian and the City of a Thousand Planets (2017)</title>
<meta>
<content>movie</content>
<imdb>tt2239822</imdb>
<title>Valerian and the City of a Thousand Planets</title>
<year>2017</year>
</meta>
<link>
<sublink>https://uptobox.com/wkm8ja6113w4</sublink>
<sublink>search</sublink>
<sublink>searchsd</sublink>
</link>
<thumbnail>https://image.tmdb.org/t/p/w1280/jfIpMh79fGRqYJ6PwZLCntzgxlF.jpg</thumbnail>
<fanart>https://image.tmdb.org/t/p/w700_and_h392_bestv2/5rYnygKCkmqWuMv1O5yAnzGF8gV.jpg</fanart>
</item>
<item>
	<title>Fifty Shades Darker (2017)</title>
<meta>
<content>movie</content>
<imdb>tt4465564</imdb>
<title>Fifty Shades Darker</title>
<year>2017</year>
</meta>
<link>
<sublink>https://uptobox.com/fzi711ncflc1(1080p)</sublink>
<sublink>https://uptobox.com/8utzjnu33zsu(720p)</sublink>
<sublink>search</sublink>
<sublink>searchsd</sublink>
</link>
<thumbnail>https://image.tmdb.org/t/p/w600_and_h900_bestv2/wnVHDbGz7RvDAHFAsVVT88FxhrP.jpg</thumbnail>
<fanart>https://image.tmdb.org/t/p/original/saQ4wO9dVosxgNmPAIKPrIgqaoL.jpg</fanart>
</item>
<item>
	<title>Rings (2017)</title>
<meta>
<content></content>
<imdb>tt0498381</imdb>
<title>Rings</title>
<year>2017</year>
</meta>
<link>
<sublink>https://uptostream.com/bv63grkhcpfe(720p)</sublink>
<sublink>https://uptostream.com/ene5xfwcocv1(1080p)</sublink>
<sublink>search</sublink>
<sublink>searchsd</sublink>
</link>
<thumbnail>https://image.tmdb.org/t/p/w1280/1Rgg3Aw2OevrkgwxA3zEV88DuN9.jpg</thumbnail>
<fanart>https://image.tmdb.org/t/p/original/biN2sqExViEh8IYSJrXlNKjpjxx.jpg</fanart>
</item>
<item>
	<title>Happy Death Day (2017)</title>
<meta>
<content>movie</content>
<imdb>tt5308322</imdb>
<title>Happy Death Day</title>
<year>2017</year>
</meta>
<link>
<sublink>https://uptobox.com/hi8yibe6jj9m(720P)</sublink>
<sublink>https://uptobox.com/kxzwzm7kyem5(1080P)</sublink>
<sublink>search</sublink>
<sublink>searchsd</sublink>
</link>
<thumbnail>https://image.tmdb.org/t/p/w600_and_h900_bestv2/cTaEIUYTt52ooq9quVbAQ7NpGwo.jpg</thumbnail>
<fanart>https://image.tmdb.org/t/p/original/9bjHAkyi3aRRnfrIGhHPu7RATPR.jpg</fanart>
</item>
<item>
	<title>Jigsaw (2017)</title>
<meta>
<content>movie</content>
<imdb>tt3348730</imdb>
<title>Jigsaw</title>
<year>2017</year>
</meta>
<link>
<sublink>https://uptobox.com/9vc8fcn9v5bv(720p)</sublink>
<sublink>https://uptobox.com/buh73h7htiwr(1080p)</sublink>
<sublink>search</sublink>
<sublink>searchsd</sublink>
</link>
<thumbnail>https://image.tmdb.org/t/p/w600_and_h900_bestv2/gvBVIlcMaeWKhGjgGjlShiL4w4r.jpg</thumbnail>
<fanart>https://image.tmdb.org/t/p/original/7Yup0zaw4AhNyw1JvyAE1EytWsq.jpg</fanart>
</item>
<item>
	<title>[COLOR=white]Leatherface[/COLOR]</title>
	<meta>
	<imdb>tt2620590</imdb>
	<content>movie</content>
	<title>Leatherface</title>
	<year>2017</year>
	</meta>
	<link>
	<sublink>https://uptobox.com/2b5v96esjseb(720p)</sublink>
	<sublink>https://uptobox.com/j78nmc8vl7cq(1080p)</sublink>
	<sublink>search</sublink>
	<sublink>searchsd</sublink>
	</link>
	<thumbnail>https://image.tmdb.org/t/p/w1280/nV7LPlyhUxKn5y0nuItCr8D1OSu.jpg</thumbnail>
	<fanart>https://image.tmdb.org/t/p/w1280/ziSXgkBQbB2NUnXgaDqKUWsiPlv.jpg</fanart>
</item>
<item>
	<title>Split (2017)</title>
<meta>
<content>movie</content>
<imdb>tt4972582</imdb>
<title>Split</title>
<year>2017</year>
</meta>
<link>
<sublink>https://uptobox.com/78803zqnpz5i(1080p)</sublink>
<sublink>https://uptobox.com/lqlg87dirm3x(720p)</sublink>
<sublink>search</sublink>
<sublink>searchsd</sublink>
</link>
<thumbnail>https://image.tmdb.org/t/p/w600_and_h900_bestv2/rXMWOZiCt6eMX22jWuTOSdQ98bY.jpg</thumbnail>
<fanart>https://image.tmdb.org/t/p/original/9pkZesKMnblFfKxEhQx45YQ2kIe.jpg</fanart>
</item>
<item>
	<title>[COLOR=white]12 Feet Deep[/COLOR]</title>
	<meta>
	<imdb>tt5143226</imdb>
	<content>movie</content>
	<title>12 Feet Deep</title>
	<year>2017</year>
	</meta>
	<link>
	<sublink>https://uptobox.com/vaebi7bg84xm(720p)</sublink>
	<sublink>https://uptobox.com/a779tc26m1e6(1080p)</sublink>
	<sublink>search</sublink>
	<sublink>searchsd</sublink>
	</link>
	<thumbnail>https://image.tmdb.org/t/p/w1280/ea29OX8Cg8eZm0z7Eg3zJaGba0P.jpg</thumbnail>
	<fanart>https://image.tmdb.org/t/p/w1280/bVSz3avCht5eTsCc9yXtBMqwEln.jpg</fanart>
</item>
<item>
	<title>[COLOR=white]Slasher.com[/COLOR]</title>
	<meta>
	<imdb>tt3831636</imdb>
	<content>movie</content>
	<title>Slasher.com</title>
	<year>2017</year>
	</meta>
	<link>
	<sublink>https://uptobox.com/i4433vkyek5w(720P)</sublink>
	<sublink>https://uptobox.com/5qg7bmzuki4c(1080P)</sublink>
	<sublink>search</sublink>
	<sublink>searchsd</sublink>
	</link>
	<thumbnail>https://image.tmdb.org/t/p/w1280/sEUVbq3KoMgB8Jf37PNrUNSiW1H.jpg</thumbnail>
	<fanart>https://image.tmdb.org/t/p/w1280/pDWhCpuvJlJaMlT690a1rnuXND1.jpg</fanart>
</item>
<item>
	<title>[COLOR=white]The Crucifixion[/COLOR]</title>
	<meta>
	<imdb>tt4181782</imdb>
	<content>movie</content>
	<title>The Crucifixion</title>
	<year>2017</year>
	</meta>
	<link>
	<sublink>https://uptostream.com/676ppm3erzbj(720p)</sublink>
	<sublink>search</sublink>
	<sublink>searchsd</sublink>
	</link>
	<thumbnail>https://image.tmdb.org/t/p/w1280/yxTFHGcS0AJab3olU9BjABf5Ogx.jpg</thumbnail>
	<fanart>https://image.tmdb.org/t/p/w1280/rrtjyzKnngEp2akiCM0RtUExPV4.jpg</fanart>
</item>
<item>
	<title>Flatliners (2017)</title>
<meta>
<content></content>
<imdb>tt2039338</imdb>
<title>Flatliners</title>
<year>2017</year>
</meta>
<link>
<sublink>https://uptostream.com/08n3zgqb8jrs(1080p)</sublink>
<sublink>search</sublink>
<sublink>searchsd</sublink>
</link>
<thumbnail>https://image.tmdb.org/t/p/w1280/5WxBvorOjpiyllAlMLfXzlIembx.jpg</thumbnail>
<fanart>https://image.tmdb.org/t/p/original/k1T6vK2UkZvYnmlkuADYVfzxOyO.jpg</fanart>
</item>
<item>
	<title>Amityville: The Awakening (2017)</title>
<meta>
<content>movie</content>
<imdb>tt1935897</imdb>
<title>Amityville:Awakening</title>
<year>2017</year>
</meta>
<link>
<sublink>https://uptostream.com/4jz0s8pqhz3u1080p</sublink>
<sublink>search</sublink>
<sublink>searchsd</sublink>
</link>
<thumbnail>https://image.tmdb.org/t/p/w600_and_h900_bestv2/wNA4jKuDdUuQUW78Pj2VoWKwlbC.jpg</thumbnail>
<fanart>https://image.tmdb.org/t/p/original/ur0lL2x11QbLMtMZglQuK92Ix95.jpg</fanart>
</item>
<item>
	<title>Alien: Covenant (2017)</title>
<meta>
<content></content>
<imdb>tt2316204</imdb>
<title>Alien: Covenant</title>
<year>2017</year>
</meta>
<link>
<sublink>https://uptobox.com/87vmpanued3r(1080p)</sublink>
<sublink>https://uptobox.com/ylkbo1ov6f03(720p)</sublink>
<sublink>search</sublink>
<sublink>searchsd</sublink>
</link>
<thumbnail>https://image.tmdb.org/t/p/w600_and_h900_bestv2/zecMELPbU5YMQpC81Z8ImaaXuf9.jpg</thumbnail>
<fanart>https://image.tmdb.org/t/p/original/alwnMm2smJIzp5fFKgFyRczyMjR.jpg</fanart>
</item>
<item>
	<title>Resident Evil: Vendetta (2017)</title>
<meta>
<content></content>
<imdb>tt5776208</imdb>
<title>Resident Evil: Vendetta</title>
<year>2017</year>
</meta>
<link>
<sublink>https://uptobox.com/mxns4lfdmt3y(720p)</sublink>
<sublink>https://uptobox.com/fv9qzpozv3bj(1080p)</sublink>
<sublink>search</sublink>
<sublink>searchsd</sublink>
</link>
<thumbnail>https://image.tmdb.org/t/p/w600_and_h900_bestv2/88qfHWhlOBYXp69277QFhdPYnWf.jpg</thumbnail>
<fanart>https://image.tmdb.org/t/p/original/1jH7NtKeoxoYFmhW97CzHjtmtiW.jpg</fanart>
</item>
<item>
	<title>[COLOR=white]Open Marriage[/COLOR]</title>
	<meta>
	<imdb>tt6211502</imdb>
	<content>movie</content>
	<title>Open Marriage</title>
	<year>2017</year>
	</meta>
	<link>
	<sublink>https://uptobox.com/ptp8bg14d5kk(1080p)</sublink>
	</link>
	<thumbnail>https://image.tmdb.org/t/p/w1280/mTxC58zadyPuIlrpSinkSf7hWmE.jpg</thumbnail>
	<fanart>https://image.tmdb.org/t/p/w1280/iASaQHgrMg1ApzVmLVTPcC3Vd3C.jpg</fanart>
</item>
<item>
	<title>John Wick: Chapter 2 (2017)</title>
<meta>
<content></content>
<imdb>tt4425200</imdb>
<title>John Wick: Chapter 2</title>
<year>2017</year>
</meta>
<link>
<sublink>https://uptobox.com/09yw1msdc3ag(720p)</sublink>
<sublink>https://uptobox.com/b1ovxcqqst68(1080p)</sublink>
<sublink>search</sublink>
<sublink>searchsd</sublink>
</link>
<thumbnail>https://image.tmdb.org/t/p/w600_and_h900_bestv2/zkXnKIwX5pYorKJp2fjFSfNyKT0.jpg</thumbnail>
<fanart>https://image.tmdb.org/t/p/original/dQ6s3Ud2KoOs3LKw6xgZr1cw7Yq.jpg</fanart>
</item>
<item>
	<title>xXx: Return of Xander Cage (2017)</title>
<meta>
<content></content>
<imdb>tt1293847</imdb>
<title>xXx: Return of Xander Cage</title>
<year>2017</year>
</meta>
<link>
<sublink>https://uptobox.com/j3tcgbpujwg4(720p)</sublink>
<sublink>https://uptobox.com/j4cytz68e1yc(1080p)</sublink>
<sublink>search</sublink>
<sublink>searchsd</sublink>
</link>
<thumbnail>https://image.tmdb.org/t/p/w600_and_h900_bestv2/hba8zREJpP1AYhaXgb2oJLQeO0K.jpg</thumbnail>
<fanart>https://image.tmdb.org/t/p/original/tXuH8FOqsSbmB8p8CUN1L1cBV6d.jpg</fanart>
</item>
<item>
	<title>The Lost City of Z (2017)</title>
<meta>
<content></content>
<imdb>tt1212428</imdb>
<title>The Lost City of Z</title>
<year>2017</year>
</meta>
<link>
<sublink>https://uptobox.com/1u9osfr4cyrc(720p)</sublink>
<sublink>https://uptostream.com/rp3msm3y1kmr(1080p)</sublink>
<sublink>search</sublink>
<sublink>searchsd</sublink>
</link>
<thumbnail>https://image.tmdb.org/t/p/w600_and_h900_bestv2/uLHorVHuWQZ1HugTp0bbD19jef7.jpg</thumbnail>
<fanart>https://image.tmdb.org/t/p/original/8wzLc9UEJ2GTWvRHlky5cSYwtTN.jpg</fanart>
</item>
<item>
	<title>Kong: Skull Island (2017)</title>
<meta>
<content></content>
<imdb>tt3731562</imdb>
<title>Kong: Skull Island</title>
<year>2017</year>
</meta>
<link>
<sublink>https://uptobox.com/ud315nq10khy(720p)</sublink>
<sublink>https://uptobox.com/eltutsll8tw2(1080p)</sublink>
<sublink>search</sublink>
<sublink>searchsd</sublink>
</link>
<thumbnail>https://image.tmdb.org/t/p/w600_and_h900_bestv2/r2517Vz9EhDhj88qwbDVj8DCRZN.jpg</thumbnail>
<fanart>https://image.tmdb.org/t/p/original/1Y13HoSsn0ubTHefzG6OYe0HdtN.jpg</fanart>
</item>
<item>
	<title>Ghost in the Shell (2017)</title>
<meta>
<content></content>
<imdb>tt1219827</imdb>
<title>Ghost in the Shell</title>
<year>2017</year>
</meta>
<link>
<sublink>https://uptobox.com/3yik5wkz4trp(720p)</sublink>
<sublink>https://uptobox.com/sj4brmjceqdk(1080p)</sublink>
<sublink>search</sublink>
<sublink>searchsd</sublink>
</link>
<thumbnail>https://image.tmdb.org/t/p/w600_and_h900_bestv2/myRzRzCxdfUWjkJWgpHHZ1oGkJd.jpg</thumbnail>
<fanart>https://image.tmdb.org/t/p/original/hgHDyNvhZCFj1sQtsvCywNeQH1V.jpg</fanart>
</item>
<item>
	<title>King Arthur: Legend of the Sword (2017)</title>
<meta>
<content></content>
<imdb>tt1972591</imdb>
<title>King Arthur: Legend of the Sword</title>
<year>2017</year>
</meta>
<link>
<sublink>https://uptobox.com/8hwohpr0tqfr(720p)</sublink>
<sublink>https://uptobox.com/lbx4iu7iih3a(1080p)</sublink>
<sublink>search</sublink>
<sublink>searchsd</sublink>
</link>
<thumbnail>https://image.tmdb.org/t/p/w600_and_h900_bestv2/gvSWdJN7peehxJYOugV9IwqiAFi.jpg</thumbnail>
<fanart>https://image.tmdb.org/t/p/original/sVkjgKq8cwKm95LCyfrLldLbQIG.jpg</fanart>
</item>
<item>
	<title>Baywatch (2017)</title>
<meta>
<content></content>
<imdb>tt1469304</imdb>
<title>Baywatch</title>
<year>2017</year>
</meta>
<link>
<sublink>https://uptobox.com/r7pr7it9w92w(720p)</sublink>
<sublink>https://uptobox.com/d6jf4bcuooh5(1080p)</sublink>
<sublink>search</sublink>
<sublink>searchsd</sublink>
</link>
<thumbnail>https://image.tmdb.org/t/p/w600_and_h900_bestv2/6HE4xd8zloDqmjMZuhUCCw2UcY1.jpg</thumbnail>
<fanart>https://image.tmdb.org/t/p/original/bU78AWJk7LcpKSMUhLV224d4jtk.jpg</fanart>
</item>
<item>
	<title>Kingsman: The Golden Circle (2017)</title>
<meta>
<content></content>
<imdb>tt4649466</imdb>
<title>Kingsman: The Golden Circle</title>
<year>2017</year>
</meta>
<link>
<sublink>https://uptobox.com/9jv578xw4fly(720p)</sublink>
<sublink>https://uptobox.com/7zb3forfr721(1080p)</sublink>
<sublink>search</sublink>
<sublink>searchsd</sublink>
</link>
<thumbnail>https://image.tmdb.org/t/p/w600_and_h900_bestv2/34xBL6BXNYFqtHO9zhcgoakS4aP.jpg</thumbnail>
<fanart>https://image.tmdb.org/t/p/original/qYFh5Ge8nP5BCoNx2dDWqaUk23C.jpg</fanart>
</item>
<item>
	<title>[COLOR=white]The Villainess[/COLOR]</title>
	<meta>
	<imdb>tt6777338</imdb>
	<content>movie</content>
	<title>The Villainess</title>
	<year>2017</year>
	</meta>
	<link>
	<sublink>https://uptobox.com/mvepkjwaqi2e(720p)</sublink>
	<sublink>https://uptobox.com/138mq1an1g26(1080p)</sublink>
	<sublink>search</sublink>
	<sublink>searchsd</sublink>
	</link>
	<thumbnail>https://image.tmdb.org/t/p/w1280/1lv8RPk7vDaJPCBMJUa6BdJq86n.jpg</thumbnail>
	<fanart>https://image.tmdb.org/t/p/w1280/r4fxp9LqfCyPsnz6LFVzUn7jrVN.jpg</fanart>
</item>
<item>
	<title>Kill Order (2017)</title>
<meta>
<content></content>
<imdb>tt3847642</imdb>
<title>Kill Order</title>
<year>2017</year>
</meta>
<link>
<sublink>http://uptobox.com/e9e1qr32c52t(720p)</sublink>
<sublink>http://uptobox.com/cfl0tsc9fnby(1080p)</sublink>
<sublink>search</sublink>
<sublink>searchsd</sublink>
</link>
<thumbnail>https://image.tmdb.org/t/p/w600_and_h900_bestv2/7GsmOsf7M7jUhrav17l3Vx2ekIR.jpg</thumbnail>
<fanart>https://image.tmdb.org/t/p/original/36jz1KIW2xPHh0TR7nIX6sM9VBr.jpg</fanart>
</item>
<item>
	<title>American Assassin(2017)</title>
<meta>
<content>movie</content>
<imdb>tt1961175</imdb>
<title>American Assassin</title>
<year>2017</year>
</meta>
<link>
<sublink>https://uptostream.com/k55q3o5nsfur</sublink>
<sublink>search</sublink>
<sublink>searchsd</sublink>
</link>
<thumbnail>https://image.tmdb.org/t/p/w1280/dWeXyusSAEQc1dKPpmFhRmtM5Mo.jpg</thumbnail>
<fanart>https://image.tmdb.org/t/p/w700_and_h392_bestv2/puKZWmBIpuEMwGCn2hZkublG1rO.jpg</fanart>
</item>
<item>
	<title>[COLOR=white]What Happened to Monday[/COLOR]</title>
	<meta>
	<imdb>tt1536537</imdb>
	<content>movie</content>
	<title>What Happened to Monday</title>
	<year>2017</year>
	</meta>
	<link>
	<sublink>https://uptobox.com/byc6wjqqykg6(720p)</sublink>
	<sublink>https://uptobox.com/te4u5p66z1bk(1080p)</sublink>
	<sublink>search</sublink>
	<sublink>searchsd</sublink>
	</link>
	<thumbnail>https://image.tmdb.org/t/p/w1280/o6EsOqITcSzcdwD1zxBM9imdxjr.jpg</thumbnail>
	<fanart>https://image.tmdb.org/t/p/w1280/wwZ2uXOwPkMrZSeFn9s7WFXEMg6.jpg</fanart>
</item>
<item>
	<title>[COLOR=white]I'm Not Here[/COLOR]</title>
	<meta>
	<imdb>tt5657712</imdb>
	<content>movie</content>
	<title>I'm Not Here</title>
	<year>2017</year>
	</meta>
	<link>
	<sublink>https://uptobox.com/t873ieojlxdg(720p)</sublink>
	<sublink>search</sublink>
	<sublink>searchsd</sublink>
	</link>
	<thumbnail>https://image.tmdb.org/t/p/w1280/zyJyNCoR4rVi5OEYniLEOxYCM4b.jpg</thumbnail>
	<fanart>https://image.tmdb.org/t/p/w1280/it84LlN7BLslsZk3WnTRmTttc9H.jpg</fanart>
</item>
<item>
	<title>Molly's Game (2017)</title>
<meta>
<content></content>
<imdb>tt4209788</imdb>
<title>Molly's Game</title>
<year>2017</year>
</meta>
<link>
<sublink>https://uptobox.com/nyq10mwnsskx(720p)</sublink>
<sublink>https://uptobox.com/ayk5peo5zkhb(1080p)</sublink>
<sublink>search</sublink>
<sublink>searchsd</sublink>
</link>
<thumbnail>https://image.tmdb.org/t/p/w600_and_h900_bestv2/h9hUP5ZJGsjL2wbERrGlj4dMjZq.jpg</thumbnail>
<fanart>https://image.tmdb.org/t/p/original/yvbXGWjg30sj7rohEZvSe90jSJC.jpg</fanart>
</item>
<item>
	<title>Atomic Blonde (2017)</title>
<meta>
<content>movie</content>
<imdb>tt2406566</imdb>
<title>Atomic Blond</title>
<year>2017</year>
</meta>
<link>
<sublink>https://uptobox.com/tbhg3sqtrjpi(720p)</sublink>
<sublink>https://uptobox.com/r64zevsrevod(1080p)</sublink>
<sublink>search</sublink>
<sublink>searchsd</sublink>
</link>
<thumbnail>https://image.tmdb.org/t/p/w1280/kV9R5h0Yct1kR8Hf8sJ1nX0Vz4x.jpg</thumbnail>
<fanart>https://image.tmdb.org/t/p/w700_and_h392_bestv2/ekIHnFwXtSMJQppLUGvfenZBhnC.jpg</fanart>
</item>
<item>
	<title>War for the Planet of the Apes (2017)</title>
<meta>
<content>movie</content>
<imdb>tt3450958</imdb>
<title>War for the Planet of the Apes</title>
<year>2017</year>
</meta>
<link>
<sublink>https://uptobox.com/c58g2co1ph9s(720p)</sublink>
<sublink>https://uptobox.com/ttelmvon74r4(1080p)</sublink>
<sublink>search</sublink>
<sublink>searchsd</sublink>
</link>
<thumbnail>https://image.tmdb.org/t/p/w1280/n9sZe4fXA4mF5YW4BlTmspRaUGy.jpg</thumbnail>
<fanart>https://image.tmdb.org/t/p/w700_and_h392_bestv2/w22CTHxmdAsUrXRbCQt4gOSOD6E.jpg</fanart>
</item>
<item>
	<title>Geostorm (2017)</title>
<meta>
<content></content>
<imdb>tt1981128</imdb>
<title>Geostorm</title>
<year>2017</year>
</meta>
<link>
<sublink>https://uptostream.com/8enxyeee0864(720p)</sublink>
<sublink>https://uptostream.com/8enxyeee0864(1080p)</sublink>
<sublink>search</sublink>
<sublink>searchsd</sublink>
</link>
<thumbnail>https://image.tmdb.org/t/p/w1280/nrsx0jEaBgXq4PWo7SooSnYJTv.jpg</thumbnail>
<fanart>https://image.tmdb.org/t/p/original/2vqMpKnGNVDTtf16Cfcti5BBN0M.jpg</fanart>
</item>
<item>
	<title>The Circle (2017)</title>
<meta>
<content>movie</content>
<imdb>tt4287320</imdb>
<title>The Circle</title>
<year>2017</year>
</meta>
<link>
<sublink>https://uptostream.com/s5wgh2dnsyw2</sublink>
<sublink>search</sublink>
<sublink>searchsd</sublink>
</link>
<thumbnail>https://image.tmdb.org/t/p/w1280/mAH0TZmcNQzJKE16HYhWqK8rxUs.jpg</thumbnail>
<fanart>https://image.tmdb.org/t/p/original/2NGBchckkORvJ94ojJWQDqgVvEX.jpg</fanart>
</item>
<item>
	<title>The Dark Tower-2017</title>
<meta>
<content>movie</content>
<imdb>tt1648190</imdb>
<title>The Dark Tower</title>
<year>2017</year>
</meta>
<link>
<sublink>https://uptostream.com/h53kdnqytava(720p)</sublink>
<sublink>search</sublink>
<sublink>searchsd</sublink>
</link>
<thumbnail>https://image.tmdb.org/t/p/w1280/1h2HlGvgV8ZlHua9XilUfvkl5Zk.jpg</thumbnail>
<fanart>https://image.tmdb.org/t/p/w1000_and_h563_face/mIhchRGRd81qpZiWil6YdMQjoRs.jpg</fanart>
</item>
<item>
	<title>The Mountain Between Us (2017)</title>
<meta>
<content></content>
<imdb>tt2226597</imdb>
<title>The Mountain Between Us</title>
<year>2017</year>
</meta>
<link>
<sublink>https://uptostream.com/4k6k6cbv951p(1080p)</sublink>
<sublink>search</sublink>
<sublink>searchsd</sublink>
</link>
<thumbnail>https://image.tmdb.org/t/p/w600_and_h900_bestv2/3XNfYTW4XGscI81nXMSWGsQ8cpu.jpg</thumbnail>
<fanart>https://image.tmdb.org/t/p/original/xXrbFbE8hez9d6OoZhvWm4o4ZnP.jpg</fanart>
</item>
<item>
	<title>Murder on the Orient Express (2017)</title>
<meta>
<content></content>
<imdb>tt3402236</imdb>
<title>Murder on the Orient Express</title>
<year>2017</year>
</meta>
<link>
<sublink>https://uptostream.com/rlkspdc9zzxk(1080p)</sublink>
<sublink>search</sublink>
<sublink>searchsd</sublink>
</link>
<thumbnail>https://image.tmdb.org/t/p/w1280/1abSvul8T40SQ2dvjzjYSkOC5wC.jpg</thumbnail>
<fanart>https://image.tmdb.org/t/p/original/pPcg9z8M9AqxZeCHOwjU0Wk4iF8.jpg</fanart>
</item>
<item>
	<title>The Shape of Water</title>
<meta>
<content>movie</content>
<imdb>tt5580390</imdb>
<title>The Shape of Water</title>
<year>2017</year>
</meta>
<link>
<sublink>https://uptostream.com/036ocuofy6qr(720p)</sublink>
<sublink>https://uptostream.com/bd1jcutm24n1(1080p)</sublink>
<sublink>search</sublink>
<sublink>searchsd</sublink>
</link>
<thumbnail>https://image.tmdb.org/t/p/w1280/k4FwHlMhuRR5BISY2Gm2QZHlH5Q.jpg</thumbnail>
<fanart>https://image.tmdb.org/t/p/w1000_and_h563_face/rgyhSn3mINvkuy9iswZK0VLqQO3.jpg</fanart>
</item>
<item>
	<title>Beauty and the Beast</title>
<meta>
<content>movie</content>
<imdb>tt2771200</imdb>
<title>Beauty and the Beast</title>
<year>2017</year>
</meta>
<link>
<sublink>https://uptostream.com/27t6wagdov40(720p)</sublink>
<sublink>https://uptostream.com/pj7h9qxy2ylt(1080p)</sublink>
<sublink>search</sublink>
<sublink>searchsd</sublink>
</link>
<thumbnail>https://image.tmdb.org/t/p/w1280/tWqifoYuwLETmmasnGHO7xBjEtt.jpg</thumbnail>
<fanart>https://image.tmdb.org/t/p/w1000_and_h563_face/7qKerc0Llss9UwmrbvKM9FuoL7Q.jpg</fanart>
</item>
<item>
	<title>The Show (2017)</title>
<meta>
<content>movie</content>
<imdb>tt2088950</imdb>
<title>The Show</title>
<year>2017</year>
</meta>
<link>
<sublink>https://uptobox.com/w44obh046nr9</sublink>
<sublink>search</sublink>
<sublink>searchsd</sublink>
</link>
<thumbnail>https://image.tmdb.org/t/p/w1280/oe0WzIcsCfwYLu5WhHKOjXO4aYx.jpg</thumbnail>
<fanart>https://image.tmdb.org/t/p/w700_and_h392_bestv2/qxSy8xkhAxtqDM2ysSU41xjAlIh.jpg</fanart>
</item>
<item>
	<title>Father Figures (2017)</title>
<meta>
<content>movie</content>
<imdb>tt1966359</imdb>
<title>Father Figures</title>
<year>2017</year>
</meta>
<link>
<sublink>https://uptostream.com/4nb1jgczkfo7</sublink>
<sublink>search</sublink>
<sublink>searchsd</sublink>
</link>
<thumbnail>https://image.tmdb.org/t/p/w1280/avRiH6kbsw3Wxi1J7857alb9yyt.jpg</thumbnail>
<fanart>https://image.tmdb.org/t/p/w700_and_h392_bestv2/xfZZ0Dk2bOxOz1C8T8OQVRGGGIq.jpg</fanart>
</item>
<item>
	<title>Jumanji: Welcome to the Jungle (2017)</title>
<meta>
<content>movie</content>
<imdb>tt2283362</imdb>
<title>Jumanji: Welcome to the Jungle</title>
<year>2017</year>
</meta>
<link>
<sublink>http://uptobox.com/vft4xjfsogvp(720p)</sublink>
<sublink>http://uptobox.com/2c2gex9w0a1y(1080p)</sublink>
<sublink>search</sublink>
<sublink>searchsd</sublink>
</link>
<thumbnail>https://image.tmdb.org/t/p/w600_and_h900_bestv2/bXrZ5iHBEjH7WMidbUDQ0U2xbmr.jpg</thumbnail>
<fanart>https://image.tmdb.org/t/p/w700_and_h392_bestv2/rHf6t1BfiaVD18gF2oTZO9kw2pS.jpg</fanart>
</item>
<item>
	<title>Just Getting Started</title>
<meta>
<content>movie</content>
<imdb>tt5721088</imdb>
<title>Just Getting Started</title>
<year>2017</year>
</meta>
<link>
<sublink>https://uptostream.com/4edx4faa7ch0(720p)</sublink>
<sublink>https://uptostream.com/rm52n4qm4kt7(1080p)</sublink>
<sublink>search</sublink>
<sublink>searchsd</sublink>
</link>
<thumbnail>https://image.tmdb.org/t/p/w1280/70eVsU4nvVidEs7mpPcEcBlIpmx.jpg</thumbnail>
<fanart>https://image.tmdb.org/t/p/w1000_and_h563_face/xbxqoukQb2lRht4gozESZw4UFlG.jpg</fanart>
</item>
<item>
	<title>Daddy's Home 2 (2017)</title>
<meta>
<content>movie</content>
<imdb>tt5657846</imdb>
<title>Daddy's Home 2</title>
<year>2017</year>
</meta>
<link>
<sublink>https://uptobox.com/1p8rascv57x8</sublink>
<sublink>search</sublink>
<sublink>searchsd</sublink>
</link>
<thumbnail>https://image.tmdb.org/t/p/w600_and_h900_bestv2/rF2IoKL0IFmumEXQFUuB8LajTYP.jpg</thumbnail>
<fanart>https://image.tmdb.org/t/p/w700_and_h392_bestv2/jRi6AKMPLnMtsFtWY0FUXZOlnVb.jpg</fanart>
</item>
<item>
	<title>Downsizing (2017)</title>
<meta>
<content>movie</content>
<imdb>tt1389072</imdb>
<title>Downsizing</title>
<year>2017</year>
</meta>
<link>
<sublink>http://uptobox.com/qshm1vo36565(720p)</sublink>
<sublink>http://uptobox.com/g4cj587pexlk(1080p)</sublink>
<sublink>search</sublink>
<sublink>searchsd</sublink>
</link>
<thumbnail>https://image.tmdb.org/t/p/w600_and_h900_bestv2/uLlmtN33rMuimRq6bu0OoNzCGGs.jpg</thumbnail>
<fanart>https://image.tmdb.org/t/p/w700_and_h392_bestv2/oIqdRhK2Bjc1pUwY3ExamXJAYSI.jpg</fanart>
</item>
<item>
	<title>[COLOR=white]Last Flag Flying[/COLOR]</title>
	<meta>
	<imdb>tt6018306</imdb>
	<content>movie</content>
	<title>Last Flag Flying</title>
	<year>2017</year>
	</meta>
	<link>
	<sublink>https://uptobox.com/drlebgqfn3u2</sublink>
	<sublink>search</sublink>
	<sublink>searchsd</sublink>
	</link>
	<thumbnail>https://image.tmdb.org/t/p/w1280/pizynKUzJ9YucGff1O1MYisY1WM.jpg</thumbnail>
	<fanart>https://image.tmdb.org/t/p/w1280/gtQWtH7z2ywAYuzW2FWHfxVeZPB.jpg</fanart>
</item>
<item>
	<title>Fist Fight (2017)</title>
<meta>
<content>movie</content>
<imdb>tt3401882</imdb>
<title>Fist Fight</title>
<year>2017</year>
</meta>
<link>
<sublink>https://uptostream.com/lgyo0le6g5l2</sublink>
<sublink></sublink>
<sublink>search</sublink>
<sublink>searchsd</sublink>
</link>
<thumbnail>https://image.tmdb.org/t/p/w1280/yONLyCSO0zyDvmVJO2i1U4yrNHE.jpg</thumbnail>
<fanart>https://image.tmdb.org/t/p/original/yzAo91sIwQrbYSh9bQrbQ12wZnI.jpg</fanart>
</item>
<item>
	<title>Girls Trip (2017)</title>
<meta>
<content>movie</content>
<imdb>tt3564472</imdb>
<title>Girls Trip</title>
<year>2017</year>
</meta>
<link>
<sublink>https://uptostream.com/8pccshp3lvqp(720p)</sublink>
<sublink>https://uptostream.com/klnip9s5o654(1080p)</sublink>
<sublink>search</sublink>
<sublink>searchsd</sublink>
</link>
<thumbnail>https://image.tmdb.org/t/p/w1280/fM1h8CwtdileV3zlemXx7UWJjOP.jpg</thumbnail>
<fanart>https://image.tmdb.org/t/p/original/c8089lawo2H6kpGgZQntUiM9tzh.jpg</fanart>
</item>
<item>
	<title>The Hitman's BodyGuard (2017)</title>
<meta>
<content></content>
<imdb>tt1959563</imdb>
<title>The Hitman's Bodyguard</title>
<year>2017</year>
</meta>
<link>https://uptostream.com/3fhtl9mecfxr</link>
<sublink>search</sublink>
<sublink>searchsd</sublink>
<thumbnail>https://image.tmdb.org/t/p/w1280/AarBcpPBUhnHsy1FsIurGl3sbml.jpg</thumbnail>
<fanart>https://image.tmdb.org/t/p/original/7KsqfXDECZMryX1Rv4RKsT7SIjQ.jpg</fanart>
</item>
<item>
	<title>Kidnap (2017)</title>
<meta>
<content>movie</content>
<imdb>tt1458169</imdb>
<title>Kidnap</title>
<year>2017</year>
</meta>
<link>
<sublink>https://uptostream.com/121jckawxr2k(720p)</sublink>
<sublink>https://uptostream.com/1kd88ujngk4b(1080p)</sublink>
<sublink>search</sublink>
<sublink>searchsd</sublink>
</link>
<thumbnail>https://image.tmdb.org/t/p/w1280/fwdOX3PEZlOLXr9SMpgRnSmTVFp.jpg</thumbnail>
<fanart>https://image.tmdb.org/t/p/original/uaHYtduuG7HPJl0gvUy0ARXgz7j.jpg</fanart>
</item>
<item>
	<title>Dunkirk (2017)</title>
<meta>
<content></content>
<imdb>tt5013056</imdb>
<title>Dunkirk</title>
<year>2017</year>
</meta>
<link>
<sublink>https://uptobox.com/o8hih1jk7fja(720p)</sublink>
<sublink>https://uptostream.com/6eptb6piwzhb(1080p)</sublink>
<sublink>search</sublink>
<sublink>searchsd</sublink>
</link>
<thumbnail>https://image.tmdb.org/t/p/w1280/ebSnODDg9lbsMIaWg2uAbjn7TO5.jpg</thumbnail>
<fanart>https://image.tmdb.org/t/p/original/9Xvb2PsWR7a1PM6b17bFlLYoTjR.jpg</fanart>
</item>
<item>
	<title>Saving Private Ryan (1998)</title>
<meta>
<content></content>
<imdb>tt0120815</imdb>
<title>Saving Private Ryan</title>
<year>2017</year>
</meta>
<sublink>https://uptostream.com/e2jpqxtv2cvt</sublink>
<sublink>search</sublink>
<sublink>searchsd</sublink>
<thumbnail>https://image.tmdb.org/t/p/w1280/miDoEMlYDJhOCvxlzI0wZqBs9Yt.jpg</thumbnail>
<fanart>https://image.tmdb.org/t/p/original/hjQp148VjWF4KjzhsD90OCMr11h.jpg</fanart>
</item>
<item>
	<title>The Wall-2017</title>
<meta>
<content>movie</content>
<imdb>tt4218696</imdb>
<title>The Wall</title>
<year>2017</year>
</meta>
<link>
<sublink>https://uptostream.com/0phv7898gg99(720p)</sublink>
<sublink>https://uptostream.com/wyiq8u6jzgtz(1080p)</sublink>
<sublink>search</sublink>
<sublink>searchsd</sublink>
</link>
<thumbnail>https://image.tmdb.org/t/p/w1280/8POAZwZpp24l1IgKKM8ZRAQ2kid.jpg</thumbnail>
<fanart>https://image.tmdb.org/t/p/w1000_and_h563_face/eDw3ydtUpCE541mBFnEnSHyYuaH.jpg</fanart>
</item>
<item>
	<title>[COLOR=white]Death Race 2050[/COLOR]</title>
	<meta>
	<imdb>tt5493706</imdb>
	<content>movie</content>
	<title>Death Race 2050</title>
	<year>2017</year>
	</meta>
	<link>
	<sublink>https://uptobox.com/zco6dzzxi80o</sublink>
	<sublink>search</sublink>
	<sublink>searchsd</sublink>
	</link>
	<thumbnail>https://image.tmdb.org/t/p/w1280/pxhGPlAUW6wQNgm7NllYQ02jXC2.jpg</thumbnail>
	<fanart>https://image.tmdb.org/t/p/w1280/KUxXJYeaeAUOoFS6VoNe9IYjSb.jpg</fanart>
</item>
<item>
	<title>Overdrive (2017)</title>
<meta>
<content>movie</content>
<imdb>tt1935194</imdb>
<title>Overdrive</title>
<year>2017</year>
</meta>
<link>
<sublink>https://uptostream.com/1wrk5v34qr31(720p)</sublink>
<sublink>https://uptostream.com/eu1ke0afnov7(1080p)</sublink>
<sublink>search</sublink>
<sublink>searchsd</sublink>
</link>
<thumbnail>https://image.tmdb.org/t/p/w1280/a0hTRjis1cxwmjOuBaS7WdDG3dj.jpg</thumbnail>
<fanart>https://image.tmdb.org/t/p/original/7kihkd0adacT64yqfdDPsANLkij.jpg</fanart>
</item>
<item>
	<title>The Workers Cup (2017)</title>
<meta>
<imdb>tt6333084</imdb>
<content>movie</content>
<year>2017</year>
</meta>
<link>
<sublink>http://dl8.f2m.io/film/The.Workers.Cup.2017.1080p.WEB-DL.Film2Movie_US.mkv</sublink>
<sublink>http://dl8.f2m.io/film/The.Workers.Cup.2017.720p.WEB-DL.Film2Movie_US.mkv</sublink>
<sublink>http://dl8.f2m.io/film/The.Workers.Cup.2017.480p.WEB-DL.Film2Movie_US.mkv</sublink>
</link>
<thumbnail>https://m.media-amazon.com/images/M/MV5BOWFkYTlmMjctM2RkZC00ODgzLWJlMTYtYTRmYzA4ZjYwZDVhL2ltYWdlXkEyXkFqcGdeQXVyMjQ3NzUxOTM@._V1_SY1000_CR0,0,675,1000_AL_.jpg</thumbnail>
<fanart>https://m.media-amazon.com/images/M/MV5BMjE3MDM5MTEwM15BMl5BanBnXkFtZTgwMTM4NzE5MDI@._V1_SX1777_CR0,0,1777,999_AL_.jpg</fanart>
</item>
<item>
	<title>12 Round Gun (2017)</title>
<meta>
<imdb>tt3396208</imdb>
<content>movie</content>
<year>2017</year>
</meta>
<link>
<sublink>http://dl8.f2m.io/film/Twelve.Round.Gun.2017.1080p.WEB-DL.Film2Movie_US.mkv</sublink>
<sublink>http://dl8.f2m.io/film/Twelve.Round.Gun.2017.720p.WEB-DL.Film2Movie_US.mkv</sublink>
<sublink>http://dl8.f2m.io/film/Twelve.Round.Gun.2017.480p.WEB-DL.Film2Movie_US.mkv</sublink>
</link>
<thumbnail>https://m.media-amazon.com/images/M/MV5BMzMxZGEwZjEtZWRjNy00MGMyLWI0M2YtZTcyNWYzMjllZThlXkEyXkFqcGdeQXVyMjU0ODY3OA@@._V1_SY1000_CR0,0,658,1000_AL_.jpg</thumbnail>
<fanart>https://i.ytimg.com/vi/zSI3kI2yBxQ/maxresdefault.jpg</fanart>
</item>
<item>
	<title>Indian Horse (2017)</title>
<meta>
<imdb>tt5672286</imdb>
<content>movie</content>
<year>2017</year>
</meta>
<link>
<sublink>http://dl8.f2m.io/film/Indian.Horse.2017.1080p.BluRay.Film2Movie_US.mkv</sublink>
<sublink>http://dl8.f2m.io/film/Indian.Horse.2017.720p.BluRay.x265.HEVC.Film2Movie_US.mkv</sublink>
<sublink>http://dl8.f2m.io/film/Indian.Horse.2017.720p.BluRay.Film2Movie_US.mkv</sublink>
<sublink>http://dl8.f2m.io/film/Indian.Horse.2017.480p.BluRay.Film2Movie_US.mkv</sublink>
</link>
<thumbnail>https://m.media-amazon.com/images/M/MV5BMmM5ZWNmYzItMjk4YS00NzgzLWIzMzctOTUwNjQ2ZjFlOThmXkEyXkFqcGdeQXVyMTMxODk2OTU@._V1_SY1000_SX675_AL_.jpg</thumbnail>
<fanart>https://m.media-amazon.com/images/M/MV5BYzRiNWExOTQtNzI5My00ZjU1LTkxZTctN2VlZmUyZjhlYjRmXkEyXkFqcGdeQXVyMTk2NTgwMw@@._V1_SY1000_SX1500_AL_.jpg</fanart>
</item>
<item>
	<title>Dust 2 Glory (2017)</title>
<meta>
<imdb>tt8526506</imdb>
<content>movie</content>
<year>2017</year>
</meta>
<link>
<sublink>http://dl8.f2m.io/film/Dust.2.Glory.2017.1080p.BluRay.Film2Movie_US.mkv</sublink>
<sublink>http://dl8.f2m.io/film/Dust.2.Glory.2017.720p.BluRay.Film2Movie_US.mkv</sublink>
<sublink>http://dl8.f2m.io/film/Dust.2.Glory.2017.480p.BluRay.Film2Movie_US.mkv</sublink>
</link>
<thumbnail>https://m.media-amazon.com/images/M/MV5BNDBjNGU0YTUtMDI3Ny00MTg4LWE1ZTUtNGRlY2EyNTNhNzdjXkEyXkFqcGdeQXVyNTM3MDMyMDQ@._V1_.jpg</thumbnail>
<fanart>https://i.ytimg.com/vi/_hIXx3MneXs/maxresdefault.jpg</fanart>
</item>
<item>
	<title>Foreman (2017)</title>
<meta>
<imdb>tt7311634</imdb>
<content>movie</content>
<year>2017</year>
</meta>
<link>
<sublink>http://dl7.f2m.io/film/Foreman.2017.1080p.BluRay.Film2Movie_CO.mkv</sublink>
<sublink>http://dl7.f2m.io/film/Foreman.2017.720p.BluRay.Film2Movie_CO.mkv</sublink>
<sublink>http://dl7.f2m.io/film/Foreman.2017.480p.BluRay.Film2Movie_CO.mkv</sublink>
</link>
<thumbnail>https://m.media-amazon.com/images/M/MV5BMWU5NDBiYmQtZmQzMi00ZGVjLTgyZWMtMDNlNzE2Mjk4NGIzXkEyXkFqcGdeQXVyMTI0Nzg3MTM@._V1_SY1000_CR0,0,734,1000_AL_.jpg</thumbnail>
<fanart>http://imgurl.ir/uploads/69405_1Capture.jpg</fanart>
</item>
<item>
	<title>Sparring (2017)</title>
<meta>
<imdb>tt7222552</imdb>
<content>movie</content>
<year>2017</year>
</meta>
<link>
<sublink>http://dl8.f2m.io/film/Sparring.2017.1080p.WEB-DL.Film2Movie_US.mkv</sublink>
<sublink>http://dl8.f2m.io/film/Sparring.2017.720p.WEB-DL.Film2Movie_US.mkv</sublink>
<sublink>http://dl8.f2m.io/film/Sparring.2017.480p.WEB-DL.Film2Movie_US.mkv</sublink>
</link>
<thumbnail>https://m.media-amazon.com/images/M/MV5BYzczZDg4MWYtMjVkOS00ODJhLTk0ZGEtN2RiNWQwZTNkYjMxXkEyXkFqcGdeQXVyNDY2NDMxNDY@._V1_.jpg</thumbnail>
<fanart>https://i.ytimg.com/vi/M8uDoURl4SA/maxresdefault.jpg</fanart>
</item>
<item>
	<title>Journeyman (2017)</title>
<meta>
<imdb>tt5314118</imdb>
<content>movie</content>
<year>2017</year>
</meta>
<link>
<sublink>http://dl7.f2m.io/film/Journey.man.2017.1080p.b.lu.ry.Film2Movie_US.mkv</sublink>
<sublink>http://dl7.f2m.io/film/Journey.man.2017.720p.b.lu.ry.x265.HEVC.Film2Movie_US.mkv</sublink>
<sublink>http://dl7.f2m.io/film/Journey.man.2017.1080p.b.lu.ry.x265.HEVC.Film2Movie_US.mkv</sublink>
<sublink>http://dl7.f2m.io/film/Journey.man.2017.720p.b.lu.ry.Film2Movie_US.mkv</sublink>
<sublink>http://dl7.f2m.io/film/Journey.man.2017.480p.b.lu.ry.Film2Movie_US.mkv</sublink>
</link>
<thumbnail>https://m.media-amazon.com/images/M/MV5BZDQ1OTMxYjMtMmJjZS00YjRmLWIyZDUtMzcxZTdiYWU4MjU5XkEyXkFqcGdeQXVyMTMxODk2OTU@._V1_SY1000_CR0,0,666,1000_AL_.jpg</thumbnail>
<fanart>https://m.media-amazon.com/images/M/MV5BZTY1ZThhYjgtYTYzYy00MmQ5LThhYjktNzdjZWY2ZTVkYjJmXkEyXkFqcGdeQXVyMjAzNjQ1Mjc@._V1_.jpg</fanart>
</item>
<item>
	<title>Gloves Off (2017)</title>
<meta>
<imdb>tt4851570</imdb>
<content>movie</content>
<year>2017</year>
</meta>
<link>
<sublink>http://dl8.f2m.io/film/Gloves.Off.2017.1080p.WEB-DL.Film2Movie_WS.mkv</sublink>
<sublink>http://dl8.f2m.io/film/Gloves.Off.2017.720p.WEB-DL.Film2Movie_WS.mkv</sublink>
<sublink>http://dl8.f2m.io/film/Gloves.Off.2017.480p.WEB-DL.Film2Movie_WS.mkv</sublink>
</link>
<thumbnail>https://m.media-amazon.com/images/M/MV5BMzAxMjViOGMtOTUyMi00ZjZhLWI0ZmUtNzEwNTIxNGNiMjM0XkEyXkFqcGdeQXVyNTk3NTQ0Mzc@._V1_SY1000_CR0,0,748,1000_AL_.jpg</thumbnail>
<fanart>https://m.media-amazon.com/images/M/MV5BYTY5YTNkZjgtMWJlMS00MmIyLWExNGYtMGMyZDVhYmMzZmU5XkEyXkFqcGdeQXVyMjY3NTUwMDg@._V1_SX1777_CR0,0,1777,999_AL_.jpg</fanart>
</item>
<item>
