<plugin>
<title>BlindSpot Season 1</title>
<link>http://dl8.heyserver.in/serial/Blindspot/S01/720p.x265/</link>
<thumbnail>https://orig00.deviantart.net/2e3a/f/2015/233/b/d/blindspot___tv_series_folder_icon_v3_by_dyiddo-d96nquq.png</thumbnail>
<fanart></fanart>
</plugin>

<plugin>
<title>BlindSpot Season 2</title>
<link>http://dl8.heyserver.in/serial/Blindspot/S02/720p.x265/</link>
<thumbnail>https://orig00.deviantart.net/17ce/f/2015/233/e/0/blindspot___tv_series_folder_icon_v1_by_dyiddo-d8uhw5b.png</thumbnail>
<fanart></fanart>
</plugin>

<plugin>
<title>BlindSpot Season 3</title>
<link>http://dl8.heyserver.in/serial/Blindspot/S03/720p.x265/</link>
<thumbnail>https://orig00.deviantart.net/10ef/f/2016/034/c/9/blindspot__folder_icon__by_llyr86-d9qcdmq.png</thumbnail>
<fanart></fanart>
</plugin>

<plugin>
<title>BlindSpot Season 4</title>
<link>http://dl8.heyserver.in/serial/Blindspot/S04/720p/</link>
<thumbnail>https://images-wixmp-ed30a86b8c4ca887773594c2.wixmp.com/intermediary/f/dd9024c7-0783-4fba-87ee-ec5d76b3250d/dak5wh7-7eeb388f-a054-4e5c-879c-41006cf61436.png</thumbnail>
<fanart></fanart>
</plugin>
