<item>
<title>EP.1-Ace Degenerate</title>
<link>https://uptobox.com/2yafb2f7tig8</link>
<thumbnail>https://image.tmdb.org/t/p/w227_and_h127_bestv2/gBi0WoqKFTmY1bJ1XTHefQk22kq.jpg</thumbnail>
</item>

<item>
<title>EP.2-Strike First</title>
<link>https://uptobox.com/6eab0hzqamp3</link>
<thumbnail>https://image.tmdb.org/t/p/w227_and_h127_bestv2/bsh5XrZvhOgYALW0j5GtMkttBZp.jpg</thumbnail>
</item>

<item>
<title>EP.3-Esqueleto</title>
<link>https://uptobox.com/b3z3iswskuud</link>
<thumbnail>https://image.tmdb.org/t/p/w227_and_h127_bestv2/uY5D365Z69xLOJXjWFIV5RD82Ds.jpg</thumbnail>
</item>

<item>
<title>EP.4-Cobra Kai Never Dies</title>
<link>https://uptobox.com/y3q6s247wj7b</link>
<thumbnail>https://image.tmdb.org/t/p/w227_and_h127_bestv2/h2GZrZqIeRO0ca2eiFn7hnPTLFc.jpg</thumbnail>
</item>

<item>
<title>EP.5-Counterbalance</title>
<link>https://uptobox.com/vpq295bhsu39</link>
<thumbnail>https://image.tmdb.org/t/p/w227_and_h127_bestv2/8IztwvDGQpWwixBnBkYn3NJljOl.jpg</thumbnail>
</item>

<item>
<title>EP.6-Quiver</title>
<link>https://uptobox.com/obobnnx8neo5</link>
<thumbnail>https://image.tmdb.org/t/p/w227_and_h127_bestv2/qmqIbjkqNgYfLRj7W7nupEx064y.jpg</thumbnail>
</item>

<item>
<title>EP.7-All Valley</title>
<link>https://uptobox.com/uxohon8fn80w</link>
<thumbnail>https://image.tmdb.org/t/p/w227_and_h127_bestv2/vD1GxYOwqDNKIjWdXSWxiMXRveB.jpg</thumbnail>
</item>

<item>
<title>EP.8-Molting</title>
<link>https://uptobox.com/93krsitnnnve</link>
<thumbnail>https://image.tmdb.org/t/p/w227_and_h127_bestv2/wUWZwc9gYGycrxe51lk3Ky9a8Wi.jpg</thumbnail>
</item>

<item>
<title>EP.9-Different But Same</title>
<link>https://uptobox.com/8ps9l9d83d2r</link>
<thumbnail>https://image.tmdb.org/t/p/w227_and_h127_bestv2/f96BWZTPFXO9WdFujOVDHykk37Q.jpg</thumbnail>
</item>

<item>
<title>EP.10-Mercy</title>
<link>https://uptobox.com/gyrp6oizxcr9</link>
<thumbnail>https://image.tmdb.org/t/p/w227_and_h127_bestv2/skeOPsG179Ku3AUAKvfLKGZGEOd.jpg</thumbnail>
</item>

