<plugin>
<title>Colony Season 1</title>
<link>http://dl8.heyserver.in/serial/Colony/S01/720p.x265/</link>
<thumbnail>https://image.tmdb.org/t/p/w600_and_h900_bestv2/aqxXr3tCjY6lsDGT9lrPSLlMVlz.jpg</thumbnail>
<fanart></fanart>
</plugin>

<plugin>
<title>Colony Season 2</title>
<link>http://dl8.heyserver.in/serial/Colony/S02/720p/</link>
<thumbnail>https://image.tmdb.org/t/p/w600_and_h900_bestv2/7WbN38dgcAqecCNhfKY9Fxan45r.jpg</thumbnail>
<fanart></fanart>
</plugin>

<plugin>
<title>Colony Season 3</title>
<link>http://dl8.heyserver.in/serial/Colony/S03/720p.x265/</link>
<thumbnail>https://image.tmdb.org/t/p/w600_and_h900_bestv2/qeTep9cmGIV7WSQC3fhOUBXLfIs.jpg</thumbnail>
<fanart></fanart>
</plugin>
