<item>
<title>EP.1-Bang</title>
<link>https://www.fembed.com/v/kg4qqu3-6r2y8zd</link>
<thumbnail>https://image.tmdb.org/t/p/w227_and_h127_bestv2/oiDSkY2h8OGeitwHC0diCy4VllX.jpg</thumbnail>
</item>

<item>
<title>EP.2-Dogs to a Gunfight</title>
<link>https://www.fembed.com/v/0e6ggilwz52k0lj</link>
<thumbnail>https://image.tmdb.org/t/p/w227_and_h127_bestv2/xe3jmTRJF1UyW2V4lXlN3hEfliC.jpg</thumbnail>
</item>

<item>
<title>EP.3-New York's Finest</title>
<link>https://www.fembed.com/v/rgn11uejk3r1lrz</link>
<thumbnail>https://image.tmdb.org/t/p/w227_and_h127_bestv2/ru6Toc8IcS6FMYaJiBIbqlhi0e1.jpg</thumbnail>
</item>

<item>
<title>EP.4-Penny and Dime</title>
<link>https://www.fembed.com/v/el4ddc-02g7rq53</link>
<thumbnail>https://image.tmdb.org/t/p/w227_and_h127_bestv2/gEXMxGecxREbRbxUwMBJPlMlVLq.jpg</thumbnail>
</item>

<item>
<title>EP.5-Kinbaku</title>
<link>https://www.fembed.com/v/7dw11agye7py5dy</link>
<thumbnail>https://image.tmdb.org/t/p/w227_and_h127_bestv2/o6rrjZRkefL9zdaX1x5BuAfHaNX.jpg</thumbnail>
</item>

<item>
<title>EP.6-Regrets Only</title>
<link>https://www.fembed.com/v/56nggcdgm-0g238</link>
<thumbnail>https://image.tmdb.org/t/p/w227_and_h127_bestv2/3Caj3W6tfllb9vFvTJmOc0ZlnIW.jpg</thumbnail>
</item>

<item>
<title>EP.7-Semper Fidelis</title>
<link>https://www.fembed.com/v/67nggi0znprz665</link>
<thumbnail>https://image.tmdb.org/t/p/w227_and_h127_bestv2/vWpizkHpQ5zKDdUQlW0V5ytKiyO.jpg</thumbnail>
</item>

<item>
<title>EP.8-Guilty as Sin</title>
<link>https://www.fembed.com/v/1yrggtj61x484ex</link>
<thumbnail>https://image.tmdb.org/t/p/w227_and_h127_bestv2/Av47v8LCU6NqVqfC6buKhEYBRzH.jpg</thumbnail>
</item>

<item>
<title>EP.9-Seven Minutes in Heaven</title>
<link>https://www.fembed.com/v/d5377fxn-4kny7y</link>
<thumbnail>https://image.tmdb.org/t/p/w227_and_h127_bestv2/xxUl1nRdB2W8LnZS4ZY3uQe1a7E.jpg</thumbnail>
</item>

<item>
<title>EP.10-The Man in The Box</title>
<link>https://www.fembed.com/v/67nggi0znprzq7w</link>
<thumbnail>https://image.tmdb.org/t/p/w227_and_h127_bestv2/fK5MNDW7sglOPc7CpKYPtf4hgAj.jpg</thumbnail>
</item>

<item>
<title>EP.11-.380</title>
<link>https://www.fembed.com/v/m-zqqc52jzw21j7</link>
<thumbnail>https://image.tmdb.org/t/p/w227_and_h127_bestv2/mBUA05Rv15ASG7lRyRlQfqKJppl.jpg</thumbnail>
</item>

<item>
<title>EP.12-The Dark at the End of the Tunnel</title>
<link>https://www.fembed.com/v/44nggizlxgd4m45</link>
<thumbnail>https://image.tmdb.org/t/p/w227_and_h127_bestv2/9ZTRTJvTbEqlFeOIONlbdao4UnR.jpg</thumbnail>
</item>

<item>
<title>EP.13-A Cold Day in Hell's Kitchen</title>
<link>https://www.fembed.com/v/44nggizlxgdwxmg</link>
<thumbnail>https://image.tmdb.org/t/p/w227_and_h127_bestv2/elTucMpUqGnrz7aZJuV0uFvTMt3.jpg</thumbnail>
</item>
