

<item>
<title>Final Destination</title>
<meta>
<content>movie</content>
<imdb>tt0195714</imdb>
<title>Final Destination</title>
<year>2000</year>
</meta>
<link>
<sublink>https://uptostream.com/gmsj29059gbj(720p)</sublink>
<sublink>search</sublink>
<sublink>searchsd</sublink>
</link>
<thumbnail>https://image.tmdb.org/t/p/w1280/nW6JfCIWqUpIESlras0nrVy4pCl.jpg</thumbnail>
<fanart>https://image.tmdb.org/t/p/w1000_and_h563_face/4wRWX3EgnFQnhkI34I6nv6FKgvr.jpg</fanart>
</item>

<item>
<title>Final Destination 2</title>
<meta>
<content>movie</content>
<imdb>tt0309593</imdb>
<title>Final Destination 2</title>
<year>2003</year>
</meta>
<link>
<sublink>https://uptostream.com/z6lq5763avbb(720p)</sublink>
<sublink>search</sublink>
<sublink>searchsd</sublink>
</link>
<thumbnail>https://image.tmdb.org/t/p/w1280/2Tj8YJJuahzwUbdYDgydYX4Yj4Y.jpg</thumbnail>
<fanart>https://image.tmdb.org/t/p/w1000_and_h563_face/jIX8LRnNdSlOjYv8Z7z9VfdReNV.jpg</fanart>
</item>

<item>
<title>Final Destination 3</title>
<meta>
<content>movie</content>
<imdb>tt0414982</imdb>
<title>Einal Destination 3</title>
<year>2006</year>
</meta>
<link>
<sublink>https://uptostream.com/5dk102cz9xiy(720p)</sublink>
<sublink>search</sublink>
<sublink>searchsd</sublink>
</link>
<thumbnail>https://image.tmdb.org/t/p/w1280/p7ARuNKUGPGvkBiDtIDvAzYzonX.jpg</thumbnail>
<fanart>https://image.tmdb.org/t/p/w1000_and_h563_face/6sCto39wgQGCzDojAr5c4UPBjDZ.jpg</fanart>
</item>

<item>
<title>The Final Destination-2009</title>
<meta>
<content>movie</content>
<imdb>tt1144884</imdb>
<title>The Final Destination</title>
<year>2009</year>
</meta>
<link>
<sublink>https://uptostream.com/d4y4jjt4enjw(720p)</sublink>
<sublink>search</sublink>
<sublink>searchsd</sublink>
</link>
<thumbnail>https://image.tmdb.org/t/p/w1280/5vxXrr1MqGsT4NNeRITpfDnl4Rq.jpg</thumbnail>
<fanart>https://image.tmdb.org/t/p/w1000_and_h563_face/b0WmZ6DZt25OxfutT7bFwSOJqaw.jpg</fanart>
</item>

<item>
<title>Final Destination 5-2011</title>
<meta>
<content>movie</content>
<imdb>tt1622979</imdb>
<title>Final Destination 5</title>
<year>2011</year>
</meta>
<link>
<sublink>https://uptostream.com/0m3h565ceyh5(720p)</sublink>
<sublink>search</sublink>
<sublink>searchsd</sublink>
</link>
<thumbnail>https://image.tmdb.org/t/p/w1280/m4xhyjrybUGGY2p6bjrF4AO5Osl.jpg</thumbnail>
<fanart>https://image.tmdb.org/t/p/w1000_and_h563_face/n2lqHxvjzgA6BqNXnVW9wOimXRX.jpg</fanart>
</item>