<item>
<title>EP.1-Pilot</title>
<link>https://uptobox.com/v7mv162sk3o6(720P)</link>
<thumbnail>https://image.tmdb.org/t/p/w227_and_h127_bestv2/yQKuW0jqdVy5ENGlvcKsB82IWwY.jpg</thumbnail>
</item>

<item>
<title>EP.2-Selina Kyle</title>
<link>https://uptobox.com/vivh83md9n1r(720P)</link>
<thumbnail>https://image.tmdb.org/t/p/w227_and_h127_bestv2/aNr0SSWvVYOsZWfkgB8XGKjzlJv.jpg</thumbnail>
</item>

<item>
<title>EP.3-The Balloonman</title>
<link>https://uptobox.com/b947ifbcyke0</link>
<thumbnail>https://image.tmdb.org/t/p/w227_and_h127_bestv2/dXMWKaQlIcFibGMUGIzPj7Io7hn.jpg</thumbnail>
</item>

<item>
<title>EP.4-Arkham</title>
<link>https://uptobox.com/60d2wc9ymse7</link>
<thumbnail>https://image.tmdb.org/t/p/w227_and_h127_bestv2/gL4HWIoQKG5kRQCC1YOrW4fCJbn.jpg</thumbnail>
</item>

<item>
<title>EP.5-Viper</title>
<link>https://uptobox.com/ogwxkvvqqwgc</link>
<thumbnail>https://image.tmdb.org/t/p/w227_and_h127_bestv2/4a77nHzrTD57leSW549e08RBLpi.jpg</thumbnail>
</item>


<item>
<title>EP.6-Spirit of the Goat</title>
<link>https://uptobox.com/0tu1vp6j5u3i</link>
<thumbnail>https://image.tmdb.org/t/p/w227_and_h127_bestv2/jeDMkpsImpFmiE4qHACE8tcRcua.jpg</thumbnail>
</item>

<item>
<title>EP.7-Penguin's Umbrella</title>
<link>https://uptobox.com/hqqzx12enapj</link>
<thumbnail>https://image.tmdb.org/t/p/w227_and_h127_bestv2/reum0iiHyqEKxtUaNHpVg9jrLHR.jpg</thumbnail>
</item>

<item>
<title>EP.8-The Mask</title>
<link>https://uptobox.com/q9m965v37766</link>
<thumbnail>https://image.tmdb.org/t/p/w227_and_h127_bestv2/soQZpvY4alB84VKhqUmKyCyS0vv.jpg</thumbnail>
</item>

<item>
<title>EP.9-Harvey Dent</title>
<link>https://uptobox.com/jvylb3se0f2q</link>
<thumbnail>https://image.tmdb.org/t/p/w227_and_h127_bestv2/i2xH5tV6J8evn86ceYXuP2rGtPT.jpg</thumbnail>
</item>

<item>
<title>EP.10-Lovecraft</title>
<link>https://uptobox.com/1sgxxt5dvi97</link>
<thumbnail>https://image.tmdb.org/t/p/w227_and_h127_bestv2/hc9XEYDkKsrCjd2rcnERj5N80gX.jpg</thumbnail>
</item>

<item>
<title>EP.11-Rogues' Gallery</title>
<link>https://uptobox.com/ia0o3a3fq50w</link>
<thumbnail>https://image.tmdb.org/t/p/w227_and_h127_bestv2/r8vtpGARqmE6PFeVpsbVELj9P4R.jpg</thumbnail>
</item>

<item>
<title>EP.12-What the Little Bird Told Him</title>
<link>https://uptobox.com/89pnvh5f9bqo</link>
<thumbnail>https://image.tmdb.org/t/p/w227_and_h127_bestv2/lB09jC7WmdebOegzWknShOARxTn.jpg</thumbnail>
</item>

<item>
<title>EP.13-Welcome Back, Jim Gordon</title>
<link>https://uptobox.com/6utb17aisxwv</link>
<thumbnail>https://image.tmdb.org/t/p/w227_and_h127_bestv2/20kdH7IfYw9oHujYbvwqoXNyDHq.jpg</thumbnail>
</item>


<item>
<title>EP.14-The Fearsome Dr. Crane</title>
<link>https://uptobox.com/f8c3t81qo3ul</link>
<thumbnail>https://image.tmdb.org/t/p/w227_and_h127_bestv2/186n7uKlCzSioUfpiTVLbxf3LyQ.jpg</thumbnail>
</item>

<item>
<title>EP.15-The Scarecrow</title>
<link>https://uptobox.com/af3lfz58qys0</link>
<thumbnail>https://image.tmdb.org/t/p/w227_and_h127_bestv2/fvP8ukS6GU8GY2NJxZPsBEm29n5.jpg</thumbnail>
</item>

<item>
<title>EP.16-The Blind Fortune Teller</title>
<link>https://uptobox.com/j4hr58vguiam</link>
<thumbnail>https://image.tmdb.org/t/p/w227_and_h127_bestv2/mZ957Zpn9sllM3cnm0euXORDgRz.jpg</thumbnail>
</item>

<item>
<title>EP.17-Red Hood</title>
<link>https://uptobox.com/lpzzjkc8jtvo</link>
<thumbnail>https://image.tmdb.org/t/p/w227_and_h127_bestv2/gyDPSymw0x1rBgfjcgF4Ow5RKsP.jpg</thumbnail>
</item>

<item>
<title>EP.18-Everyone Has a Cobblepot</title>
<link>https://uptobox.com/clttcokjb6wp</link>
<thumbnail>https://image.tmdb.org/t/p/w227_and_h127_bestv2/9wJMNhbbdmXjW19JtEWDxEUf1KY.jpg</thumbnail>
</item>


<item>
<title>EP.19-Beasts of Prey</title>
<link>https://uptobox.com/ktgwou56pl0b</link>
<thumbnail>https://image.tmdb.org/t/p/w227_and_h127_bestv2/xhmdj5OopDxNVkXAw91HIxncGB0.jpg</thumbnail>
</item>

<item>
<title>EP.20-Under the Knife</title>
<link>https://uptobox.com/08o59lxfqqef</link>
<thumbnail>https://image.tmdb.org/t/p/w227_and_h127_bestv2/gpXUaRMojfN7IwnMxkf3lnEw23B.jpg</thumbnail>
</item>

<item>
<title>EP.21-The Anvil or the Hammer</title>
<link>https://uptobox.com/zbncp4yzrfkk</link>
<thumbnail>https://image.tmdb.org/t/p/w227_and_h127_bestv2/tM8zixSVsT9wyy03nnm5Sh9KUJv.jpg</thumbnail>
</item>

<item>
<title>EP.22-All Happy Families Are Alike</title>
<link>https://uptobox.com/drkentdtyful</link>
<thumbnail>https://image.tmdb.org/t/p/w227_and_h127_bestv2/8LQ3EodJDoZzMp3LgP1GOcdsV5x.jpg</thumbnail>
</item>

