<dir>
<title>Gotham Season 1</title>
<link>https://magnetic.website/Mad%20Titan/GOTHAM%20SEASON%201.xml</link>
<thumbnail>https://orig00.deviantart.net/7e6f/f/2017/196/7/c/gotham___tv_series_folder_icon_v6_by_dyiddo-dbggfi3.png</thumbnail>
<fanart></fanart>
</dir>


<dir>
<title>Gotham Season 2</title>
<link>https://magnetic.website/Mad%20Titan/GOTHAM%20SEASON%202.xml</link>
<thumbnail>https://orig00.deviantart.net/9e8e/f/2016/121/0/5/gotham_season_2_folder_icon_by_nallan01-da0w0sm.png</thumbnail>
<fanart></fanart>
</dir>

<dir>
<title>Gotham Season 3</title>
<link>https://magnetic.website/Mad%20Titan/GOTHAM%20SEASON%203.xml</link>
<thumbnail>https://images-wixmp-ed30a86b8c4ca887773594c2.wixmp.com/intermediary/f/1521cb19-fa45-4fd7-936e-d67ddb5cd102/dalqg4y-0356608f-e088-4ef3-b7cf-afa481796ed1.png</thumbnail>
<fanart></fanart>
</dir>

<dir>
<title>Gotham Season 4</title>
<link>https://magnetic.website/Mad%20Titan/GOTHAM%20SEASON%204.xml</link>
<thumbnail>https://orig00.deviantart.net/424a/f/2017/327/e/4/gotham___tv_series_folder_icon_v7_by_dyiddo-dbun18j.png</thumbnail>
<fanart></fanart>
</dir>

<dir>
<title>Gotham Season 5</title>
<link>https://magnetic.website/Mad%20Titan/GOTHAM%20SEASON%205.xml</link>
<thumbnail>https://orig00.deviantart.net/9b36/f/2018/255/2/6/gotham_season_5_icon_by_yashar20-dcmocbu.png</thumbnail>
<fanart></fanart>
</dir>

