<item>
<title>EP.1-Rise of the Villains: Damned If You Do...</title>
<link>https://uptobox.com/n0lktojk97o4</link>
<thumbnail>https://image.tmdb.org/t/p/w227_and_h127_bestv2/lzd4gpwV9rLetJdSgxGakLcBNBj.jpg</thumbnail>
</item>

<item>
<title>EP.2-Rise of the Villains: Knock, Knock</title>
<link>https://uptobox.com/y73rbul4goom</link>
<thumbnail>https://image.tmdb.org/t/p/w227_and_h127_bestv2/dnu1kwQECBKzeKLm043VaXiMh2J.jpg</thumbnail>
</item>

<item>
<title>EP.3-Rise of the Villains: The Last Laugh</title>
<link>https://uptobox.com/h1pgl3zke8hp</link>
<thumbnail>https://image.tmdb.org/t/p/w227_and_h127_bestv2/oAoU342gj9qP69SKFS4VEToWt9T.jpg</thumbnail>
</item>

<item>
<title>EP.4-Rise of the Villains: Strike Force</title>
<link>https://uptobox.com/zwleax91x0lz</link>
<thumbnail>https://image.tmdb.org/t/p/w227_and_h127_bestv2/hFGjoqnPSN5271QzxU2Dv6EDviX.jpg</thumbnail>
</item>

<item>
<title>EP.5-Rise of the Villains: Scarification</title>
<link>https://uptobox.com/rqa2yvd3c5ak</link>
<thumbnail>https://image.tmdb.org/t/p/w227_and_h127_bestv2/xvqIful6Qgg107jTlQKwNs628ZN.jpg</thumbnail>
</item>

<item>
<title>EP.6-Rise of the Villains: By Fire</title>
<link>https://uptobox.com/zby220u02p39</link>
<thumbnail>https://image.tmdb.org/t/p/w227_and_h127_bestv2/u0eHa7TGmqOLsIf2yI5H4RNLc5t.jpg</thumbnail>
</item>

<item>
<title>EP.7-Rise of the Villains: Mommy's Little Monster</title>
<link>https://uptobox.com/frp2asw2ylbv</link>
<thumbnail>https://image.tmdb.org/t/p/w227_and_h127_bestv2/5nd2fmKvzhLX6tghfupfQUnsQQM.jpg</thumbnail>
</item>

<item>
<title>EP.8-Rise of the Villains: Tonight's the Night</title>
<link>https://uptobox.com/gvh52o5imh65</link>
<thumbnail>https://image.tmdb.org/t/p/w227_and_h127_bestv2/dn6E22HzmO4XW0744pNWVoi70oA.jpg</thumbnail>
</item>

<item>
<title>EP.9-Rise of the Villains: A Bitter Pill to Swallow</title>
<link>https://uptobox.com/9zjq5kel5y0k</link>
<thumbnail>https://image.tmdb.org/t/p/w227_and_h127_bestv2/iYc72nLmQpnOF70BdMQXFHWFEXQ.jpg</thumbnail>
</item>

<item>
<title>EP.10-Rise of the Villains: The Son of Gotham</title>
<link>https://uptobox.com/0wx4u1c7c2de</link>
<thumbnail>https://image.tmdb.org/t/p/w227_and_h127_bestv2/mw4oLzDWVomhZzhTkrUWauhYNrv.jpg</thumbnail>
</item>

<item>
<title>EP.11-Rise of the Villains: Worse Than a Crime</title>
<link>https://uptobox.com/ukp1ojkhcsh9</link>
<thumbnail>https://image.tmdb.org/t/p/w227_and_h127_bestv2/vNiE7MPWDsCKJ5xtuvgeyiRlJSH.jpg</thumbnail>
</item>

<item>
<title>EP.12-Wrath of the Villains: Mr. Freeze</title>
<link>https://uptobox.com/4iiwgc6bfrr5</link>
<thumbnail>https://image.tmdb.org/t/p/w227_and_h127_bestv2/mv455YzsNZ9qjdqQf420Uz3BsNu.jpg</thumbnail>
</item>

<item>
<title>EP.13-Wrath of the Villains: A Dead Man Feels No Cold</title>
<link>https://uptobox.com/v2tqc497uchj</link>
<thumbnail>https://image.tmdb.org/t/p/w227_and_h127_bestv2/xDHnpJWvUrjdTiP7Osr0k17bfJe.jpg</thumbnail>
</item>

<item>
<title>EP.14-Wrath of the Villains: This Ball of Mud and Meanness</title>
<link>https://uptobox.com/cyu9xmji48tf</link>
<thumbnail>https://image.tmdb.org/t/p/w227_and_h127_bestv2/dclrl5BkcpFXV0E1GGlLeCamL2J.jpg</thumbnail>
</item>

<item>
<title>EP.15-Wrath of the Villains: Mad Grey Dawn</title>
<link>https://uptobox.com/h73ls3dqz26p</link>
<thumbnail>https://image.tmdb.org/t/p/w227_and_h127_bestv2/dPJ8VOCSgLkLlKjUdfujDkdBKYI.jpg</thumbnail>
</item>

<item>
<title>EP.16-Wrath of the Villains: Prisoners</title>
<link>https://uptobox.com/kwb8tsg35wt7</link>
<thumbnail>https://image.tmdb.org/t/p/w227_and_h127_bestv2/mc22uWl67UjqhFb6DGV8ZUAw287.jpg</thumbnail>
</item>

<item>
<title>EP.17-Wrath of the Villains: Into The Woods</title>
<link>https://uptobox.com/yg7sxyi82n5p</link>
<thumbnail>https://image.tmdb.org/t/p/w227_and_h127_bestv2/mqoEJ8OGhXUK6X77ZbHz0vobJec.jpg</thumbnail>
</item>

<item>
<title>EP.18-Wrath of the Villains: Pinewood</title>
<link>https://uptobox.com/mr58wl1y15lo</link>
<thumbnail>https://image.tmdb.org/t/p/w227_and_h127_bestv2/ftRSlHklsclJpe2gmysLJr1e15X.jpg</thumbnail>
</item>


<item>
<title>EP.19-Wrath of the Villains: Azrael</title>
<link>https://uptobox.com/ua1q4err9nua</link>
<thumbnail>https://image.tmdb.org/t/p/w227_and_h127_bestv2/8W8sjk71VLXb802Wwh4wNk34yQt.jpg</thumbnail>
</item>




<item>
<title>EP.20-Wrath of the Villains: Unleashed</title>
<link>https://uptobox.com/yimw96yzet72</link>
<thumbnail>https://image.tmdb.org/t/p/w227_and_h127_bestv2/nfGKBLDcDzhyiDg8jDWSsewDEhT.jpg</thumbnail>
</item>

<item>
<title>EP.21-Wrath of the Villains: A Legion of Horribles</title>
<link>https://uptobox.com/q146fll88uao</link>
<thumbnail>https://image.tmdb.org/t/p/w227_and_h127_bestv2/jAXP3dYu4vUOn86gYa0ZaZWVhEr.jpg</thumbnail>
</item>


<item>
<title>EP.22-Wrath of the Villains: Transference</title>
<link>https://uptobox.com/tqzvs4jfcqv8</link>
<thumbnail>https://image.tmdb.org/t/p/w227_and_h127_bestv2/rvtLuA9V1tqFxxFGhGEL1WXX5P.jpg</thumbnail>
</item>
