<item>
<title>Halloween (1978)</title>
<meta>
<content>movie</content>
<imdb></imdb>
<title>Halloween</title>
<year>1978</year>
</meta>
<link>
<sublink>https://uptobox.com/mdjyzcaf17ti</sublink>
<sublink></sublink>
<sublink>search</sublink>
<sublink>searchsd</sublink>
</link>
<thumbnail>https://image.tmdb.org/t/p/w600_and_h900_bestv2/vjoOFOTBJcJvA1weJejlZ92LZD4.jpg</thumbnail>
<fanart>https://image.tmdb.org/t/p/original/6Io0gvfEVpMQsB46yXOKCpSJOoJ.jpg</fanart>
</item>

<item>
<title>Halloween II (1981)</title>
<meta>
<content>movie</content>
<imdb>tt0082495</imdb>
<title>Halloween II</title>
<year>1981</year>
</meta>
<link>
<sublink>https://uptobox.com/5cunb2x46mi8</sublink>
<sublink></sublink>
<sublink>search</sublink>
<sublink>searchsd</sublink>
</link>
<thumbnail>https://image.tmdb.org/t/p/w600_and_h900_bestv2/9oXa66gARefZBuca4xpD8EFbcVg.jpg</thumbnail>
<fanart>https://image.tmdb.org/t/p/original/cx6VEpZV8YvsOFNhZQV5PIpiez1.jpg</fanart>
</item>

<item>
<title>Halloween III: Season of the Witch (1982)</title>
<meta>
<content>movie</content>
<imdb>tt0085636</imdb>
<title>Halloween III: Season of the Witch</title>
<year></year>
</meta>
<link>
<sublink>https://uptobox.com/jrzc1ey0s0ic</sublink>
<sublink></sublink>
<sublink>search</sublink>
<sublink>searchsd</sublink>
</link>
<thumbnail>https://image.tmdb.org/t/p/w600_and_h900_bestv2/svPexK18MEl0lyAqb8fFUGGsEQ8.jpg</thumbnail>
<fanart>https://image.tmdb.org/t/p/original/cR752FFy5MjNiGwJWM07u2KxEXb.jpg</fanart>
</item>

<item>
<title>Halloween 4: The Return of Michael Myers (1988)</title>
<meta>
<content>movie</content>
<imdb>tt0095271</imdb>
<title>Halloween 4: The Return of Michael Myers</title>
<year>1988</year>
</meta>
<link>
<sublink>https://uptobox.com/5q4jtby26off</sublink>
<sublink></sublink>
<sublink>search</sublink>
<sublink>searchsd</sublink>
</link>
<thumbnail>https://image.tmdb.org/t/p/w600_and_h900_bestv2/oudmrV1WljSJMpgwq6K4VzbIMMK.jpg</thumbnail>
<fanart>https://image.tmdb.org/t/p/original/gVBvuNfvQsjMzFJxEJv0lWk0Wba.jpg</fanart>
</item>

<item>
<title>Halloween 5: The Revenge of Michael Myers (1989)</title>
<meta>
<content>movie</content>
<imdb>tt0097474</imdb>
<title>Halloween 5: The Revenge of Michael Myers</title>
<year>1989</year>
</meta>
<link>
<sublink>https://uptobox.com/pqc1jvjxafyz</sublink>
<sublink></sublink>
<sublink>search</sublink>
<sublink>searchsd</sublink>
</link>
<thumbnail>https://image.tmdb.org/t/p/w600_and_h900_bestv2/gQwN6KXBuO94kaYpeX3uaueszkd.jpg</thumbnail>
<fanart>https://image.tmdb.org/t/p/original/6RHKV7IFMABNblfmy0MrE9ul8vF.jpg</fanart>
</item>

<item>
<title>Halloween: The Curse of Michael Myers (1995)</title>
<meta>
<content>movie</content>
<imdb>tt0113253</imdb>
<title>Halloween: The Curse of Michael Myers</title>
<year>1995</year>
</meta>
<link>
<sublink>https://uptobox.com/8x2qt8kajwjb</sublink>
<sublink></sublink>
<sublink>search</sublink>
<sublink>searchsd</sublink>
</link>
<thumbnail>https://image.tmdb.org/t/p/w600_and_h900_bestv2/8Tw5IttoEATGD2FHhcG9bDzqwbi.jpg</thumbnail>
<fanart>https://image.tmdb.org/t/p/original/6XGxnyrBWxBDOg4MFszLCt50n35.jpg</fanart>
</item>

<item>
<title>Halloween H20: 20 Years Later (1998)</title>
<meta>
<content>movie</content>
<imdb>tt0120694</imdb>
<title>Halloween H20: 20 Years Later</title>
<year>1998</year>
</meta>
<link>
<sublink>https://uptobox.com/cfffr6mqc30w(720P)</sublink>
<sublink>https://uptobox.com/ov272ft2jm5h(1080P)</sublink>
<sublink>search</sublink>
<sublink>searchsd</sublink>
</link>
<thumbnail>https://image.tmdb.org/t/p/w600_and_h900_bestv2/crycJDHRvpQyZeQyRYtIZKIpNzK.jpg</thumbnail>
<fanart>https://image.tmdb.org/t/p/original/dAGLhS8FxFKCN15M5c9wIp6syaI.jpg</fanart>
</item>

<item>
<title>Halloween: Resurrection (2002)</title>
<meta>
<content>movie</content>
<imdb>tt0220506</imdb>
<title>Halloween: Resurrection</title>
<year>2002</year>
</meta>
<link>
<sublink>https://uptobox.com/t4306w1t5aay</sublink>
<sublink></sublink>
<sublink>search</sublink>
<sublink>searchsd</sublink>
</link>
<thumbnail>https://image.tmdb.org/t/p/w600_and_h900_bestv2/luqA2pRzJ4OPxiS9zXa0arQljB1.jpg</thumbnail>
<fanart>https://image.tmdb.org/t/p/original/ffhilCqt9jm8qtAFGPcX0dZvZc2.jpg</fanart>
</item>


<item>
<title>Halloween (2007)</title>
<meta>
<content>movie</content>
<imdb>tt0373883</imdb>
<title>Halloween</title>
<year>2007</year>
</meta>
<link>
<sublink>https://uptobox.com/s6t8vaczpl43</sublink>
<sublink></sublink>
<sublink>search</sublink>
<sublink>searchsd</sublink>
</link>
<thumbnail>https://image.tmdb.org/t/p/w600_and_h900_bestv2/9CPYBA1Fq5BdCmViSPyfPiBOcTH.jpg</thumbnail>
<fanart>https://image.tmdb.org/t/p/original/nO5d3wpfZQXdzyZvVVsFZ9znk2S.jpg</fanart>
</item>

<item>
<title>Halloween II (2009)</title>
<meta>
<content>movie</content>
<imdb>tt1311067</imdb>
<title>Halloween II</title>
<year>2009</year>
</meta>
<link>
<sublink>https://uptobox.com/xf424271s8d9</sublink>
<sublink></sublink>
<sublink>search</sublink>
<sublink>searchsd</sublink>
</link>
<thumbnail>https://image.tmdb.org/t/p/w600_and_h900_bestv2/vSHPM4LQDpWdQrD5KZWK6wNqSOD.jpg</thumbnail>
<fanart>https://image.tmdb.org/t/p/original/fSvI1xWZpU7jcW4xkq53CTfyEDs.jpg</fanart>
</item>


<item>
<title>Halloween (2018)</title>
<meta>
<content></content>
<imdb>tt1502407</imdb>
<title>Halloween</title>
<year>2018</year>
</meta>
<link>
<sublink>https://uptobox.com/zop9y48ehnln</sublink>
<sublink></sublink>
<sublink>search</sublink>
<sublink>searchsd</sublink>
</link>
<thumbnail>https://image.tmdb.org/t/p/w600_and_h900_bestv2/bXs0zkv2iGVViZEy78teg2ycDBm.jpg</thumbnail>
<fanart>https://image.tmdb.org/t/p/original/tZ358Wk4BnOc4FjdGsiexAUvCMH.jpg</fanart>
</item>

