<item>
	<title>[COLOR=white]Hotel Transylvania[/COLOR]</title>
	<meta>
	<imdb>tt0837562</imdb>
	<content>movie</content>
	<title>Hotel Transylvania</title>
	<year>2012</year>
	</meta>
	<link>
	<sublink>https://uptobox.com/5whotu3llq1d(720p)</sublink>
	<sublink>https://uptobox.com/28lul7zx5cjp(1080p)</sublink>
	<sublink>search</sublink>
	<sublink>searchsd</sublink>
	</link>
	<thumbnail>https://image.tmdb.org/t/p/w1280/9qugesYpAWHUpdrw2w8URSGkAPt.jpg</thumbnail>
	<fanart>https://image.tmdb.org/t/p/w1280/sETTal2HPPkUC3lWc27HL1AFu9C.jpg</fanart>
</item>
<item>
	<title>[COLOR=white]Hotel Transylvania 2[/COLOR]</title>
	<meta>
	<imdb>tt2510894</imdb>
	<content>movie</content>
	<title>Hotel Transylvania 2</title>
	<year>2015</year>
	</meta>
	<link>
	<sublink>https://uptobox.com/4rpy6owh0vi3(720p)<sublink>
	<ssublink>https://uptobox.com/t7xwqpn3af8j(1080p)</sublink>
	<sublink>search</sublink>
	<sublink>searchsd</sublink>
	</link>
	<thumbnail>https://image.tmdb.org/t/p/w1280/cFQHMUmxaO3PEDo5lxuQC8MCRIH.jpg</thumbnail>
	<fanart>https://image.tmdb.org/t/p/w1280/h3t4zZPteUPqyDBrmz5Z2zzGM61.jpg</fanart>
</item>
<item>
	<title>[COLOR=white]Hotel Transylvania 3: Summer Vacation[/COLOR]</title>
	<meta>
	<imdb>tt5220122</imdb>
	<content>movie</content>
	<title>Hotel Transylvania 3: Summer Vacation</title>
	<year>2018</year>
	</meta>
	<link>
	<sublink>https://uptobox.com/67bfhs4zd1b5(720p)</sublink>
	<sublink>https://uptobox.com/vlt6zxm81pa7(1080p)</sublink>
	<sublink>search</sublink>
	<sublink>searchsd</sublink>
	</link>
	<thumbnail>https://image.tmdb.org/t/p/w1280/gjAFM4xhA5vyLxxKMz38ujlUfDL.jpg</thumbnail>
	<fanart>https://image.tmdb.org/t/p/w1280/m03jul0YdVEOFXEQVUv6pOVQYGL.jpg</fanart>
</item>
