


<item>
<title>***Fit Test***</title>
<link>https://uptostream.com/q7i1qkfqhqdd</link>
<thumbnail>https://ih1.redbubble.net/image.9521480.1098/fc,550x550,white.jpg</thumbnail>
</item>

<item>
<title>***Plyometric Cardio Circuit***</title>
<link>https://uptobox.com/qz6beemb7ipc</link>
<thumbnail>https://ih1.redbubble.net/image.9521480.1098/fc,550x550,white.jpg</thumbnail>
</item>

<item>
<title>***Cardio Power & Resistance***</title>
<link>https://uptobox.com/6wjykpvfu0tu</link>
<thumbnail>https://ih1.redbubble.net/image.9521480.1098/fc,550x550,white.jpg</thumbnail>
</item>

<item>
<title>***Cardio Recovery***</title>
<link>https://uptobox.com/xznfsd6idwbl</link>
<thumbnail>https://ih1.redbubble.net/image.9521480.1098/fc,550x550,white.jpg</thumbnail>
</item>

<item>
<title>***Pure Cardio***</title>
<link>https://uptobox.com/341ulmvw9nkt</link>
<thumbnail>https://ih1.redbubble.net/image.9521480.1098/fc,550x550,white.jpg</thumbnail>
</item>

<item>
<title>***Cardio Abs***</title>
<link>https://uptobox.com/18ic2zjfsohj</link>
<thumbnail>https://ih1.redbubble.net/image.9521480.1098/fc,550x550,white.jpg</thumbnail>
</item>

<item>
<title>***Core Cardio & Balance***</title>
<link>https://uptobox.com/zvfj5cvbfp8l</link>
<thumbnail>https://ih1.redbubble.net/image.9521480.1098/fc,550x550,white.jpg</thumbnail>
</item>

<item>
<title>***MAX Interval Circuit***</title>
<link>https://uptobox.com/bhin7sbus859</link>
<thumbnail>https://ih1.redbubble.net/image.9521480.1098/fc,550x550,white.jpg</thumbnail>
</item>

<item>
<title>***MAX Interval Plyo***</title>
<link>https://uptobox.com/5hda01o0qcju</link>
<thumbnail>https://ih1.redbubble.net/image.9521480.1098/fc,550x550,white.jpg</thumbnail>
</item>

<item>
<title>***MAX Recovery***</title>
<link>https://uptobox.com/frgudmn7du5p</link>
<thumbnail>https://ih1.redbubble.net/image.9521480.1098/fc,550x550,white.jpg</thumbnail>
</item>

<item>
<title>***MAX Cardio Conditioning***</title>
<link>https://uptobox.com/7fs1scgva7oo</link>
<thumbnail>https://ih1.redbubble.net/image.9521480.1098/fc,550x550,white.jpg</thumbnail>
</item>

<item>
<title>***Insane Abs***</title>
<link>https://uptobox.com/t3fr01bl8apm</link>
<thumbnail>https://ih1.redbubble.net/image.9521480.1098/fc,550x550,white.jpg</thumbnail>
</item>

<item>
<title>***MAX Interval Sports Training***</title>
<link>https://uptobox.com/xgkcfca455zn</link>
<thumbnail>https://ih1.redbubble.net/image.9521480.1098/fc,550x550,white.jpg</thumbnail>
</item>


<item>
<title>***Upper Body Training***</title>
<link>https://uptobox.com/7s1xksblgi8r</link>
<thumbnail>https://ih1.redbubble.net/image.9521480.1098/fc,550x550,white.jpg</thumbnail>
</item>
