<plugin>
<title>Jessica Jones Season 1</title>
<link>http://dl.updlf.com/files/Series/Jessica%20Jones/S01/1080p%20x265/</link>
<thumbnail>https://image.tmdb.org/t/p/original/9tLMsdXmKX9X37EdEwVx5vn0cXW.jpg</thumbnail>
<fanart>https://image.tmdb.org/t/p/original/gumhyy4OqJhvoHnDIAYCAxH9U1R.jpg</fanart>
</plugin>

<plugin>
<title>Jessica Jones Season 2</title>
<link>http://dl.updlf.com/files/Series/Jessica%20Jones/S02/1080p%20FULL%20HD/</link>
<thumbnail>https://image.tmdb.org/t/p/original/7pJP2YLAz1fcyqk0VlvcvxsyUCm.jpg</thumbnail>
<fanart>https://image.tmdb.org/t/p/original/po8lRHYhsk48x4C32Nqmm0LQdTQ.jpg</fanart>
</plugin>
