
<plugin>
<title>Bodyfit By Amy</title>
<link>plugin://plugin.video.youtube/playlist/PLMHMyl3oeyh1zWX_45mwhUyY31o2yYwd2/</link>
<thumbnail>https://yt3.ggpht.com/a/AGF-l7_C95x6FY_QeqNRcni7KnUzscp009BxSXzInQ=s48-c-k-c0xffffffff-no-rj-mo</thumbnail>
</plugin>

<plugin>
<title>HASfit</title>
<link>plugin://plugin.video.youtube/playlist/PLRCgg2aTq5NUPGgwPvXdBNYAo2sU7Ayei/</link>
<thumbnail>https://yt3.ggpht.com/a/AGF-l790m_D-Sl67eStntqkQB3scILiIxQR5Y13NNQ=s288-c-k-c0xffffffff-no-rj-mo</thumbnail>
</plugin>