<dir>
<title>Krypton Season 1</title>
<link>https://magnetic.website/Mad%20Titan/KRYPTON%20SEASON%201.xml</link>
<thumbnail>https://image.tmdb.org/t/p/w600_and_h900_bestv2/1xZFY7A6kVmqhU9l8gCaZe10iWQ.jpg</thumbnail>
<fanart>https://image.tmdb.org/t/p/original/9vmnek9AZ1dOPo1KQgoPWqIVhQ3.jpg</fanart>
</dir>

<dir>
<title>krypton Season 2</title>
<link>https://magnetic.website/Mad%20Titan/KRYPTON%20SEASON%202.xml</link>
<thumbnail>https://image.tmdb.org/t/p/w600_and_h900_bestv2/uiinjmSkka6JOrk4FsZmrjlNM26.jpg</thumbnail>
<fanart>https://image.tmdb.org/t/p/original/lvmVipB0N5wKDApiJCTZoN3NHyY.jpg</fanart>
</dir>
