<item>
<title>EP.1-Pilot</title>
<link>http://ldjosh.menoetius.bysh.me/data/Krypton%20Season%201%20Complete%20720p%20HDTV%20x264%20%5bi_c%5d/Krypton%20S01E01%20Pilot.mkv</link>
<thumbnail>https://image.tmdb.org/t/p/w227_and_h127_bestv2/2iu3gtK9VT4U1Z21a2OpytY96sG.jpg</thumbnail>
</item>

<item>
<title>EP.2-House of El</title>
<link>http://ldjosh.menoetius.bysh.me/data/Krypton%20Season%201%20Complete%20720p%20HDTV%20x264%20%5bi_c%5d/Krypton%20S01E02%20House%20of%20El.mkv</link>
<thumbnail>https://image.tmdb.org/t/p/w227_and_h127_bestv2/9zPYzt7GWPEZRDmYx9IgmoJJg2U.jpg</thumbnail>
</item>

<item>
<title>EP.3-The Rankless Initiative</title>
<link>http://ldjosh.menoetius.bysh.me/data/Krypton%20Season%201%20Complete%20720p%20HDTV%20x264%20%5bi_c%5d/Krypton%20S01E03%20The%20Rankless%20Initiative.mkv</link>
<thumbnail>https://image.tmdb.org/t/p/w227_and_h127_bestv2/nv6lNal0LaoPNxSKbNl1TSAzcqx.jpg</thumbnail>
</item>

<item>
<title>EP.4-The Word of Rao</title>
<link>http://ldjosh.menoetius.bysh.me/data/Krypton%20Season%201%20Complete%20720p%20HDTV%20x264%20%5bi_c%5d/Krypton%20S01E04%20The%20Word%20of%20Rao.mkv</link>
<thumbnail>https://image.tmdb.org/t/p/w227_and_h127_bestv2/jmgF0nftMVqpkQGUniKhM85y1gU.jpg</thumbnail>
</item>

<item>
<title>EP.5-House of Zod</title>
<link>http://ldjosh.menoetius.bysh.me/data/Krypton%20Season%201%20Complete%20720p%20HDTV%20x264%20%5bi_c%5d/Krypton%20S01E05%20House%20of%20Zod.mkv</link>
<thumbnail>https://image.tmdb.org/t/p/w227_and_h127_bestv2/brlR65rJxhQYbNRweME2UBEiYFh.jpg</thumbnail>
</item>

<item>
<title>EP.6-Civil Wars</title>
<link>http://ldjosh.menoetius.bysh.me/data/Krypton%20Season%201%20Complete%20720p%20HDTV%20x264%20%5bi_c%5d/Krypton%20S01E06%20Civil%20Wars.mkv</link>
<thumbnail>https://image.tmdb.org/t/p/w227_and_h127_bestv2/zbFaRZMKZZQ2kSlmpWoJTVqPJJh.jpg</thumbnail>
</item>

<item>
<title>EP.7-Transformation</title>
<link>http://ldjosh.menoetius.bysh.me/data/Krypton%20Season%201%20Complete%20720p%20HDTV%20x264%20%5bi_c%5d/Krypton%20S01E07%20Transformation.mkv</link>
<thumbnail>https://image.tmdb.org/t/p/w227_and_h127_bestv2/1IffNcgq8raU7AJd5b5CDB9KXwg.jpg</thumbnail>
</item>

<item>
<title>EP.8-Savage Night</title>
<link>http://ldjosh.menoetius.bysh.me/data/Krypton%20Season%201%20Complete%20720p%20HDTV%20x264%20%5bi_c%5d/Krypton%20S01E08%20Savage%20Night.mkv</link>
<thumbnail>https://image.tmdb.org/t/p/w227_and_h127_bestv2/rBz4FjsH7lMR0968E9y9fLLNo5S.jpg</thumbnail>
</item>

<item>
<title>EP.9-Hope</title>
<link>http://ldjosh.menoetius.bysh.me/data/Krypton%20Season%201%20Complete%20720p%20HDTV%20x264%20%5bi_c%5d/Krypton%20S01E09%20Hope.mkv</link>
<thumbnail>https://image.tmdb.org/t/p/w227_and_h127_bestv2/4JOcCkBhvVxUYU141BsEweRIT5J.jpg</thumbnail>
</item>

<item>
<title>EP.10-The Phantom Zone</title>
<link>http://ldjosh.menoetius.bysh.me/data/Krypton%20Season%201%20Complete%20720p%20HDTV%20x264%20%5bi_c%5d/Krypton%20S01E10%20The%20Phantom%20Zone.mkv</link>
<thumbnail>https://image.tmdb.org/t/p/w227_and_h127_bestv2/tl8GaPsPLDq8ub2HrAkyhnUX8If.jpg</thumbnail>
</item>
