<item>
<title>EP.1-A Fog That Won't Lift</title>
<link>https://www.fembed.com/v/ywr77sewg26kr2y</link>
<thumbnail>https://image.tmdb.org/t/p/w227_and_h127_bestv2/7cyiJwqVbuE8lRD7p01E0thpmyB.jpg</thumbnail>
</item>

<item>
<title>EP.2-One Good Memory</title>
<link>https://www.fembed.com/v/m-zqqc52jzn75ex</link>
<thumbnail>https://image.tmdb.org/t/p/w227_and_h127_bestv2/xsQ6UKZpbY5JcgDVIcT303xvkb.jpg</thumbnail>
</item>

<item>
<title>EP.3-Chrysalis</title>
<link>https://www.fembed.com/v/331nnim4q2lwgwq</link>
<thumbnail>https://image.tmdb.org/t/p/w227_and_h127_bestv2/6ekD0LBmg88qrI5U7rI6O4uSXw3.jpg</thumbnail>
</item>

<item>
<title>EP.4-The Judas Wolf</title>
<link>https://www.fembed.com/v/67nggi0znpx61k7</link>
<thumbnail>https://image.tmdb.org/t/p/w227_and_h127_bestv2/j2zlAoaikL3UbVj7QkC7f8qSemM.jpg</thumbnail>
</item>


<item>
<title>EP.5-Pure Peckinpah</title>
<link>https://www.fembed.com/v/-q6llapwj4m6-3y</link>
<thumbnail>https://image.tmdb.org/t/p/w227_and_h127_bestv2/lrz10fkQMAz365TkFUUuehfATD7.jpg</thumbnail>
</item>

<item>
<title>EP.6-Objection</title>
<link>https://www.fembed.com/v/80lggi86kqzpq7p</link>
<thumbnail>https://image.tmdb.org/t/p/w227_and_h127_bestv2/wkGzkrlQ0GaJ62GUEUVCVKDknYl.jpg</thumbnail>
</item>

<item>
<title>EP.7-From This Day Forward</title>
<link>https://www.fembed.com/v/gy1rrt-d2g4wnje</link>
<thumbnail>https://image.tmdb.org/t/p/w227_and_h127_bestv2/yPVYaJ9t7FGlSH2nB8HEhBzokeX.jpg</thumbnail>
</item>

<item>
<title>EP.8-Stand Your Ground</title>
<link>https://www.fembed.com/v/80lggi86kqzpdq2</link>
<thumbnail>https://image.tmdb.org/t/p/w227_and_h127_bestv2/iRdLaym8f6n5joPSFq7oCLsWMT4.jpg</thumbnail>
</item>

<item>
<title>EP.9-Continual Soiree</title>
<link>https://www.fembed.com/v/pgnqqumxpw51xx8</link>
<thumbnail>https://image.tmdb.org/t/p/w227_and_h127_bestv2/uSIxST1vUO7U5kNGa4xABVhmtzU.jpg</thumbnail>
</item>

<item>
<title>EP.10-The Stuff Dreams Are Made Of</title>
<link>https://www.fembed.com/v/lg6qquny7x2wjq2</link>
<thumbnail>https://image.tmdb.org/t/p/w227_and_h127_bestv2/tIxApHu7ZMEKRfcSJpYYmzWBByv.jpg</thumbnail>
</item>
