<item>
<title>EP.1-The Eagle and the Osprey</title>
<link>https://www.fembed.com/v/qgnwwuey1m1g2jg</link>
<thumbnail>https://image.tmdb.org/t/p/w227_and_h127_bestv2/tqChBuwHHaePP2P9c966IAigm1k.jpg</thumbnail>
</item>

<item>
<title>EP.2-Fever</title>
<link>https://www.fembed.com/v/d5377fxn-4-rykj</link>
<thumbnail>https://image.tmdb.org/t/p/w227_and_h127_bestv2/lsw85DOKJYn3Rjj5RgVkFTX6VFd.jpg</thumbnail>
</item>

<item>
<title>EP.3-Thank You, Victoria</title>
<link>https://www.fembed.com/v/2x2ggb2kwewjdex</link>
<thumbnail>https://image.tmdb.org/t/p/w227_and_h127_bestv2/e0xW90vbwyswoST09009t5ZXxIs.jpg</thumbnail>
</item>

<item>
<title>EP.4-A Thing I'll Never Understand</title>
<link>https://www.fembed.com/v/331nnim4q2qxkj1</link>
<thumbnail>https://image.tmdb.org/t/p/w227_and_h127_bestv2/pTfSGBvPXCgVbYlHY6bOyGeycA4.jpg</thumbnail>
</item>

<item>
<title>EP.5-Burned Up My Tears</title>
<link>https://www.fembed.com/v/el4ddc-02g2mpwz</link>
<thumbnail>https://image.tmdb.org/t/p/w227_and_h127_bestv2/rIhxEgPxb1RMLrLKDcW4JZYxEup.jpg</thumbnail>
</item>

<item>
<title>EP.6-No Greater Character Endorsement</title>
<link>https://www.fembed.com/v/-q6llapwj4jeex8</link>
<thumbnail>https://image.tmdb.org/t/p/w227_and_h127_bestv2/jLpXwZHZHQ9edWbBBDenLrcs0Ln.jpg</thumbnail>
</item>

<item>
<title>EP.7-Opiates and Antibiotics</title>
<link>https://www.fembed.com/v/56nggcdgm-mlzm6</link>
<thumbnail>https://image.tmdb.org/t/p/w227_and_h127_bestv2/5kq4D584eeGQfRwHwiqVI6LTiJ4.jpg</thumbnail>
</item>

<item>
<title>EP.8-Cowboy Bill</title>
<link>https://www.fembed.com/v/qgnwwuey1m176rm</link>
<thumbnail>https://image.tmdb.org/t/p/w227_and_h127_bestv2/16UqlWKiY7vxk0ueNLqQx8k47Gl.jpg</thumbnail>
</item>

<item>
<title>EP.9-Running Eagle Challenge</title>
<link>https://www.fembed.com/v/d5377fxn-4-zrze</link>
<thumbnail>https://image.tmdb.org/t/p/w227_and_h127_bestv2/1QoUFOu8NHbYh3BVzGH0kA5LfMC.jpg</thumbnail>
</item>

<item>
<title>EP.10-Goodbye Is Always Implied</title>
<link>https://www.fembed.com/v/67nggi0znpn73eq</link>
<thumbnail>https://image.tmdb.org/t/p/w227_and_h127_bestv2/lw1Un49D5iQupkQ9EoQcfbAjlPI.jpg</thumbnail>
</item>
