<item>
<title>EP.1-Moment of Truth</title>
<link>https://uptobox.com/6yyjk97fkgzj</link>
<thumbnail>https://image.tmdb.org/t/p/w227_and_h127_bestv2/daLkYMhzhuA746iDtBk8xi6AJqK.jpg</thumbnail>
</item>

<item>
<title>EP.2-Code of the Streets</title>
<link>https://uptobox.com/87uoela4s4ia</link>
<thumbnail>https://image.tmdb.org/t/p/w227_and_h127_bestv2/832vQVsJOvAvVxjXlJ9uNNzMrvh.jpg</thumbnail>
</item>

<item>
<title>EP.3-Who's Gonna Take the Weight?</title>
<link>https://uptobox.com/4lgtmyl9lolc</link>
<thumbnail>https://image.tmdb.org/t/p/w227_and_h127_bestv2/6ug00dFHGLisu3NhwWVfQNMZpLU.jpg</thumbnail>
</item>

<item>
<title>EP.4-Step in the Arena</title>
<link>https://uptobox.com/s4wza3nzg83j</link>
<thumbnail>https://image.tmdb.org/t/p/w227_and_h127_bestv2/yP3jJUSHJNPJFHYk7Twoa2l1hlG.jpg</thumbnail>
</item>

<item>
<title>EP.5-Just to Get a Rep</title>
<link>https://uptobox.com/6uscd9cx3370</link>
<thumbnail>https://image.tmdb.org/t/p/w227_and_h127_bestv2/37SvPI91OeYmwrQ1ha0Pcs8cMIR.jpg</thumbnail>
</item>

<item>
<title>EP.6-Suckas Need Bodyguards</title>
<link>https://uptobox.com/sqeukesptqq2</link>
<thumbnail>https://image.tmdb.org/t/p/w227_and_h127_bestv2/tLkb9OXzD7v5QfFK1JcBhvJN7ib.jpg</thumbnail>
</item>

<item>
<title>EP.7-Manifest</title>
<link>https://uptobox.com/098w31jrl6vu</link>
<thumbnail>https://image.tmdb.org/t/p/w227_and_h127_bestv2/lmXenfyEgnvpURSC4K0Dno7ufqO.jpg</thumbnail>
</item>

<item>
<title>EP.8-Blowin' Up the Spot</title>
<link>https://uptobox.com/4pfgc7pkr0jl</link>
<thumbnail>https://image.tmdb.org/t/p/w227_and_h127_bestv2/oV2SVw3r8asOQUEs2bRf0Hc0sk2.jpg</thumbnail>
</item>

<item>
<title>EP.9-DWYCK</title>
<link>https://uptobox.com/3allf37y06g5</link>
<thumbnail>https://image.tmdb.org/t/p/w227_and_h127_bestv2/32OABQoFMvizYMDqQGZXAj5gcz2.jpg</thumbnail>
</item>

<item>
<title>EP.10-Take It Personal</title>
<link>https://uptobox.com/3aducs385jgk</link>
<thumbnail>https://image.tmdb.org/t/p/w227_and_h127_bestv2/5k0afhLbePlAWTC4tDuZdpz9NCz.jpg</thumbnail>
</item>

<item>
<title>EP.11-Now You're Mine</title>
<link>https://uptobox.com/vvtpxwqqnjvu</link>
<thumbnail>https://image.tmdb.org/t/p/w227_and_h127_bestv2/g9C4rA5XHeLRJLXJV2CwFPHN0LB.jpg</thumbnail>
</item>

<item>
<title>EP.12-Soliloquy of Chaos</title>
<link>https://uptobox.com/unvq5hostbw7</link>
<thumbnail>https://image.tmdb.org/t/p/w227_and_h127_bestv2/lfbFuQ10ymuLSXUZWnQ8SQbovxu.jpg</thumbnail>
</item>


<item>
<title>EP.13-You Know My Steez</title>
<link>https://uptobox.com/wp6duisca3vj</link>
<thumbnail>https://image.tmdb.org/t/p/w227_and_h127_bestv2/2BeVTzfNKb5TySc26GLTqTUGO5y.jpg</thumbnail>
</item>

