<item>
	<title>[COLOR=white]Madagascar[/COLOR]</title>
	<meta>
	<imdb>tt0351283</imdb>
	<content>movie</content>
	<title>Madagascar</title>
	<year>2005</year>
	</meta>
	<link>
	<sublink>https://uptostream.com/5u93z9epd6f1(720p)</sublink>
	<sublink>search</sublink>
	<sublink>searchsd</sublink>
	</link>
	<thumbnail>https://image.tmdb.org/t/p/w1280/2YiESGB68BGQSAFvfJxBi774sc4.jpg</thumbnail>
	<fanart>https://image.tmdb.org/t/p/w1280/wUetiqu2EFhHW94yTP0pWABfyUG.jpg</fanart>
</item>
<item>
	<title>[COLOR=white]Madagascar: Escape 2 Africa[/COLOR]</title>
	<meta>
	<imdb>tt0479952</imdb>
	<content>movie</content>
	<title>Madagascar: Escape 2 Africa</title>
	<year>2008</year>
	</meta>
	<link>
	<sublink>https://uptostream.com/kd935nvn2ir0(720p)</sublink>
	<sublink>search</sublink>
	<sublink>searchsd</sublink>
	</link>
	<thumbnail>https://image.tmdb.org/t/p/w1280/9mohxwknsHcwFBSAAhoQXwFV5zn.jpg</thumbnail>
	<fanart>https://image.tmdb.org/t/p/w1280/anxiz37Z9FPKeuCsJcxViSWmPxg.jpg</fanart>
</item>
<item>
	<title>[COLOR=white]Madagascar 3: Europe's Most Wanted[/COLOR]</title>
	<meta>
	<imdb>tt1277953</imdb>
	<content>movie</content>
	<title>Madagascar 3: Europe's Most Wanted</title>
	<year>2012</year>
	</meta>
	<link>
	<sublink>https://uptostream.com/rqcdmu1zwyq3(720p)</sublink>
	<sublink>search</sublink>
	<sublink>searchsd</sublink>
	</link>
	<thumbnail>https://image.tmdb.org/t/p/w1280/wd7NcMifnuf66gD2Fm7Tzz3yJ54.jpg</thumbnail>
	<fanart>https://image.tmdb.org/t/p/w1280/alkQ9DQJdZutBCKdEHXUVCZnuAF.jpg</fanart>
</item>
