
<dir>
<title>***PPV Events***</title>
<link>https://magnetic.website/Mad%20Titan/PPV%20EVENTS.xml</link>
<thumbnail>http://magnetic.website/menu%20icons/icon.png</thumbnail>
<fanart></fanart>
</dir>

<dir>
<title>***NBA LIVE GAME***</title>
<link>https://magnetic.website/Mad%20Titan/NBA%20LIVE%20GAMES.xml</link>
<thumbnail>https://images-na.ssl-images-amazon.com/images/I/51aHBnwdxWL.png</thumbnail>
<fanart>https://wallpaperplay.com/walls/full/2/4/c/109613.jpg</fanart>
</dir>


<dir>
<title>***MLB LIVE GAMES***</title>
<link>https://magnetic.website/Mad%20Titan/MLB%20LIVE%20GAMES.xml</link>
<thumbnail>https://images-na.ssl-images-amazon.com/images/I/51CySnnnoUL.png</thumbnail>
<fanart>https://wallpapercave.com/wp/wp2209562.jpg</fanart>
</dir>


<dir>
<title>***NFL LIVE GAMES***</title>
<link>https://magnetic.website/Mad%20Titan/NFL%20LIVE%20GAMES.xml</link>
<thumbnail>https://images-na.ssl-images-amazon.com/images/I/51mWPk0EGbL.png</thumbnail>
<fanart>http://3.bp.blogspot.com/-zhlFCBMOwG8/VjItsneqQOI/AAAAAAAALSQ/y_out32yjS8/s1600/nfl%2Blogos.jpg</fanart>
</dir>

<dir>
<title>***NCAA Football***</title>
<link>https://magnetic.website/Mad%20Titan/NCAA%20GAMES.xml</link>
<thumbnail>https://images-na.ssl-images-amazon.com/images/I/51YmU3wlRZL.png</thumbnail>
<fanart>https://hurricanesports.com/images/2017/12/19/111117_UMvsND_pm311.jpg</fanart>
</dir>

    <dir>
    <title>***Monster Sports***</title>
    <my_wwe>all</my_wwe>
	<thumbnail>https://images-na.ssl-images-amazon.com/images/I/51YmU3wlRZL.png</thumbnail>
<fanart>https://hurricanesports.com/images/2017/12/19/111117_UMvsND_pm311.jpg</fanart>
    </dir>



<dir>
<title>***WWE/SMACKDOWN***</title>
<link>https://magnetic.website/Mad%20Titan/WWE-SMACKDOWN.xml</link>
<thumbnail>https://images-na.ssl-images-amazon.com/images/I/81zyVC7QnhL.png</thumbnail>
<fanart>https://images.performgroup.com/di/library/sporting_news/4b/6b/wwe-monday-night-raw-101414-getty-ftrjpg_egs922cxdjx8150yhm51legve.jpg?t=267866289&quality=100</fanart>
</dir>
