<item>
<title>EP.1-3 AM</title>
<link>https://uptobox.com/vvyeydflk1c2</link>
<thumbnail>https://image.tmdb.org/t/p/w227_and_h127_bestv2/9oeaQQZosQfaDdCO50yrrGtzT6W.jpg</thumbnail>
</item>

<item>
<title>EP.2-Two Dead Men</title>
<link>https://uptobox.com/n58krr98psol</link>
<thumbnail>https://image.tmdb.org/t/p/w227_and_h127_bestv2/pnr4FWY4WDClqwRfkxfZrI5qGoT.jpg</thumbnail>
</item>

<item>
<title>EP.3-Kandahar</title>
<link>https://uptobox.com/6gyc3vuq1ic1</link>
<thumbnail>https://image.tmdb.org/t/p/w227_and_h127_bestv2/984ugKbdaoFkqPtOMuYU7hPCxzi.jpg</thumbnail>
</item>

<item>
<title>EP.4-Resupply</title>
<link>https://uptobox.com/9coz3enr30uk</link>
<thumbnail>https://image.tmdb.org/t/p/w227_and_h127_bestv2/cNOoPjfesk2rZimaeUdjRRJMj7B.jpg</thumbnail>
</item>

<item>
<title>EP.5-Gunner</title>
<link>https://uptobox.com/rnjbvkt2qpd9</link>
<thumbnail>https://image.tmdb.org/t/p/w227_and_h127_bestv2/xOKqP4ALLJaQ08Q4Q4WvqXkCOF9.jpg</thumbnail>
</item>

<item>
<title>EP.6-The Judas Goat</title>
<link>https://uptobox.com/86br92t872nt</link>
<thumbnail>https://image.tmdb.org/t/p/w227_and_h127_bestv2/1570ghUu19cKCgZGIvmp2uMC1UY.jpg</thumbnail>
</item>

<item>
<title>EP.7-Crosshairs</title>
<link>https://uptostream.com/sb92al4tsajp</link>
<thumbnail>https://image.tmdb.org/t/p/w227_and_h127_bestv2/8x6dJmq7JGLxhhS3H8HOQvdyKo9.jpg</thumbnail>
</item>

<item>
<title>EP.8-Cold Steel</title>
<link>https://uptobox.com/dxvfxjjlju4o</link>
<thumbnail>https://image.tmdb.org/t/p/w227_and_h127_bestv2/dZKXUJ0JnuOdWuFhAkFbJaO8HTz.jpg</thumbnail>
</item>

<item>
<title>EP.9-Front Toward Enemy</title>
<link>https://uptobox.com/0e8wtp4imerr</link>
<thumbnail>https://image.tmdb.org/t/p/w227_and_h127_bestv2/tXwBjxeCFAkJScY1cUDtvRc72tx.jpg</thumbnail>
</item>

<item>
<title>EP.10-Virtue of the Vicious</title>
<link>https://uptobox.com/zzespueqy0iv</link>
<thumbnail>https://image.tmdb.org/t/p/w227_and_h127_bestv2/5mO83i3KEoFyumNEEuiIXLJKTXC.jpg</thumbnail>
</item>

<item>
<title>EP.11-Danger Close</title>
<link>https://uptobox.com/px825e7t13l4</link>
<thumbnail>https://image.tmdb.org/t/p/w227_and_h127_bestv2/qerDBSbJPzEAIVPuam05XnkAx3U.jpg</thumbnail>
</item>

<item>
<title>EP.12-Home</title>
<link>https://uptobox.com/aanto8jqbfvm</link>
<thumbnail>https://image.tmdb.org/t/p/w227_and_h127_bestv2/4sGlbbfvm40Kuv6qAqoAcsRqI8F.jpg</thumbnail>
</item>

<item>
<title>EP.13-Memento Mori</title>
<link>https://uptobox.com/bgbqgapggnrr</link>
<thumbnail>https://image.tmdb.org/t/p/w227_and_h127_bestv2/oC2HOsSkavOwjtaw5aZbVdneOxd.jpg</thumbnail>
</item>


