<plugin>
<title>Back Workouts</title>
<link>plugin://plugin.video.youtube/playlist/PLLXmeIOBkPXRxKTdMI-bWuJ03ahTFGkRl/</link>
<thumbnail></thumbnail>
</plugin>

<plugin>
<title>Arm Workouts</title>
<link>plugin://plugin.video.youtube/playlist/PLLXmeIOBkPXReEHegdHUUR1QojD_7-WK-/</link>
<thumbnail></thumbnail>
</plugin>

<plugin>
<title>Chest Workouts</title>
<link>plugin://plugin.video.youtube/playlist/PLLXmeIOBkPXSZPuGx7zBxlWP7KdQQjgHY/</link>
<thumbnail></thumbnail>
</plugin>

<plugin>
<title>Legs Workouts</title>
<link>plugin://plugin.video.youtube/playlist/PLhThNLPxjag8qDmxNCZt0-jk-glyyO_j0/</link>
<thumbnail></thumbnail>
</plugin>

<plugin>
<title>Shoulders Workout</title>
<link>plugin://plugin.video.youtube/playlist/PLhThNLPxjag8zTjlaN0RCAAxJOnznCSl_/</link>
<thumbnail></thumbnail>
</plugin>

<plugin>
<title>Abs</title>
<link>plugin://plugin.video.youtube/playlist/PLhThNLPxjag_dzCAIK4Ply-hLRXfxBaXE/</link>
<thumbnail></thumbnail>
</plugin>


