<plugin>
<title>Best of 2018</title>
<link>plugin://plugin.video.youtube/playlist/PLL-lmlkrmJam7l7AiDGrP9QCOXcL7Euea/</link>
<thumbnail>http://magnetic.website/Mad%20Titan/icon.png</thumbnail>
</plugin>

<plugin>
<title>FastCast</title>
<link>plugin://plugin.video.youtube/playlist/PLL-lmlkrmJakABrOT6FmV0mU-5oIF8nGu/</link>
<thumbnail>http://magnetic.website/Mad%20Titan/icon.png</thumbnail>
</plugin>


<plugin>
<title>Player Mixtape</title>
<link>plugin://plugin.video.youtube/playlist/PLL-lmlkrmJaluPcI8DwVRCsOIrK3CtSVG/</link>
<thumbnail>http://magnetic.website/Mad%20Titan/icon.png</thumbnail>
</plugin>


<plugin>
<title>Triple Plays</title>
<link>plugin://plugin.video.youtube/playlist/PLL-lmlkrmJak5hFZntkso_G8QUNDAMuCK/</link>
<thumbnail>http://magnetic.website/Mad%20Titan/icon.png</thumbnail>
</plugin>


<plugin>
<title>Rally Walk Offs</title>
<link>plugin://plugin.video.youtube/playlist/PLL-lmlkrmJalUOzI2bOt_ji4oEAUHg-Fe/</link>
<thumbnail>http://magnetic.website/Mad%20Titan/icon.png</thumbnail>
</plugin>


<plugin>
<title>Top Classic Plays</title>
<link>plugin://plugin.video.youtube/playlist/PLL-lmlkrmJamg-pYwmjX_zHHf0tTlGbuH/</link>
<thumbnail>http://magnetic.website/Mad%20Titan/icon.png</thumbnail>
</plugin>

<plugin>
<title>2018 HomeRun Derby</title>
<link>plugin://plugin.video.youtube/playlist/PLL-lmlkrmJaknQtTda5kLziV4CGY2BiA2/</link>
<thumbnail>http://magnetic.website/Mad%20Titan/icon.png</thumbnail>
</plugin>

<plugin>
<title>First And Last</title>
<link>plugin://plugin.video.youtube/playlist/PLL-lmlkrmJalhadlWLo45kVF4OpA_rjls/</link>
<thumbnail>http://magnetic.website/Mad%20Titan/icon.png</thumbnail>
</plugin>


<plugin>
<title>Pepsi Thrill of the Game</title>
<link>plugin://plugin.video.youtube/playlist/PLL-lmlkrmJak-7NLa6Dy5fOMZ8iXOwaL8/</link>
<thumbnail>http://magnetic.website/Mad%20Titan/icon.png</thumbnail>
</plugin>


<plugin>
<title>No-Hitters</title>
<link>plugin://plugin.video.youtube/playlist/PLL-lmlkrmJakfioV0QoeZbrDTag7DBIg7/</link>
<thumbnail>http://magnetic.website/Mad%20Titan/icon.png</thumbnail>
</plugin>


<plugin>
<title>Home Run Robberies</title>
<link>plugin://plugin.video.youtube/playlist/PLL-lmlkrmJamZ3IMK8bCEHDQoVgCRnTal/</link>
<thumbnail>http://magnetic.website/Mad%20Titan/icon.png</thumbnail>
</plugin>

<plugin>
<title>Bloopers</title>
<link>plugin://plugin.video.youtube/playlist/PLL-lmlkrmJanI5ezcSxzF9e9_XKCYiqPe/</link>
<thumbnail>http://magnetic.website/Mad%20Titan/icon.png</thumbnail>
</plugin>

<plugin>
<title>Best of the Championship Series</title>
<link>plugin://plugin.video.youtube/playlist/PLL-lmlkrmJam-mGp0k0glHNcNH-ehLiYS/</link>
<thumbnail>http://magnetic.website/Mad%20Titan/icon.png</thumbnail>
</plugin>

<plugin>
<title>Best of the Wild Card Game</title>
<link>plugin://plugin.video.youtube/playlist/PLL-lmlkrmJanxCNigP8H1XUJ5WrLdTXE2/</link>
<thumbnail>http://magnetic.website/Mad%20Titan/icon.png</thumbnail>
</plugin>

<plugin>
<title>Best of the Division Series</title>
<link>plugin://plugin.video.youtube/playlist/PLL-lmlkrmJamIBx1x8uqJytrAWXtOMk9S/</link>
<thumbnail>http://magnetic.website/Mad%20Titan/icon.png</thumbnail>
</plugin>


