
<item>
<title>**ARKANSAS @ ALABAMA 7PM**</title>
<link>
<sublink>http://live.9live.club/cache/wEyZpf601ENtqmLrgAMTog/1572139055/espn1.m3u8|Referer=http://9live.club/game/Arkansas-vs-Alabama</sublink>
</link>
 <thumbnail>https://pbs.twimg.com/profile_images/702259205705584640/Lnk1Kp3d.png</thumbnail>
 <fanart></fanart>
</item>

<item>
<title>**TEXAS TECH @ KANSAS 7PM**</title>
<link>
<sublink>http://live.9live.club/cache/o4xj39Jm-8_JDXqSRcwmiA/1572139168/fs1.m3u8|Referer=http://9live.club/game/Texas-Tech-vs-Kansas</sublink>
</link>
 <thumbnail>https://pbs.twimg.com/profile_images/702259205705584640/Lnk1Kp3d.png</thumbnail>
 <fanart></fanart>
</item>

<item>
<title>**MEMPHIS @ TULSA 7PM**</title>
<link>
<sublink>http://sv1.9live.host/live/cbssn/chunks.m3u8|Referer=http://9live.club/game/Memphis-vs-Tulsa</sublink>
</link>
 <thumbnail>https://pbs.twimg.com/profile_images/702259205705584640/Lnk1Kp3d.png</thumbnail>
 <fanart></fanart>
</item>

<item>
<title>**UCF @ TEMPLE 7PM**</title>
<link>
<sublink>http://live.9live.club/cache/tl9YNX7mkQGJyM1qQPFGig/1572139382/espn2.m3u8|Referer=http://9live.club/game/UCF-vs-Temple</sublink>
</link>
 <thumbnail>https://pbs.twimg.com/profile_images/702259205705584640/Lnk1Kp3d.png</thumbnail>
 <fanart></fanart>
</item>

<item>
<title>**BOSTON COLLEGE @ CLEMSON 7:30PM**</title>
<link>
<sublink>http://live.9live.club/cache/8WrkYWJY3ed78-sKxv6xXQ/1572139488/acc.m3u8|Referer=http://9live.club/game/Boston-College-vs-Clemson</sublink>
</link>
 <thumbnail>https://pbs.twimg.com/profile_images/702259205705584640/Lnk1Kp3d.png</thumbnail>
 <fanart></fanart>
</item>

<item>
<title>**NOTRE DAME @ MICHIGAN 7:30PM**</title>
<link>
<sublink>http://cdn.youpit.site/live/abc/playlist.m3u8</sublink>
</link>
 <thumbnail>https://pbs.twimg.com/profile_images/702259205705584640/Lnk1Kp3d.png</thumbnail>
 <fanart></fanart>
</item>

<item>
<title>**WASHINGTON STATE @ OREGON 10:30PM**</title>
<link>
<sublink>http://cdn.youpit.site/live/espn/playlist.m3u8</sublink>
</link>
 <thumbnail>https://pbs.twimg.com/profile_images/702259205705584640/Lnk1Kp3d.png</thumbnail>
 <fanart></fanart>
</item>

<item>
<title>**SAN DIEGO STATE @ UNLV 10:30PM**</title>
<link>
<sublink>http://sv1.9live.host/live/cbssn/chunks.m3u8|Referer=http://9live.club/game/San-Diego-State-vs-UNLV</sublink>
</link>
 <thumbnail>https://pbs.twimg.com/profile_images/702259205705584640/Lnk1Kp3d.png</thumbnail>
 <fanart></fanart>
</item>


