<dir>
  <title>A&E</title>
  <tmdb>network/shows/129</tmdb>
   <thumbnail>http://magnetic.website/Mad%20Titan/icon.png</thumbnail>
  <fantart></fantart>
</dir>

<dir>
  <title>ABC - Australia</title>
  <tmdb>network/shows/18</tmdb>
  <thumbnail>http://magnetic.website/Mad%20Titan/icon.png</thumbnail>
</dir>

<dir>
  <title>ABC - US</title>
  <tmdb>network/shows/2</tmdb>
     <thumbnail>http://magnetic.website/Mad%20Titan/icon.png</thumbnail>
</dir>

<dir>
  <title>ABC Family</title>
  <tmdb>network/shows/75</tmdb>
   <thumbnail>http://magnetic.website/Mad%20Titan/icon.png</thumbnail>
  <fantart></fantart>
</dir>

<dir>
  <title>Adult Swim</title>
  <tmdb>network/shows/80</tmdb>
   <thumbnail>http://magnetic.website/Mad%20Titan/icon.png</thumbnail>
  <fantart></fantart>
</dir>

<dir>
  <title>Amazon</title>
  <tmdb>network/shows/1024</tmdb>
   <thumbnail>http://magnetic.website/Mad%20Titan/icon.png</thumbnail>
  <fantart></fantart>
</dir>

<dir>
  <title>AMC</title>
  <tmdb>network/shows/174</tmdb>
  <thumbnail>http://magnetic.website/Mad%20Titan/icon.png</thumbnail>

</dir>

<dir>
  <title>Animal Planet</title>
  <tmdb>network/shows/91</tmdb>
   <thumbnail>http://magnetic.website/Mad%20Titan/icon.png</thumbnail>
  <fantart></fantart>
</dir>

<dir>
  <title>Animax</title>
  <tmdb>network/shows/171</tmdb>
   <thumbnail>http://magnetic.website/Mad%20Titan/icon.png</thumbnail>
  <fantart></fantart>
</dir>

<dir>
  <title>BET</title>
  <tmdb>network/shows/24</tmdb>
   <thumbnail>http://magnetic.website/Mad%20Titan/icon.png</thumbnail>
  <fantart></fantart>
</dir>

<dir>
  <title>BBC</title>
  <tmdb>network/shows/7</tmdb>
   <thumbnail>http://magnetic.website/Mad%20Titan/icon.png</thumbnail>
  <fantart></fantart>
</dir>

<dir>
  <title>BBC America</title>
  <tmdb>network/shows/493</tmdb>
   <thumbnail>http://magnetic.website/Mad%20Titan/icon.png</thumbnail>
  <fantart></fantart>
</dir>

<dir>
  <title>BBC One</title>
  <tmdb>network/shows/4</tmdb>
  <thumbnail></thumbnail>
  <fantart></fantart>
</dir>

<dir>
  <title>BBC Three</title>
  <tmdb>network/shows/3</tmdb>
  <thumbnail></thumbnail>
  <fantart></fantart>
</dir>

<dir>
  <title>BBC Four</title>
  <tmdb>network/shows/100</tmdb>
  <thumbnail></thumbnail>
  <fantart></fantart>
</dir>

<dir>
  <title>Biography</title>
  <tmdb>network/shows/423</tmdb>
  <thumbnail></thumbnail>
  <fantart></fantart>
</dir>

<dir>
  <title>Bravo</title>
  <tmdb>network/shows/74</tmdb>
  <thumbnail></thumbnail>
  <fantart></fantart>
</dir>

<dir>
  <title>Cartoon Network</title>
  <tmdb>network/shows/56</tmdb>
  <thumbnail></thumbnail>
  <fantart></fantart>
</dir>

<dir>
  <title>CBC</title>
  <tmdb>network/shows/23</tmdb>
  <thumbnail></thumbnail>
  <fantart></fantart>
</dir>

<dir>
  <title>CBS</title>
  <tmdb>network/shows/16</tmdb>
  <thumbnail></thumbnail>
  <fantart></fantart>
</dir>

<dir>
  <title>Channel 4</title>
  <tmdb>network/shows/26</tmdb>
  <thumbnail></thumbnail>
  <fantart></fantart>
</dir>

<dir>
  <title>Channel 5</title>
  <tmdb>network/shows/99</tmdb>
  <thumbnail></thumbnail>
  <fantart></fantart>
</dir>

<dir>
  <title>Cinemax</title>
  <tmdb>network/shows/359</tmdb>
  <thumbnail></thumbnail>
  <fantart></fantart>
</dir>

<dir>
  <title>City TV</title>
  <tmdb>network/shows/92</tmdb>
  <thumbnail></thumbnail>
  <fantart></fantart>
</dir>

<dir>
  <title>CMT</title>
  <tmdb>network/shows/85</tmdb>
  <thumbnail></thumbnail>
  <fantart></fantart>
</dir>

<dir>
  <title>CNBC</title>
  <tmdb>network/shows/175</tmdb>
  <thumbnail></thumbnail>
  <fantart></fantart>
</dir>

<dir>
  <title>CNN</title>
  <tmdb>network/shows/59</tmdb>
  <thumbnail></thumbnail>
  <fantart></fantart>
</dir>

<dir>
  <title>Comedy Central</title>
  <tmdb>network/shows/47</tmdb>
  <thumbnail></thumbnail>
  <fantart></fantart>
</dir>

<dir>
  <title>CTV</title>
  <tmdb>network/shows/110</tmdb>
  <thumbnail></thumbnail>
  <fantart></fantart>
</dir>

<dir>
  <title>The CW</title>
  <tmdb>network/shows/71</tmdb>
  <thumbnail></thumbnail>
  <fantart></fantart>
</dir>

<dir>
  <title>DIY Network</title>
  <tmdb>network/shows/625</tmdb>
  <thumbnail></thumbnail>
  <fantart></fantart>
</dir>

<dir>
  <title>Destination America</title>
  <tmdb>network/shows/530</tmdb>
  <thumbnail></thumbnail>
  <fantart></fantart>
</dir>

<dir>
  <title>Discovery</title>
  <tmdb>network/shows/64</tmdb>
  <thumbnail></thumbnail>
  <fantart></fantart>
</dir>

<dir>
  <title>Discovery Health</title>
  <tmdb>network/shows/10</tmdb>
  <thumbnail></thumbnail>
  <fantart></fantart>
</dir>

<dir>
  <title>Discovery Kids</title>
  <tmdb>network/shows/22</tmdb>
  <thumbnail></thumbnail>
  <fantart></fantart>
</dir>

<dir>
  <title>Disney Channel</title>
  <tmdb>network/shows/54</tmdb>
  <thumbnail></thumbnail>
  <fantart></fantart>
</dir>

<dir>
  <title>Disney XD</title>
  <tmdb>network/shows/44</tmdb>
  <thumbnail></thumbnail>
  <fantart></fantart>
</dir>

<dir>
  <title>E!</title>
  <tmdb>network/shows/76</tmdb>
  <thumbnail></thumbnail>
  <fantart></fantart>
</dir>

<dir>
  <title>E4</title>
  <tmdb>network/shows/136</tmdb>
  <thumbnail></thumbnail>
  <fantart></fantart>
</dir>

<dir>
  <title>Food Network</title>
  <tmdb>network/shows/143</tmdb>
  <thumbnail></thumbnail>
  <fantart></fantart>
</dir>

<dir>
  <title>Fox</title>
  <tmdb>network/shows/19</tmdb>
  <thumbnail></thumbnail>
  <fantart></fantart>
</dir>

<dir>
  <title>Fuji TV</title>
  <tmdb>network/shows/1</tmdb>
  <thumbnail></thumbnail>
  <fantart></fantart>
</dir>

<dir>
  <title>Funimation</title>
  <tmdb>network/shows/728</tmdb>
  <thumbnail></thumbnail>
  <fantart></fantart>
</dir>

<dir>
  <title>FX</title>
  <tmdb>network/shows/88</tmdb>
  <thumbnail></thumbnail>
  <fantart></fantart>
</dir>

<dir>
  <title>FYI</title>
  <tmdb>network/shows/1080</tmdb>
  <thumbnail></thumbnail>
  <fantart></fantart>
</dir>

<dir>
  <title>Hallmark</title>
  <tmdb>network/shows/384</tmdb>
  <thumbnail></thumbnail>
  <fantart></fantart>
</dir>

<dir>
  <title>HBO</title>
  <tmdb>network/shows/49</tmdb>
  <thumbnail></thumbnail>
  <fantart></fantart>
</dir>

<dir>
  <title>HGTV</title>
  <tmdb>network/shows/210</tmdb>
  <thumbnail></thumbnail>
  <fantart></fantart>
</dir>

<dir>
  <title>History</title>
  <tmdb>network/shows/65</tmdb>
  <thumbnail></thumbnail>
  <fantart></fantart>
</dir>

<dir>
  <title>Hulu</title>
  <tmdb>network/shows/453</tmdb>
  <thumbnail></thumbnail>
  <fantart></fantart>
</dir>

<dir>
  <title>Investigation Discovery</title>
  <tmdb>network/shows/244</tmdb>
  <thumbnail></thumbnail>
  <fantart></fantart>
</dir>

<dir>
  <title>ITV</title>
  <tmdb>network/shows/9</tmdb>
  <thumbnail></thumbnail>
  <fantart></fantart>
</dir>

<dir>
  <title>The Lifestyle Channel</title>
  <tmdb>network/shows/683</tmdb>
  <thumbnail></thumbnail>
  <fantart></fantart>
</dir>

<dir>
  <title>Lifetime</title>
  <tmdb>network/shows/34</tmdb>
  <thumbnail></thumbnail>
  <fantart></fantart>
</dir>

<dir>
  <title>The Movie Network</title>
  <tmdb>network/shows/245</tmdb>
  <thumbnail></thumbnail>
  <fantart></fantart>
</dir>

<dir>
  <title>MSNBC</title>
  <tmdb>network/shows/37</tmdb>
  <thumbnail></thumbnail>
  <fantart></fantart>
</dir>

<dir>
  <title>MTV</title>
  <tmdb>network/shows/33</tmdb>
  <thumbnail></thumbnail>
  <fantart></fantart>
</dir>

<dir>
  <title>Nat Geo Wild</title>
  <tmdb>network/shows/1043</tmdb>
  <thumbnail></thumbnail>
  <fantart></fantart>
</dir>

<dir>
  <title>National Geographic Channel</title>
  <tmdb>network/shows/43</tmdb>
  <thumbnail></thumbnail>
  <fantart></fantart>
</dir>

<dir>
  <title>NBC</title>
  <tmdb>network/shows/6</tmdb>
  <thumbnail></thumbnail>
  <fantart></fantart>
</dir>

<dir>
  <title>Netflix</title>
  <tmdb>network/shows/213</tmdb>
  <thumbnail></thumbnail>
  <fantart></fantart>
</dir>

<dir>
  <title>Network Ten</title>
  <tmdb>network/shows/38</tmdb>
  <thumbnail></thumbnail>
  <fantart></fantart>
</dir>

<dir>
  <title>Nickelodeon</title>
  <tmdb>network/shows/13</tmdb>
  <thumbnail></thumbnail>
  <fantart></fantart>
</dir>

<dir>
  <title>Nick Jr</title>
  <tmdb>network/shows/35</tmdb>
  <thumbnail></thumbnail>
  <fantart></fantart>
</dir>

<dir>
  <title>NickToons</title>
  <tmdb>network/shows/224</tmdb>
  <thumbnail></thumbnail>
  <fantart></fantart>
</dir>

<dir>
  <title>Oxygen</title>
  <tmdb>network/shows/132</tmdb>
  <thumbnail></thumbnail>
  <fantart></fantart>
</dir>

<dir>
  <title>PBS</title>
  <tmdb>network/shows/14</tmdb>
  <thumbnail></thumbnail>
  <fantart></fantart>
</dir>

<dir>
  <title>Showcase</title>
  <tmdb>network/shows/105</tmdb>
  <thumbnail></thumbnail>
  <fantart></fantart>
</dir>

<dir>
  <title>Showtime</title>
  <tmdb>network/shows/67</tmdb>
  <thumbnail></thumbnail>
  <fantart></fantart>
</dir>

<dir>
  <title>Space</title>
  <tmdb>network/shows/170</tmdb>
  <thumbnail></thumbnail>
  <fantart></fantart>
</dir>

<dir>
  <title>Spike</title>
  <tmdb>network/shows/55</tmdb>
  <thumbnail></thumbnail>
  <fantart></fantart>
</dir>

<dir>
  <title>Starz</title>
  <tmdb>network/shows/318</tmdb>
  <thumbnail></thumbnail>
  <fantart></fantart>
</dir>

<dir>
  <title>SyFy</title>
  <tmdb>network/shows/77</tmdb>
  <thumbnail></thumbnail>
  <fantart></fantart>
</dir>

<dir>
  <title>TBS</title>
  <tmdb>network/shows/68</tmdb>
  <thumbnail></thumbnail>
  <fantart></fantart>
</dir>

<dir>
  <title>Teletoon</title>
  <tmdb>network/shows/83</tmdb>
  <thumbnail></thumbnail>
  <fantart></fantart>
</dir>

<dir>
  <title>TLC</title>
  <tmdb>network/shows/84</tmdb>
  <thumbnail></thumbnail>
  <fantart></fantart>
</dir>

<dir>
  <title>TNT</title>
  <tmdb>network/shows/41</tmdb>
  <thumbnail></thumbnail>
  <fantart></fantart>
</dir>

<dir>
  <title>Travel Channel</title>
  <tmdb>network/shows/209</tmdb>
  <thumbnail></thumbnail>
  <fantart></fantart>
</dir>

<dir>
  <title>TV Land</title>
  <tmdb>network/shows/397</tmdb>
  <thumbnail></thumbnail>
  <fantart></fantart>
</dir>

<dir>
  <title>UPN</title>
  <tmdb>network/shows/40</tmdb>
  <thumbnail></thumbnail>
  <fantart></fantart>
</dir>

<dir>
  <title>USA</title>
  <tmdb>network/shows/30</tmdb>
  <thumbnail></thumbnail>
  <fantart></fantart>
</dir>

<dir>
  <title>VH1</title>
  <tmdb>network/shows/158</tmdb>
  <thumbnail></thumbnail>
  <fantart></fantart>
</dir>

<dir>
  <title>Velocity</title>
  <tmdb>network/shows/435</tmdb>
  <thumbnail></thumbnail>
  <fantart></fantart>
</dir>

<dir>
  <title>The WB</title>
  <tmdb>network/shows/21</tmdb>
 <thumbnail>http://magnetic.website/Mad%20Titan/icon.png</thumbnail>
  <fantart></fantart>
</dir>

<dir>
  <title>YTV</title>
  <tmdb>network/shows/46</tmdb>
  <thumbnail></thumbnail>
  <fantart></fantart>
</dir>