<plugin>
<title>Insane Hat-Tricks</title>
<link>plugin://plugin.video.youtube/playlist/PL1NbHSfosBuFP6Ws_3Hv_x0nz1JoUlCnu/</link>
<thumbnail>http://magnetic.website/Mad%20Titan/icon.png</thumbnail>
</plugin>

<plugin>
<title>#SlowMoMonday</title>
<link>plugin://plugin.video.youtube/playlist/PL1NbHSfosBuEc2WpAr3YUIg5w6oZDDSBA/</link>
<thumbnail>http://magnetic.website/Mad%20Titan/icon.png</thumbnail>
</plugin>

<plugin>
<title>Top 10 plays of 2017-2018</title>
<link>plugin://plugin.video.youtube/playlist/PL86428130B1D6261A/</link>
<thumbnail>http://magnetic.website/Mad%20Titan/icon.png</thumbnail>
</plugin>

<plugin>
<title>Weird NHL</title>
<link>plugin://plugin.video.youtube/playlist/PL1NbHSfosBuGRU6bzhAjRnrAjBqD1rqGX/</link>
<thumbnail>http://magnetic.website/Mad%20Titan/icon.png</thumbnail>
</plugin>

<plugin>
<title>Hockey 101 with Snoop Dogg</title>
<link>plugin://plugin.video.youtube/playlist/PL1NbHSfosBuFnwGJcXwsDG-wl8SNDzOu2/</link>
<thumbnail>http://magnetic.website/Mad%20Titan/icon.png</thumbnail>
</plugin>

<item>
<title>Top Goals of the 2017-18 season</title>
<link>https://www.youtube.com/watch?v=xiett_T0m8c</link>
<thumbnail>http://magnetic.website/Mad%20Titan/icon.png</thumbnail>
</item>

<item>
<title>Top Goals Of All Time</title>
<link>https://www.youtube.com/watch?v=JDnZTUkCOBQ</link>
<thumbnail>http://magnetic.website/Mad%20Titan/icon.png</thumbnail>
</item>

<item>
<title>Top Brawls</title>
<link>https://www.youtube.com/watch?v=WH6VXsRjzLg</link>
<thumbnail>http://magnetic.website/Mad%20Titan/icon.png</thumbnail>
</item>

<item>
<title>NHL Biggest Hits</title>
<link>https://www.youtube.com/watch?v=v9EtLGwrJ58</link>
<thumbnail>http://magnetic.website/Mad%20Titan/icon.png</thumbnail>
</item>

<item>
<title>Best NHL Playoff Overtime Goals In The Recent History</title>
<link>https://www.youtube.com/watch?v=3xzn4phPrvo</link>
<thumbnail>http://magnetic.website/Mad%20Titan/icon.png</thumbnail>
</item>

<plugin>
<title>Best Of Wayne Gretzky</title>
<link>plugin://plugin.video.youtube/playlist/PLTMpWXACBqqlbiU1A5q34U6ByzTSrBvf/</link>
<thumbnail>http://magnetic.website/Mad%20Titan/icon.png</thumbnail>
</plugin>


