<item>
<title>EP.1-Call Me James</title>
<link>https://www.fembed.com/v/ng2eeu2qgjwe1dm</link>
<thumbnail>https://image.tmdb.org/t/p/w227_and_h127_bestv2/8UIz8ZWXMshrqaKEbcouZSsUSpg.jpg</thumbnail>
</item>

<item>
<title>EP.2-It's Never Over</title>
<link>https://www.fembed.com/v/331nnim4-xykyq3</link>
<thumbnail>https://image.tmdb.org/t/p/w227_and_h127_bestv2/3panbhDLJWVj75WV1UNOyBtDYRN.jpg</thumbnail>
</item>

<item>
<title>EP.3-I Got This on Lock</title>
<link>https://www.fembed.com/v/44nggizlr60glrn</link>
<thumbnail>https://image.tmdb.org/t/p/w227_and_h127_bestv2/qkevRqYmqqF5m4xKjfReYqplC3S.jpg</thumbnail>
</item>

<item>
<title>EP.4-Don't Worry, Baby</title>
<link>https://www.fembed.com/v/1yrggtj6w2pd305</link>
<thumbnail>https://image.tmdb.org/t/p/w227_and_h127_bestv2/by63OYg1leGsZzbOh18i1SgY8GF.jpg</thumbnail>
</item>

<item>
<title>EP.5-Help Me</title>
<link>https://www.fembed.com/v/0e6ggilwpg1618-</link>
<thumbnail>https://image.tmdb.org/t/p/w227_and_h127_bestv2/jEkxse3mHY2tiV6gb1IGXbzZCf4.jpg</thumbnail>
</item>

<item>
<title>EP.6-The Right Decision</title>
<link>https://www.fembed.com/v/rgn11uej0gx3xn6</link>
<thumbnail>https://image.tmdb.org/t/p/w227_and_h127_bestv2/wTcneh422F8hSEqPrwihHi6lt2L.jpg</thumbnail>
</item>

<item>
<title>EP.7-Don't Go</title>
<link>https://www.fembed.com/v/80lggi862xelgz-</link>
<thumbnail>https://image.tmdb.org/t/p/w227_and_h127_bestv2/rX7odn83KSWJQwHAGPkfTljOBFh.jpg</thumbnail>
</item>

<item>
<title>EP.8-Trust Me</title>
<link>https://www.fembed.com/v/67nggi0zlwj4n08</link>
<thumbnail>https://image.tmdb.org/t/p/w227_and_h127_bestv2/OfypxqAnwVhPWU6gYNCHd26hYk.jpg</thumbnail>
</item>

<item>
<title>EP.9-I Call the Shots</title>
<link>https://www.fembed.com/v/rgn11uej0gxg06p</link>
<thumbnail>https://image.tmdb.org/t/p/w227_and_h127_bestv2/xJd3zDR4jYOlu8bpdIGxFI5eIMm.jpg</thumbnail>
</item>

<item>
<title>EP.10-In My Best Interest</title>
<link>https://www.fembed.com/v/kg4qqu3-kg04y1z</link>
<thumbnail>https://image.tmdb.org/t/p/w227_and_h127_bestv2/5fAoKUkB0gYdOTs7Zw0A1bf1YCs.jpg</thumbnail>
</item>

