<dir>
<title>Power Season 1</title>
<link>https://magnetic.website/Mad%20Titan/POWER%20SEASON%201.xml</link>
<thumbnail>https://image.tmdb.org/t/p/w600_and_h900_bestv2/bxFyz3HVWFM6s0taUkJuCpfNRVP.jpg</thumbnail>
<fanart>https://image.tmdb.org/t/p/w500_and_h282_face/wPFSIYusujghtjxalc8rosMkVj0.jpg</fanart>
</dir>

<dir>
<title>Power Season 2</title>
<link>https://magnetic.website/Mad%20Titan/POWER%20SEASON%202.xml</link>
<thumbnail>https://image.tmdb.org/t/p/w600_and_h900_bestv2/cmTOOVIE7LlQIF08QNTYOE0MRra.jpg</thumbnail>
<fanart>https://image.tmdb.org/t/p/w500_and_h282_face/8UIz8ZWXMshrqaKEbcouZSsUSpg.jpg</fanart>
</dir>

<dir>
<title>Power Season 3</title>
<link>https://magnetic.website/Mad%20Titan/POWER%20SEASON%203.xml</link>
<thumbnail>https://image.tmdb.org/t/p/w600_and_h900_bestv2/qX4zc5dXaoGt44Kc0EoO9guA8WJ.jpg</thumbnail>
<fanart>https://image.tmdb.org/t/p/original/oj4oNnwyE7s9jLaZDaFfMkfB2zo.jpg</fanart>
</dir>

<dir>
<title>Power Season 4</title>
<link>https://magnetic.website/Mad%20Titan/POWER%20SEASON%204.xml</link>
<thumbnail>https://image.tmdb.org/t/p/w600_and_h900_bestv2/dUYx61M4fGSkNeTzaNdufsxTOuw.jpg</thumbnail>
<fanart>https://image.tmdb.org/t/p/w500_and_h282_face/zLHmts00knyk1G0xdeeVmvHwWe3.jpg</fanart>
</dir>

<dir>
<title>Power Season 5</title>
<link>https://magnetic.website/Mad%20Titan/POWER%20SEASON%205.xml</link>
<thumbnail>https://image.tmdb.org/t/p/w600_and_h900_bestv2/prQZ1NiS1GDSH35F1e03PKhLKnL.jpg</thumbnail>
<fanart>https://image.tmdb.org/t/p/original/nGrgFtW6prop7eh8wk3mpc8B8Js.jpg</fanart>
</dir>

<dir>
<title>Power Season 6</title>
<link>https://magnetic.website/Mad%20Titan/POWER%20SEASON%206.xml</link>
<thumbnail>https://image.tmdb.org/t/p/w600_and_h900_bestv2/9ZqVCBVYDLxmMc7Ei5EmYhmNiHG.jpg</thumbnail>
<fanart>https://image.tmdb.org/t/p/original/7NFr7TCot9IxzFVFlmSzeDP5kPH.jpg</fanart>
</dir>
