<item>
<title>EP.1-When I Get Out</title>
<link>https://www.fembed.com/v/gy1rrt-d78wkx-y</link>
<thumbnail>https://image.tmdb.org/t/p/w227_and_h127_bestv2/hiLwF72RJFWw2R3W2KQyd5TaHXK.jpg</thumbnail>
</item>

<item>
<title>EP.2-Things Are Going To Get Worse</title>
<link>https://www.fembed.com/v/gy1rrt-d78zlqpl</link>
<thumbnail>https://image.tmdb.org/t/p/w227_and_h127_bestv2/ml73DkrvKVzD23iK15SXoe8Md9F.jpg</thumbnail>
</item>

<item>
<title>EP.3-The Kind of Man You Are</title>
<link>https://www.fembed.com/v/-q6llapw3dglkrk</link>
<thumbnail>https://image.tmdb.org/t/p/w227_and_h127_bestv2/uzDtEwIYxpBIPvzIQvR8bkZIQXF.jpg</thumbnail>
</item>

<item>
<title>EP.4-We're in This Together</title>
<link>https://www.fembed.com/v/d5377fxn2kedyye</link>
<thumbnail>https://image.tmdb.org/t/p/w227_and_h127_bestv2/gCVSdXTDDaHNzSHo0PjfUEJHwZp.jpg</thumbnail>
</item>

<item>
<title>EP.5-Don't Thank Me</title>
<link>https://www.fembed.com/v/lg6qqunym63pld3</link>
<thumbnail>https://image.tmdb.org/t/p/w227_and_h127_bestv2/1my8v6C16CBnsUQo85yX9rEBGyk.jpg</thumbnail>
</item>

<item>
<title>EP.6-New Man</title>
<link>https://www.fembed.com/v/zgp22ujnz4dkx1k</link>
<thumbnail>https://image.tmdb.org/t/p/w227_and_h127_bestv2/iJhu8tjZHIeSZdmuFZVFufIoHcz.jpg</thumbnail>
</item>

<item>
<title>EP.7-You Lied to My Face</title>
<link>https://www.fembed.com/v/56nggcdg30e80lq</link>
<thumbnail>https://image.tmdb.org/t/p/w227_and_h127_bestv2/1LiqaGsjr2zmFsizX6Cvpn0lOoP.jpg</thumbnail>
</item>

<item>
<title>EP.8-It's Done</title>
<link>https://www.fembed.com/v/wgn44un8e3d0w8d</link>
<thumbnail>https://image.tmdb.org/t/p/w227_and_h127_bestv2/fsPzcTC9EBqbxgEfzIeSVgxYxW.jpg</thumbnail>
</item>

<item>
<title>EP.9-That Ain't Me</title>
<link>https://www.fembed.com/v/pgnqqumx-q82r31</link>
<thumbnail>https://image.tmdb.org/t/p/w227_and_h127_bestv2/q9xOJDE0S7pfI56ywPcOrPLKFY5.jpg</thumbnail>
</item>

<item>
<title>EP.10-You Can't Fix This</title>
<link>https://www.fembed.com/v/pgnqqumx-q830-q</link>
<thumbnail>https://image.tmdb.org/t/p/w227_and_h127_bestv2/kZL6fhTMb1fImzFN9PFOe4j97LH.jpg</thumbnail>
</item>


