

<item>
<title>The Purge</title>
<meta>
<content>movie</content>
<imdb>tt2184339</imdb>
<title>The Purge</title>
<year>2013</year>
</meta>
<link>
<sublink>https://uptostream.com/ld8dn72dbda0(720p)</sublink>
<sublink>https://uptostream.com/pnxp6ixjh9kj(1080p)</sublink>
<sublink>search</sublink>
<sublink>searchsd</sublink>
</link>
<thumbnail>https://image.tmdb.org/t/p/w1280/tGGJOuLHX7UDlTz57sjfhW1qreP.jpg</thumbnail>
<fanart>https://image.tmdb.org/t/p/w1000_and_h563_face/sq8fc6005RAzyBvnWDIaaRYSe4V.jpg</fanart>
</item>

<item>
<title>The Purge: Anarchy</title>
<meta>
<content>movie</content>
<imdb>tt2975578</imdb>
<title>2014</title>
<year>2014</year>
</meta>
<link>
<sublink>https://uptostream.com/d2da54u5rbke(720p)</sublink>
<sublink>https://uptostream.com/p5ej67qcab1b(1080p)</sublink>
<sublink>search</sublink>
<sublink>searchsd</sublink>
</link>
<thumbnail>https://image.tmdb.org/t/p/w1280/l1DRl40x2OWUoPP42v8fjKdS1Z3.jpg</thumbnail>
<fanart>https://image.tmdb.org/t/p/w1000_and_h563_face/deNwbX3ReQuIMYXDCg1cXwqAZu4.jpg</fanart>
</item>

<item>
<title>The Purge: Election Year</title>
<meta>
<content>movie</content>
<imdb>tt4094724/</imdb>
<title>The Purge: Election Year</title>
<year>2016</year>
</meta>
<link>
<sublink>https://uptostream.com/kqo9s4nl9xbf(720p)</sublink>
<sublink>https://uptostream.com/ztc8ja1dgxlz(1080p)</sublink>
<sublink>search</sublink>
<sublink>searchsd</sublink>
</link>
<thumbnail>https://image.tmdb.org/t/p/w1280/sm7p6NvWOBSDywdIPhmiX3SLSH8.jpg</thumbnail>
<fanart>https://image.tmdb.org/t/p/w1000_and_h563_face/zI1RR40FBH0q4comJcRJ8kccdES.jpg</fanart>
</item>

<item>
<title>The First Purge</title>
<meta>
<content>movie</content>
<imdb>tt6133466</imdb>
<title>The First Purge</title>
<year>2018</year>
</meta>
<link>
<sublink>https://uptostream.com/5nsxv7c13h9a(720p)</sublink>
<sublink>https://uptostream.com/nuspzd7vphff(1080p)</sublink>
<sublink>search</sublink>
<sublink>searchsd</sublink>
</link>
<thumbnail>https://image.tmdb.org/t/p/w1280/j2nVSSkMe7rR9PPw50TxPMCyMHG.jpg</thumbnail>
<fanart>https://image.tmdb.org/t/p/w1000_and_h563_face/r4clWIxKeWoqrHspQP0XunuUmB7.jpg</fanart>
</item>