<plugin>
<title>Sneaky Pete Season 1</title>
<link>http://dl.updlf.com/files/Series/Sneaky%20Pete/S01/720p%20x265/</link>
<thumbnail>https://image.tmdb.org/t/p/w600_and_h900_bestv2/kMugKMAgSHNGTEh0UbxrhgkqBuM.jpg</thumbnail>
<fanart>https://image.tmdb.org/t/p/original/ff6MHhZswl1uVEM0A2fRPPcYswg.jpg</fanart>
</plugin>

<plugin>
<title>Sneaky Pete Season 2</title>
<link>http://dl.updlf.com/files/Series/Sneaky%20Pete/S02/720p%20x265/</link>
<thumbnail>https://image.tmdb.org/t/p/w600_and_h900_bestv2/5dU7taWEgoH1RnmBqyUKmcD4ig4.jpg</thumbnail>
<fanart>https://image.tmdb.org/t/p/original/pagByKR30qcXVEdUOYyJh3INrOn.jpg</fanart>
</plugin>
