<item>
<title>******STAND-UP COMEDY******</title>             
<heading></heading>
 </item>
 
 <item>
<title>Kevin Hart: Seriously Funny-2010</title>
<meta>
<content>movie</content>
<imdb>tt1714196</imdb>
<title>Kevin Hart: Seriously Funny</title>
<year>2010</year>
</meta>
<link>https://uptostream.com/9yfnuauhb5sn</link>
<thumbnail>https://image.tmdb.org/t/p/w1280/xtlPSX3HDQs3NlFgM97bXdaQInh.jpg</thumbnail>
<fanart>https://image.tmdb.org/t/p/w1000_and_h563_face/Ava7qMdekVDs91fu38cm1uTmGPg.jpg</fanart>
</item>

<item>
<title>Kevin Hart: Laugh at My Pain-2011</title>
<meta>
<content>movie</content>
<imdb>tt1999192</imdb>
<title>Kevin Hart: Laugh at My Pain</title>
<year>2011</year>
</meta>
<link>https://uptostream.com/7qvgv61xhyoi</link>
<thumbnail>https://image.tmdb.org/t/p/w1280/khJaIK4DuTCL9BickZDulhEY4lR.jpg</thumbnail>
<fanart>https://image.tmdb.org/t/p/w1000_and_h563_face/MfFug21CLOgAJ0GF4ocdM33B8j.jpg</fanart>
</item>

<item>
<title>Kevin Hart: Let Me Explain-2013</title>
<meta>
<content>movie</content>
<imdb>tt2609912</imdb>
<title>Kevin Hart: Let Me Explain</title>
<year>2013</year>
</meta>
<link>https://uptostream.com/6q6vd7kf65f4</link>
<thumbnail>https://image.tmdb.org/t/p/w1280/iY4jOqimbUQw7buzyhs62o163DI.jpg</thumbnail>
<fanart>https://image.tmdb.org/t/p/w1000_and_h563_face/fdnS6vGGY6vXaF1eSK5tNxSxvxy.jpg</fanart>
</item>

<item>
<title>Kevin Hart: What Now?</title>
<meta>
<content>movie</content>
<imdb>tt4669186</imdb>
<title>Kevin Hart: What Now?</title>
<year>2016</year>
</meta>
<link>https://uptostream.com/a39jssx3vz97</link>
<thumbnail>https://image.tmdb.org/t/p/w1280/1Re6rKAYqfFfFtJdVtkzhp6H9e9.jpg</thumbnail>
<fanart>https://image.tmdb.org/t/p/w1000_and_h563_face/bBumhh823Ks3SicuGjfvC8pcn3K.jpg</fanart>
</item>



 
 <item>
<title>Katt Williams: The Pimp Chronicles Pt. 1</title>
<meta>
<content>movie</content>
<imdb>tt0865482</imdb>
<title>Katt Williams: The Pimp Chronicles Pt. 1</title>
<year>2006</year>
</meta>
<link>https://uptostream.com/bjuthi8uxpu7</link>
<thumbnail>https://image.tmdb.org/t/p/w1280/le0rJJ7cN3xwPruuorQsiLzOP8z.jpg</thumbnail>
<fanart>https://image.tmdb.org/t/p/w1000_and_h563_face/yfSUYYiYg5lc0La64jc0MqLSpbO.jpg</fanart>
</item>

<item>
<title>Katt Williams: Pimpadelic</title>
<meta>
<content>movie</content>
<imdb>tt1533814</imdb>
<title>Katt Williams: Pimpadelic</title>
<year>2009</year>
</meta>
<link>https://uptostream.com/k7cazvoacg2t</link>
<thumbnail>https://image.tmdb.org/t/p/w1280/5ddKcn1K2pLThQFD5jKFY6fHq4f.jpg</thumbnail>
<fanart>https://image.tmdb.org/t/p/w1000_and_h563_face/vrZ6NUpZ60wkQv7bEzp2xhpLsJy.jpg</fanart>
</item>

<item>
<title>Katt Williams: Kattpacalypse</title>
<meta>
<content>movie</content>
<imdb>tt2370686</imdb>
<title>Katt Williams: Kattpacalypse</title>
<year>2012</year>
</meta>
<link>https://uptostream.com/q8p2z0ip1uql</link>
<thumbnail>https://image.tmdb.org/t/p/w1280/lQrIaSmCAednrLfmJIYwcybK3q4.jpg</thumbnail>
<fanart>https://image.tmdb.org/t/p/w1000_and_h563_face/fGMZ0Vf65TCAiDnEJmYotbdn98j.jpg</fanart>
</item>

<item>
<title>Katt Williams: Great America</title>
<meta>
<content>movie</content>
<imdb>tt7752054</imdb>
<title>Katt Williams: Great America</title>
<year>2018</year>
</meta>
<link>https://uptostream.com/liktl3wc7be4</link>
<thumbnail>https://image.tmdb.org/t/p/w1280/6p9W1Ppd8YEVcNHrSWnGcQoqXil.jpg</thumbnail>
<fanart>https://image.tmdb.org/t/p/w1000_and_h563_face/hXQGpo7TKpOy8aA7toYc5SRag3j.jpg</fanart>
</item>

<item>
<title>Dave Chappelle: Killin' Them Softly</title>
<meta>
<content>movie</content>
<imdb>tt0251654</imdb>
<title>Dave Chappelle: Killin' Them Softly</title>
<year>2000</year>
</meta>
<link>https://uptostream.com/sfn2vnxrqtz1</link>
<thumbnail>https://image.tmdb.org/t/p/w1280/75YjTf24ujtzadYVA9KCusncNEx.jpg</thumbnail>
<fanart>https://image.tmdb.org/t/p/w1000_and_h563_face/x2W2oSQMUNEUy9XLLId0nNeSknW.jpg</fanart>
</item>

<item>
<title>Dave Chappelle: For What It's Worth</title>
<meta>
<content>movie</content>
<imdb>tt0424934</imdb>
<title>Dave Chappelle: For What It's Worth</title>
<year>2004</year>
</meta>
<link>https://uptostream.com/r7ez7x17wddw</link>
<thumbnail>https://image.tmdb.org/t/p/w1280/lWkTkdA4atyfDZgZ6tiLoFOc0mk.jpg</thumbnail>
<fanart>https://image.tmdb.org/t/p/w1000_and_h563_face/jwFiThmvyKoZnFsdOLHYNnH2H9W.jpg</fanart>
</item>

<item>
<title>Chris Tucker Live</title>
<meta>
<content>movie</content>
<imdb>tt4835636/</imdb>
<title>Chris Tucker Live</title>
<year>2015</year>
</meta>
<link>https://uptostream.com/vbh3ystbnt8x</link>
<thumbnail>https://image.tmdb.org/t/p/w1280/dXUUPKX12Z4UyOnh1IeUF394RXR.jpg</thumbnail>
<fanart>https://image.tmdb.org/t/p/w1000_and_h563_face/fnzPvPhl25XFDO2olmWnpfgSDmU.jpg</fanart>
</item>