<item>
<title>Chapter One: The Vanishing of Will Byers</title>
<link>http://dl3.f2m.co/serial/Stranger%20Things/S01/Stranger.Things.S01E01.720p.x265.HEVC.Film2Movie_BiZ.mkv</link>
<thumbnail>https://image.tmdb.org/t/p/w227_and_h127_bestv2/AdwF2jXvhdODr6gUZ61bHKRkz09.jpg</thumbnail>
</item>

<item>
<title>Chapter Two: The Weirdo on Maple Street</title>
<link>http://dl3.f2m.co/serial/Stranger%20Things/S01/Stranger.Things.S01E02.720p.x265.HEVC.Film2Movie_BiZ.mkv</link>
<thumbnail>https://image.tmdb.org/t/p/w227_and_h127_bestv2/8iA56ugQyHZmX81wSsNqwXjCE6F.jpg</thumbnail>
</item>


<item>
<title>Chapter Three: Holly, Jolly</title>
<link>http://dl3.f2m.co/serial/Stranger%20Things/S01/Stranger.Things.S01E03.720p.x265.HEVC.Film2Movie_BiZ.mkv</link>
<thumbnail>https://image.tmdb.org/t/p/w227_and_h127_bestv2/5snULpWQWp7aqFto7UbRcEkEyyS.jpg</thumbnail>
</item>

<item>
<title>Chapter Four: The Body</title>
<link>http://dl3.f2m.co/serial/Stranger%20Things/S01/Stranger.Things.S01E04.720p.x265.HEVC.Film2Movie_BiZ.mkv</link>
<thumbnail>https://image.tmdb.org/t/p/w227_and_h127_bestv2/60wmC1e20HV8gu688GAhsWxqxPx.jpg</thumbnail>
</item>

<item>
<title>Chapter Five: The Flea and the Acrobat</title>
<link>http://dl3.f2m.co/serial/Stranger%20Things/S01/Stranger.Things.S01E05.720p.x265.HEVC.Film2Movie_BiZ.mkv</link>
<thumbnail>https://image.tmdb.org/t/p/w227_and_h127_bestv2/exT4NW9EdXG1qLZHKJnRpq3gh1H.jpg</thumbnail>
</item>

<item>
<title>Chapter Six: The Monster</title>
<link>http://dl3.f2m.co/serial/Stranger%20Things/S01/Stranger.Things.S01E06.720p.x265.HEVC.Film2Movie_BiZ.mkv</link>
<thumbnail>https://image.tmdb.org/t/p/w227_and_h127_bestv2/lNS6qycyucewz3duTr1tf1LU688.jpg</thumbnail>
</item>

<item>
<title>Chapter Seven: The Bathtub</title>
<link>http://dl3.f2m.co/serial/Stranger%20Things/S01/Stranger.Things.S01E07.720p.x265.HEVC.Film2Movie_BiZ.mkv</link>
<thumbnail>https://image.tmdb.org/t/p/w227_and_h127_bestv2/mkZzUTNWYfGwRH2f1TzlRgouypa.jpg</thumbnail>
</item>

<item>
<title>Chapter Eight: The Upside Down</title>
<link>http://dl3.f2m.co/serial/Stranger%20Things/S01/Stranger.Things.S01E08.720p.x265.HEVC.Film2Movie_BiZ.mkv</link>
<thumbnail>https://image.tmdb.org/t/p/w227_and_h127_bestv2/1teJ5dbuepfqOOs9uYhYTUjr2qs.jpg</thumbnail>
</item>

