<item>
<title>Chapter One: Suzie, Do You Copy?</title>
<link>http://dl12.f2m.co/serial/Stranger%20Things/S03/Stranger.Things.S03E01.720p.x265.HEVC.Film2Movie_WS.mkv</link>
<thumbnail>https://image.tmdb.org/t/p/w227_and_h127_bestv2/97PVnrEQWEsdMnD08QDmMxLkV7h.jpg</thumbnail>
</item>

<item>
<title>Chapter Two: The Mall Rats</title>
<link>http://dl12.f2m.co/serial/Stranger%20Things/S03/Stranger.Things.S03E02.720p.x265.HEVC.Film2Movie_WS.mkv</link>
<thumbnail>https://image.tmdb.org/t/p/w227_and_h127_bestv2/qDlMvdlRGzIGtKYdV9lktEUM4vj.jpg</thumbnail>
</item>

<item>
<title>Chapter Three: The Case of the Missing Lifeguard</title>
<link>http://dl12.f2m.co/serial/Stranger%20Things/S03/Stranger.Things.S03E03.720p.x265.HEVC.Film2Movie_WS.mkv</link>
<thumbnail>https://image.tmdb.org/t/p/w227_and_h127_bestv2/oxfQSyylp90cdwOVvCoUvWAW8od.jpg</thumbnail>
</item>

<item>
<title>Chapter Four: The Sauna Test</title>
<link>http://dl12.f2m.co/serial/Stranger%20Things/S03/Stranger.Things.S03E04.720p.x265.HEVC.Film2Movie_WS.mkv</link>
<thumbnail>https://image.tmdb.org/t/p/w227_and_h127_bestv2/bFRuAb0q7MN0RiJdo0RDMPSjLsK.jpg</thumbnail>
</item>

<item>
<title>Chapter Five: The Flayed</title>
<link>http://dl12.f2m.co/serial/Stranger%20Things/S03/Stranger.Things.S03E05.720p.x265.HEVC.Film2Movie_WS.mkv</link>
<thumbnail>https://image.tmdb.org/t/p/w227_and_h127_bestv2/cxIZ4btU6h9GQM1Fn0kotuaXlwo.jpg</thumbnail>
</item>

<item>
<title>Chapter Six: E Pluribus Unum</title>
<link>http://dl12.f2m.co/serial/Stranger%20Things/S03/Stranger.Things.S03E06.720p.x265.HEVC.Film2Movie_WS.mkv</link>
<thumbnail>https://image.tmdb.org/t/p/w227_and_h127_bestv2/dZKsMHJm8DPdBuqFcZxdIulrpNs.jpg</thumbnail>
</item>

<item>
<title>Chapter Seven: The Bite</title>
<link>http://dl12.f2m.co/serial/Stranger%20Things/S03/Stranger.Things.S03E07.720p.x265.HEVC.Film2Movie_WS.mkv</link>
<thumbnail>https://image.tmdb.org/t/p/w227_and_h127_bestv2/6QA91GJK2ze1EaGPEKhil9MJIXx.jpg</thumbnail>
</item>

<item>
<title>Chapter Eight: The Battle of Starcourt</title>
<link>http://dl12.f2m.co/serial/Stranger%20Things/S03/Stranger.Things.S03E08.720p.x265.HEVC.Film2Movie_WS.mkv</link>
<thumbnail>https://image.tmdb.org/t/p/w227_and_h127_bestv2/sT0fd7pEJ2AbKsXF511Xf3nrOk6.jpg</thumbnail>
</item>

