<item>
<title>Chapter One: MADMAX</title>
<link>http://dl5.f2m.co/serial/Stranger%20Things/S02/Stranger.Things.S02E01.720p.x265.HEVC.Film2Movie_CO.mkv</link>
<thumbnail>https://image.tmdb.org/t/p/w227_and_h127_bestv2/efz0MgPAxPw11PIeAJNgKKg3Paa.jpg</thumbnail>
</item>

<item>
<title>Chapter Two: Trick or Treat, Freak</title>
<link>http://dl5.f2m.co/serial/Stranger%20Things/S02/Stranger.Things.S02E02.720p.x265.HEVC.Film2Movie_CO.mkv</link>
<thumbnail>https://image.tmdb.org/t/p/w227_and_h127_bestv2/oGMZxF4yivOSCGZTMgiDD2Ye2Hi.jpg</thumbnail>
</item>

<item>
<title>Chapter Three: The Pollywog</title>
<link>http://dl5.f2m.co/serial/Stranger%20Things/S02/Stranger.Things.S02E03.720p.x265.HEVC.Film2Movie_CO.mkv</link>
<thumbnail>https://image.tmdb.org/t/p/w227_and_h127_bestv2/792NQjFydcr5ucb1sga55LS6Vt3.jpg</thumbnail>
</item>

<item>
<title>Chapter Four: Will the Wise</title>
<link>http://dl5.f2m.co/serial/Stranger%20Things/S02/Stranger.Things.S02E04.720p.x265.HEVC.Film2Movie_CO.mkv</link>
<thumbnail>https://image.tmdb.org/t/p/w227_and_h127_bestv2/wZ7ZDnftX9Y1O25I5tOaEKdK7FT.jpg</thumbnail>
</item>

<item>
<title>Chapter Five: Dig Dug</title>
<link>http://dl5.f2m.co/serial/Stranger%20Things/S02/Stranger.Things.S02E05.720p.x265.HEVC.Film2Movie_CO.mkv</link>
<thumbnail>https://image.tmdb.org/t/p/w227_and_h127_bestv2/westZSpDwRPjxG2eBWIT7utDcnL.jpg</thumbnail>
</item>

<item>
<title>Chapter Six: The Spy</title>
<link>http://dl5.f2m.co/serial/Stranger%20Things/S02/Stranger.Things.S02E06.720p.x265.HEVC.Film2Movie_CO.mkv</link>
<thumbnail>https://image.tmdb.org/t/p/w227_and_h127_bestv2/d90nCiTEACFEUd3fcX8DrLBi5DL.jpg</thumbnail>
</item>

<item>
<title>Chapter Seven: The Lost Sister</title>
<link>http://dl5.f2m.co/serial/Stranger%20Things/S02/Stranger.Things.S02E07.720p.x265.HEVC.Film2Movie_CO.mkv</link>
<thumbnail>https://image.tmdb.org/t/p/w227_and_h127_bestv2/kgOaaTbAutwAoA7tkVzYCfTjPXn.jpg</thumbnail>
</item>

<item>
<title>Chapter Eight: The Mind Flayer</title>
<link>http://dl5.f2m.co/serial/Stranger%20Things/S02/Stranger.Things.S02E08.720p.x265.HEVC.Film2Movie_CO.mkv</link>
<thumbnail>https://image.tmdb.org/t/p/w227_and_h127_bestv2/k3cEwGAWSWbkauYBHSdFnEdalkb.jpg</thumbnail>
</item>

<item>
<title>Chapter Nine: The Gate</title>
<link>http://dl5.f2m.co/serial/Stranger%20Things/S02/Stranger.Things.S02E09.720p.x265.HEVC.Film2Movie_CO.mkv</link>
<thumbnail>https://image.tmdb.org/t/p/w227_and_h127_bestv2/cxCf7O5WPHfyXb7PLSJCG6EvXc3.jpg</thumbnail>
</item>

