<item>
<title>Part I</title>
<link>http://dl6.lavinmovie.net/Series/The%20Sinner/S01/1080p%20x265/The.Sinner.S01E01.1080p.BluRay.x265.HEVC.10bit.AAC.5.1%20RCVR.LavinMovie.mkv</link>
<thumbnail>https://image.tmdb.org/t/p/w227_and_h127_bestv2/xFGd2UyHxM8nTqX3p2JugkI5iAI.jpg</thumbnail>
</item>

<item>
<title>Part II</title>
<link>http://dl6.lavinmovie.net/Series/The%20Sinner/S01/1080p%20x265/The.Sinner.S01E02.1080p.BluRay.x265.HEVC.10bit.AAC.5.1%20RCVR.LavinMovie.mkv</link>
<thumbnail>https://image.tmdb.org/t/p/w227_and_h127_bestv2/6XmOnExx6tFVJ0Nutps0DUmropo.jpg</thumbnail>
</item>

<item>
<title>Part III</title>
<link>http://dl5.lavinmovie.net/Series/The%20Sinner/S01/1080p/The.Sinner.S01E03.1080p.BluRay.SHORTBREHD.LavinMovie.mkv</link>
<thumbnail>https://image.tmdb.org/t/p/w227_and_h127_bestv2/5tSh1RY09ftJ2EiQUkTae0aooag.jpg</thumbnail>
</item>

<item>
<title>Part IV</title>
<link>http://dl6.lavinmovie.net/Series/The%20Sinner/S01/1080p%20x265/The.Sinner.S01E04.1080p.BluRay.x265.HEVC.10bit.AAC.5.1%20RCVR.LavinMovie.mkv</link>
<thumbnail>https://image.tmdb.org/t/p/w227_and_h127_bestv2/AhmehNDdYfi7sS2uh4ou25YXWc9.jpg</thumbnail>
</item>

<item>
<title>Part V</title>
<link>http://dl5.lavinmovie.net/Series/The%20Sinner/S01/1080p/The.Sinner.S01E05.1080p.BluRay.SHORTBREHD.LavinMovie.mkv</link>
<thumbnail>https://image.tmdb.org/t/p/w227_and_h127_bestv2/s92iLTGfVgUGKLqzXMm2cy3f7uF.jpg</thumbnail>
</item>

<item>
<title>Part VI</title>
<link>http://dl5.lavinmovie.net/Series/The%20Sinner/S01/1080p/The.Sinner.S01E06.1080p.BluRay.SHORTBREHD.LavinMovie.mkv</link>
<thumbnail>https://image.tmdb.org/t/p/w227_and_h127_bestv2/kZ0tICVKPuHo9wi2mBngPcB34s2.jpg</thumbnail>
</item>

<item>
<title>Part VII</title>
<link>http://dl6.lavinmovie.net/Series/The%20Sinner/S01/1080p%20x265/The.Sinner.S01E07.1080p.BluRay.x265.HEVC.10bit.AAC.5.1%20RCVR.LavinMovie.mkv</link>
<thumbnail>https://image.tmdb.org/t/p/w227_and_h127_bestv2/4Udj2giPewHvCWVfUbEOm4ORTw6.jpg</thumbnail>
</item>

<item>
<title>Part VIII</title>
<link>http://dl6.lavinmovie.net/Series/The%20Sinner/S01/1080p%20x265/The.Sinner.S01E08.1080p.BluRay.x265.HEVC.10bit.AAC.5.1%20RCVR.LavinMovie.mkv</link>
<thumbnail>https://image.tmdb.org/t/p/w227_and_h127_bestv2/jtyxNxLPF1sTDGrkfsiE11L7M87.jpg</thumbnail>
</item>

