<item>
<title>EP.1- The Name of the Game</title>
<link>https://uptobox.com/r83nhin7lrq4</link>
<thumbnail>https://image.tmdb.org/t/p/w227_and_h127_bestv2/83vFYTHtCqWwaDtZluSU8bmnFYG.jpg</thumbnail>
</item>

<item>
<title>EP.2-Cherry</title>
<link>https://uptobox.com/kdnjq66hd01o</link>
<thumbnail>https://image.tmdb.org/t/p/w227_and_h127_bestv2/1XzqWHBFvddrO2sazXzaCTtFEeA.jpg</thumbnail>
</item>

<item>
<title>EP.3-Get Some</title>
<link>https://uptobox.com/58o2i6hf5ntg</link>
<thumbnail>https://image.tmdb.org/t/p/w227_and_h127_bestv2/mF7TK7LMbWhlLz1Q5M1662TiKvP.jpg</thumbnail>
</item>

<item>
<title>EP.4- The Female of the Species</title>
<link>https://uptobox.com/xrs073aon67g</link>
<thumbnail>https://image.tmdb.org/t/p/w227_and_h127_bestv2/4wq1ZX7GYEFhSttQoTFJ4WyqV22.jpg</thumbnail>
</item>

<item>
<title>EP.5-Good for the Soul</title>
<link>https://uptobox.com/r1684nomylw8</link>
<thumbnail>https://image.tmdb.org/t/p/w227_and_h127_bestv2/1ST4xchcR2s1JQUV23ryOBVrWbN.jpg</thumbnail>
</item>

<item>
<title>EP.6-The Innocents</title>
<link>https://uptobox.com/e3wpaqr8bi4a</link>
<thumbnail>https://image.tmdb.org/t/p/w227_and_h127_bestv2/pqz0Xvf7gpXwagUoaHxBqmyv6D5.jpg</thumbnail>
</item>

<item>
<title>EP.7-The Self-Preservation Society</title>
<link>https://uptobox.com/t2nggj9a3vdm</link>
<thumbnail>https://image.tmdb.org/t/p/w227_and_h127_bestv2/cx7dCZVzCX9pAyC6zE6lC6jkuyF.jpg</thumbnail>
</item>

<item>
<title>EP.8-You Found Me</title>
<link>https://uptobox.com/8jdsgiyxga8p</link>
<thumbnail>https://image.tmdb.org/t/p/w227_and_h127_bestv2/vNYs1oSMXa1V3KKWLPvtOy6UQWC.jpg</thumbnail>
</item>
