<item>
<title>EP.1-Brave New World</title>
<link>http://dl13.f2m.co/serial/The.I.Land/S01/The.I.Land.S01E01.720p.x265.HEVC.Film2Movie_WS.mkv</link>
<thumbnail>https://image.tmdb.org/t/p/w227_and_h127_bestv2/hBqyR5lEgIctM12kGNBn5dRmql5.jpg</thumbnail>
</item>

<item>
<title>EP.2-The Gorgeous Palaces</title>
<link>http://dl13.f2m.co/serial/The.I.Land/S01/The.I.Land.S01E02.720p.x265.HEVC.Film2Movie_WS.mkv</link>
<thumbnail>https://image.tmdb.org/t/p/w227_and_h127_bestv2/5dq9vVNvc0xt5fR0dcwBsGMbsNU.jpg</thumbnail>
</item>

<item>
<title>EP.3-The Insubstantial Pageant</title>
<link>http://dl13.f2m.co/serial/The.I.Land/S01/The.I.Land.S01E03.720p.Film2Movie_WS.mkv</link>
<thumbnail>https://image.tmdb.org/t/p/w227_and_h127_bestv2/kM83j5U60p1jNnPInhcVX6h0jO.jpg</thumbnail>
</item>

<item>
<title>EP.4-Many Goodly Creatures</title>
<link>http://dl13.f2m.co/serial/The.I.Land/S01/The.I.Land.S01E04.720p.Film2Movie_WS.mkv</link>
<thumbnail>https://image.tmdb.org/t/p/w227_and_h127_bestv2/g5GydCwIgsaiFvloEfLjIFAjW8S.jpg</thumbnail>
</item>

<item>
<title>EP.5-The Cloud Capp'd Towers</title>
<link>http://dl13.f2m.co/serial/The.I.Land/S01/The.I.Land.S01E05.720p.Film2Movie_WS.mkv</link>
<thumbnail>https://image.tmdb.org/t/p/w227_and_h127_bestv2/oVq0ZQ9Zpb7oCwBnyZsqurosc9m.jpg</thumbnail>
</item>

<item>
<title>EP.6-The Great Globe Itself</title>
<link>http://dl13.f2m.co/serial/The.I.Land/S01/The.I.Land.S01E06.720p.x265.HEVC.Film2Movie_WS.mkv</link>
<thumbnail>https://image.tmdb.org/t/p/w227_and_h127_bestv2/bOyaquYoYgJbZQihsnZux98G0OY.jpg</thumbnail>
</item>

<item>
<title>EP.7-The Dark Backward</title>
<link>http://dl13.f2m.co/serial/The.I.Land/S01/The.I.Land.S01E07.720p.x265.HEVC.Film2Movie_WS.mkv</link>
<thumbnail>https://image.tmdb.org/t/p/w227_and_h127_bestv2/j0LaB22MscxDGpAJLF1VML0Hjrx.jpg</thumbnail>
</item>
