<item>
	<title>[COLOR=white]The Texas Chainsaw Massacre[/COLOR]</title>
	<meta>
	<imdb>tt0072271</imdb>
	<content>movie</content>
	<title>The Texas Chainsaw Massacre</title>
	<year>1974</year>
	</meta>
	<link>
	<sublink>https://uptobox.com/epcgbjz93onh(1080p)</sublink>
	<sublink>search</sublink>
	<sublink>searchsd</sublink>
	</link>
	<thumbnail>https://image.tmdb.org/t/p/w1280/hXF5nuEvUIlMXv4fOCIhA8KWaN2.jpg</thumbnail>
	<fanart>https://image.tmdb.org/t/p/w1280/sOw7TZzt3vRQXXCrwdspSHwCJDR.jpg</fanart>
</item>
<item>
	<title>[COLOR=white]The Texas Chainsaw Massacre 2[/COLOR]</title>
	<meta>
	<imdb>tt0092076</imdb>
	<content>movie</content>
	<title>The Texas Chainsaw Massacre 2</title>
	<year>1986</year>
	</meta>
	<link>
	<sublink>https://uptobox.com/03lvhvdjnhl9</sublink>
	<sublink>search</sublink>
	<sublink>searchsd</sublink>
	</link>
	<thumbnail>https://image.tmdb.org/t/p/w1280/1EI0Qs6AhtxdamRBsFC4zm2I6sj.jpg</thumbnail>
	<fanart>https://image.tmdb.org/t/p/w1280/ajdhwlImMWSWTu1sEMv72yu7IqK.jpg</fanart>
</item>
<item>
	<title>[COLOR=white]Leatherface Texas Chainsaw Massacre III[/COLOR]</title>
	<meta>
	<imdb>tt0099994</imdb>
	<content>movie</content>
	<title>Leatherface Texas Chainsaw Massacre III</title>
	<year>1990</year>
	</meta>
	<link>
	<sublink>https://uptobox.com/69rrdk6y3xey(720p)</sublink>
	<sublink>https://uptobox.com/oe6fh6lken7o(1080p)</sublink>
	<sublink>search</sublink>
	<sublink>searchsd</sublink>
	</link>
	<thumbnail>https://image.tmdb.org/t/p/w1280/6NmMY1e7P9bkb0I1srDuV6fjIzt.jpg</thumbnail>
	<fanart>https://image.tmdb.org/t/p/w1280/atO6sOpvD68ooQHKWtMyaXKHYxb.jpg</fanart>
</item>
<item>
	<title>[COLOR=white]Texas Chainsaw Massacre The Next Generation[/COLOR]</title>
	<meta>
	<imdb>tt0110978</imdb>
	<content>movie</content>
	<title>Texas Chainsaw Massacre The Next Generation</title>
	<year>1994</year>
	</meta>
	<link>
	<sublink>https://uptobox.com/b32gu4piyjx3(720p)</sublink>
	<sublink>https://uptobox.com/973kk2z2uk24(1080p)</sublink>
	<sublink>search</sublink>
	<sublink>searchsd</sublink>
	</link>
	<thumbnail>https://image.tmdb.org/t/p/w1280/6ECWpYiwEdWi2OTSbyzLV281YJ.jpg</thumbnail>
	<fanart>https://image.tmdb.org/t/p/w1280/1Unx2N8AhIBinp2QaLe2t27Nnix.jpg</fanart>
</item>
<item>
	<title>[COLOR=white]The Texas Chainsaw Massacre[/COLOR]</title>
	<meta>
	<imdb>tt0324216</imdb>
	<content>movie</content>
	<title>The Texas Chainsaw Massacre</title>
	<year>2003</year>
	</meta>
	<link>
	<sublink>https://uptobox.com/c3pb6u2sd39k(1080p)</sublink>
	<sublink>search</sublink>
	<sublink>searchsd</sublink>
	</link>
	<thumbnail>https://image.tmdb.org/t/p/w1280/gx7FCIOFGxqNyplF3t7qtmUv55g.jpg</thumbnail>
	<fanart>https://image.tmdb.org/t/p/w1280/3rTsJ7tIC3LUSRr80PfeLbbCfBA.jpg</fanart>
</item>
<item>
	<title>[COLOR=white]The Texas Chainsaw Massacre The Beginning[/COLOR]</title>
	<meta>
	<imdb>tt0420294</imdb>
	<content>movie</content>
	<title>The Texas Chainsaw Massacre The Beginning</title>
	<year>2006</year>
	</meta>
	<link>
	<sublink>https://uptobox.com/fsqtjxlhmu8q(1080p)</sublink>
	<sublink>search</sublink>
	<sublink>searchsd</sublink>
	</link>
	<thumbnail>https://image.tmdb.org/t/p/w1280/9elCJIG1TOJ0wew3JVx5ZMkHq5w.jpg</thumbnail>
	<fanart>https://image.tmdb.org/t/p/w1280/o4psXh7IVD6GFKvBSHjHLzjL2lV.jpg</fanart>
</item>
<item>
	<title>[COLOR=white]Texas Chainsaw 3D[/COLOR]</title>
	<meta>
	<imdb>tt1572315</imdb>
	<content>movie</content>
	<title>Texas Chainsaw 3D</title>
	<year>2013</year>
	</meta>
	<link>
	<sublink>https://uptobox.com/xmkxiq1ozl8u(720p)</sublink>
	<sublink>https://uptobox.com/20ds8i09am7y(1080p)</sublink>
	<sublink>search</sublink>
	<sublink>searchsd</sublink>
	</link>
	<thumbnail>https://image.tmdb.org/t/p/w1280/p0kJOoNvwnWgmvKvL4GqlV3OPUV.jpg</thumbnail>
	<fanart>https://image.tmdb.org/t/p/w1280/syZp6erObU03jSEzc3Kvrtk9gV1.jpg</fanart>
</item>
<item>
	<title>[COLOR=white]Leatherface[/COLOR]</title>
	<meta>
	<imdb>tt2620590</imdb>
	<content>movie</content>
	<title>Leatherface</title>
	<year>2017</year>
	</meta>
	<link>
	<sublink>https://uptobox.com/2b5v96esjseb(720p)</sublink>
	<sublink>https://uptobox.com/j78nmc8vl7cq(1080p)</sublink>
	<sublink>search</sublink>
	<sublink>searchsd</sublink>
	</link>
	<thumbnail>https://image.tmdb.org/t/p/w1280/nV7LPlyhUxKn5y0nuItCr8D1OSu.jpg</thumbnail>
	<fanart>https://image.tmdb.org/t/p/w1280/ziSXgkBQbB2NUnXgaDqKUWsiPlv.jpg</fanart>
</item>
