<item>
	<title>[COLOR=white]The Hangover[/COLOR]</title>
	<meta>
	<imdb>tt1119646</imdb>
	<content>movie</content>
	<title>The Hangover</title>
	<year>2009</year>
	</meta>
	<link>
	<sublink>https://uptobox.com/uepbvom8o9x1(720P)</sublink>
	<sublink>https://uptobox.com/qbmw78q2gila(1080p)</sublink>
	<sublink>search</sublink>
	<sublink>searchsd</sublink>
	</link>
	<thumbnail>https://image.tmdb.org/t/p/w1280/eshEkiG7NmU4ekA8CtpIdYiYufZ.jpg</thumbnail>
	<fanart>https://image.tmdb.org/t/p/w1280/xxKd56iFbMeRQARUosTGgxKxrnF.jpg</fanart>
</item>
<item>
	<title>[COLOR=white]The Hangover Part II[/COLOR]</title>
	<meta>
	<imdb>tt1411697</imdb>
	<content>movie</content>
	<title>The Hangover Part II</title>
	<year>2011</year>
	</meta>
	<link>
	<sublink>https://uptobox.com/2bi2vdc78p0n(720p)</sublink>
	<sublink>https://uptobox.com/657qfvpryrkq(1080p)</sublink>
	<sublink>search</sublink>
	<sublink>searchsd</sublink>
	</link>
	<thumbnail>https://image.tmdb.org/t/p/w1280/yoiJyVknXfU4jcJvPYeMOCgyLky.jpg</thumbnail>
	<fanart>https://image.tmdb.org/t/p/w1280/hnu7rEmUXyrRBqlRTd2CzDBUap4.jpg</fanart>
</item>
<item>
	<title>[COLOR=white]The Hangover Part III[/COLOR]</title>
	<meta>
	<imdb>tt1951261</imdb>
	<content>movie</content>
	<title>The Hangover Part III</title>
	<year>2013</year>
	</meta>
	<link>
	<sublink>https://uptobox.com/51vjpircm186(720p)</sublink>
	<sublink>https://uptobox.com/6zkvb2tdmsxn(1080p)</sublink>
	<sublink>search</sublink>
	<sublink>searchsd</sublink>
	</link>
	<thumbnail>https://image.tmdb.org/t/p/w1280/vtxuPWkdllLNLVyGjKYa267ntuH.jpg</thumbnail>
	<fanart>https://image.tmdb.org/t/p/w1280/xIrtFqXc62VGcWKHOsQfCq4j3x0.jpg</fanart>
</item>
