<item>
<title>Avengers:Endgame (2019)</title>
<meta>
<content>movie</content>
<imdb>tt4154796</imdb>
<title>Avengers: Endgame</title>
<year>2019</year>
</meta>
<link>
<sublink>magnet:?xt=urn:btih:25A8AA9F1B654CE3F838F80AF068DEB994C54630&dn=Avengers+Endgame+2019+4K+HDR+2160p</sublink>
<sublink>search</sublink>
<sublink>searchsd</sublink>
</link>
<thumbnail>https://image.tmdb.org/t/p/w600_and_h900_bestv2/ge8hewUzdoAnxRWNzHQ8naQiBcG.jpg</thumbnail>
<fanart>https://image.tmdb.org/t/p/original/eFzIlCERjyrp2z2YpZo8yaETGWx.jpg</fanart>
</item>

<item>
<title>John Wick: Chapter 3 - Parabellum</title>
<meta>
<content>movie</content>
<imdb>tt6146586</imdb>
<title>John Wick: Chapter 3 - Parabellum</title>
<year>2019</year>
</meta>
<link>
<sublink>magnet:?xt=urn:btih:58D1CA3C20B78D69E4863B910B77ABAEE7160A70&dn=John+Wick+Chapter+3+Parabellum+2019++4K+HDR+2160p+BDRip+Ita+Eng+x265-NAHOM</sublink>
<sublink>search</sublink>
<sublink>searchsd</sublink>
</link>
<thumbnail>https://image.tmdb.org/t/p/w600_and_h900_bestv2/ziEuG1essDuWuC5lpWUaw1uXY2O.jpg</thumbnail>
<fanart>https://image.tmdb.org/t/p/original/9gkG3bgwAguIjrUmjZxW5UaqKaC.jpg</fanart>
</item>



<item>
<title>X-Men Dark Phoenix</title>
<meta>
<content>movie</content>
<imdb>tt6565702</imdb>
<title>X-Men Dark Phoenix</title>
<year>2019</year>
</meta>
<link>
<sublink>magnet:?xt=urn:btih:6174D8B8875A9A1A393BFD51000E5CE94FA33AB9&dn=X-Men+Dark+Phoenix+2019+MULTi+HDR+2160p+WEB-Rip+DTS-HDMA+7+1+HEVC+En-Fr-Desi-DDR</sublink>
<sublink>search</sublink>
<sublink>searchsd</sublink>
</link>
<thumbnail>https://image.tmdb.org/t/p/w600_and_h900_bestv2/kZv92eTc0Gg3mKxqjjDAM73z9cy.jpg</thumbnail>
<fanart>https://image.tmdb.org/t/p/original/phxiKFDvPeQj4AbkvJLmuZEieDU.jpg</fanart>
</item>


<item>
<title>Annabelle Comes Home</title>
<meta>
<content>movie</content>
<imdb>tt8350360</imdb>
<title>Annabelle Comes Home</title>
<year>2019</year>
</meta>
<link>
<sublink>magnet:?xt=urn:btih:86F6142B45DC9B96D3D4CB5E34A7CCCEA8DA17BD&dn=Annabelle+Comes+Home+2019+INTERNAL+HDR+2160p+WEB+H265-DEFLATE</sublink>
<sublink>search</sublink>
<sublink>searchsd</sublink>
</link>
<thumbnail>https://image.tmdb.org/t/p/w600_and_h900_bestv2/6NvcsKQmWvZz8fDvuboZkccowZA.jpg</thumbnail>
<fanart>https://image.tmdb.org/t/p/original/dBt0DoFfbhOI4ypUfRj1uTq623M.jpg</fanart>
</item>

<item>
<title>BumbleBee (2018)</title>
<meta>
<content>movie</content>
<imdb>tt4701182</imdb>
<title>Bumblebee</title>
<year>2018</year>
</meta>
<link>
<sublink>magnet:?xt=urn:btih:3B099672A2E934FCB6ACB984695E723ED4E7D295&dn=Bumblebee+2019+%5B2160p%5D+%5BWEB-DL%5D+%5B4K%5D+%5BDUAL%5D</sublink>
<sublink>search</sublink>
<sublink>searchsd</sublink>
</link>
<thumbnail>https://image.tmdb.org/t/p/w1280/sG6n4ei1F0kVQtTs3fAjDghngpa.jpg</thumbnail>
<fanart>https://image.tmdb.org/t/p/w1000_and_h563_face/urPYbqQnMMu5Ug09nI0KAGabbDX.jpg</fanart>
</item>



<item>
<title>Avatar(2009)</title>
<meta>
<content>movie</content>
<imdb>tt0499549</imdb>
<title>Avatar</title>
<year>2009</year>
</meta>
<link>
<sublink>magnet:?xt=urn:btih:e103e4870f351acbd8d1ef0cb60e422403b34fa1&dn=Avatar+%282009%29+UHD+4K+Upscaled+x264+DTS+Soup</sublink>
<sublink>search</sublink>
<sublink>searchsd</sublink>
</link>
<thumbnail>https://4.bp.blogspot.com/-QHh47roGA38/Wsf9JLNwQAI/AAAAAAAAAMQ/2t8SJriuLkQkb1qYLcn9kSPKUuyxxXKWACLcBGAs/s1600/1A.png</thumbnail>
<fanart>https://image.tmdb.org/t/p/original/2TsyNzN2xceBqYytYKnv38NMMZW.jpg</fanart>
</item>

<item>
<title>10 Cloverfield Lane (2016)</title>
<meta>
<content>4k-movie</content>
<imdb>tt1179933</imdb>
<title>10 Cloverfield Lane</title>
<year>2016</year>
</meta>
<link>
<sublink>https://uptobox.com/gp2ecmmnhcdh</sublink>
<sublink>magnet:?xt=urn:btih:66bc9ec634c737377362aacf83c12a9dff198834&dn=10.Cloverfield.Lane.2016.4K.UltraHD.BluRay.2160p.x264.DTS-HD.MA.</sublink>
<sublink>search</sublink>
<sublink>searchsd</sublink>
</link>
<thumbnail>https://images-na.ssl-images-amazon.com/images/I/91EeJrhfvzL._SX522_.jpg</thumbnail>
<fanart>https://image.tmdb.org/t/p/original/qEu2EJBQUNFx5mSKOCItwZm74ZE.jpg</fanart>
</item>


<item>
<title>Black Panther (2018)</title>
<meta>
<content>4k-movie</content>
<imdb>tt1825683</imdb>
<title>Black Panther</title>
<year>2018</year>
</meta>
<link>
<sublink>magnet:?xt=urn:btih:ab4afa692d8a5cc997524b164157092f68ad2198&dn=Black+Panther+2018+4K+2160p+BluRay+x265+10bit+HDR</sublink>
<sublink></sublink>
<sublink>search</sublink>
<sublink>searchsd</sublink>
</link>
<thumbnail>https://images-wixmp-ed30a86b8c4ca887773594c2.wixmp.com/intermediary/f/436027c5-4853-4bc8-8a31-53dd8dfec09f/dcw2zog-b600f6d6-525e-4b09-ae81-8bc66bf2f781.png/v1/fill/w_730,h_1095,q_70,strp/black_panther_4_4k_by_coollsmalls_dcw2zog-pre.jpg</thumbnail>
<fanart>https://image.tmdb.org/t/p/original/aeEu9FsRrJWhM12n8NUKXFc5OeE.jpg</fanart>
</item>

<item>
<title>Mad Max: Fury Road (2015)</title>
<meta>
<content>movie</content>
<imdb>tt1392190</imdb>
<title>Mad Max: Fury Road (2015)</title>
<year>2015</year>
</meta>
<link>
<sublink>magnet:?xt=urn:btih:48a0378f6715cf0beea48f4605eb2d575676b656&dn=Mad.Max.Fury.Road.2015.2160p.BluRay.x265.10bit.SDR.DTS-HD.MA.TrueHD.7.1.Atmos-SWTYBLZ</sublink>
<sublink>search</sublink>
<sublink>searchsd</sublink>
</link>
<thumbnail>https://images4.static-bluray.com/movies/covers/147183_large.jpg?t=1452826508</thumbnail>
<fanart>https://image.tmdb.org/t/p/original/1MYxDtcPunrLtEOyUATk0DIVnwb.jpg</fanart>
</item>

<item>
<title>Venom (2018)</title>
<meta>
<content></content>
<imdb>tt1270797</imdb>
<title>Venom</title>
<year>2018</year>
</meta>
<link>
<sublink>magnet:?xt=urn:btih:b7bfb5221dd93d646f6b7e84b9684ea6f0783145&dn=Venom.2018.2160p.BluRay.x264.8bit.SDR.DTS-HD.MA.TrueHD.7.1.Atmos-SWTYBLZ</sublink>
<sublink>search</sublink>
<sublink>searchsd</sublink>
</link>
<thumbnail>https://aentmedia.azureedge.net/prod-img/500/36/3591236.jpg?ae=55956951</thumbnail>
<fanart>https://image.tmdb.org/t/p/original/xyW5zDq7UveXghJrG85jes1PWff.jpg</fanart>
</item>



<item>
<title>Deadpool(2016)</title>
<meta>
<content>movie</content>
<imdb>tt1431045</imdb>
<title></title>
<year>2016</year>
</meta>
<link>
<sublink>magnet:?xt=urn:btih:dbc28dcb4c110946d679f2a0a9a498776f488ff6&dn=Deadpool+%282016%29+4K+UltraHD+BluRay+%28x265+HEVC+10bit%29+%5BZeus%5D</sublink>
<sublink>search</sublink>
<sublink>searchsd</sublink>
</link>
<thumbnail>http://www.thedigitalbits.com/media/k2/items/cache/ec4ce48d17b0bda36087b2cf3d86aa55_XL.jpg</thumbnail>
<fanart>https://image.tmdb.org/t/p/original/nbIrDhOtUpdD9HKDBRy02a8VhpV.jpg</fanart>
</item>

<item>
<title>The Dark Knight (2008)</title>
<meta>
<content>movie</content>
<imdb>tt0468569</imdb>
<title>The Dark Knight</title>
<year>2008</year>
</meta>
<link>
<sublink>magnet:?xt=urn:btih:22158d4a1e2ee46a11725cd56167cd10f243aa17&dn=The.Dark.Knight.2008.2160p.BluRay.x265.10bit.SDR.DTS-HD.MA.5.1-SWTYBLZ</sublink>
<sublink>search</sublink>
<sublink>searchsd</sublink>
</link>
<thumbnail>https://images2.static-bluray.com/movies/covers/187101_large.jpg?t=1511345052</thumbnail>
<fanart>https://image.tmdb.org/t/p/original/pBqyLiqRGCO06x0b1auuC3mQ8dM.jpg</fanart>
</item>


<item>
<title>The Dark Knight Rises (2012)</title>
<meta>
<content>movie</content>
<imdb>tt1345836</imdb>
<title>The Dark Knight Rises</title>
<year>2012</year>
</meta>
<link>
<sublink>magnet:?xt=urn:btih:a1c1a1bfeb566c5ae2ce1eece2ca87cbac3b644d&dn=The.Dark.Knight.Rises.2012.RERIP.2160p.BluRay.x265.10bit.HDR.DTS-HD.MA.5.1-TERMiNAL</sublink>
<sublink>search</sublink>
<sublink>searchsd</sublink>
</link>
<thumbnail>https://images.static-bluray.com/movies/covers/187100_large.jpg?t=1511345102</thumbnail>
<fanart>https://image.tmdb.org/t/p/original/htfszLfmCM34KH2Mg1XNDfsq4tT.jpg</fanart>
</item>


<item>
<title>DeadPool 2 (2018)</title>
<meta>
<content>movie</content>
<imdb>tt5463162</imdb>
<title>Deadpool 2</title>
<year>2018</year>
</meta>
<link>
<sublink>magnet:?xt=urn:btih:2eb7cba2d20e5a3a8779fc5c27c447eeea033909&dn=Deadpool.2.2018.Super.Duper.Cut.UNRATED.2160p.10bit.HDR.BluRay.8</sublink>
<sublink>search</sublink>
<sublink>searchsd</sublink>
</link>
<thumbnail>https://images-wixmp-ed30a86b8c4ca887773594c2.wixmp.com/intermediary/f/436027c5-4853-4bc8-8a31-53dd8dfec09f/dcw2y9a-c7e0058f-0d0a-4189-b85b-e6c1a3ae9f5e.png</thumbnail>
<fanart>https://hdqwalls.com/download/deadpool-2-poster-2018-movie-xt-1920x1080.jpg</fanart>
</item>

<item>
<title>Justice League (2017)</title>
<meta>
<content>movie</content>
<imdb>tt0974015</imdb>
<title>Justice League</title>
<year>2017</year>
</meta>
<link>
<sublink> magnet:?xt=urn:btih:bbbaac1317eae5934cad50606c88b8a1a21efc6e&dn=Justice+League+4K+UHD+Lite+Rip+HDR+English+%26amp%3B+Espanol+Latino</sublink>
<sublink>search</sublink>
<sublink>searchsd</sublink>
</link>
<thumbnail>https://images3.static-bluray.com/movies/covers/169542_large.jpg?t=1482282191</thumbnail>
<fanart>https://image.tmdb.org/t/p/original/cl6xFnw5MargWPE2fr82NgN4zVB.jpg</fanart>
</item>


<item>
<title>John Wick: Chapter 2 (2017)</title>
<meta>
<content></content>
<imdb>tt4425200</imdb>
<title>John Wick: Chapter 2</title>
<year>2017</year>
</meta>
<link>
<sublink>magnet:?xt=urn:btih:321275d84748712278fa91393f5722998df8daa4&dn=John+Wick+CHapter+2+2017+2160p+4K+BluRay+UHD+x265+TrueHD+7.1</sublink>
<sublink></sublink>
<sublink>search</sublink>
<sublink>searchsd</sublink>
</link>
<thumbnail>https://images.static-bluray.com/movies/covers/170797_large.jpg?t=1491270528</thumbnail>
<fanart>https://image.tmdb.org/t/p/original/dQ6s3Ud2KoOs3LKw6xgZr1cw7Yq.jpg</fanart>
</item>

<item>
<title>John Wick (2014)</title>
<meta>
<content>movie</content>
<imdb>tt2911666</imdb>
<title>John Wick</title>
<year>2014</year>
</meta>
<link>
<sublink>magnet:?xt=urn:btih:62d03a5c70a4d05470d6a80810f268f6f9b4bd24&dn=John+Wick+2014+UHD+4K+2160p+HEVC10+SDR+Multi+Dolby+ATMOS+7.1+-Ze</sublink>
<sublink></sublink>
<sublink>search</sublink>
<sublink>searchsd</sublink>
</link>
<thumbnail>https://i5.walmartimages.com/asr/1b6f9e57-8226-45e2-967a-d9fd26b0ef86_1.d4151bd5baa6f4890e5191f32decc451.jpeg?odnHeight=450&odnWidth=450&odnBg=FFFFFF</thumbnail>
<fanart>https://image.tmdb.org/t/p/original/6WSI8kNSNT8bcerSmTpv3C9ncHG.jpg</fanart>
</item>

<item>
<title>Tomb Raider (2018)</title>
<meta>
<content>4k-movie</content>
<imdb>tt1365519</imdb>
<title>Tomb Raider</title>
<year>2018</year>
</meta>
<link>
<sublink>magnet:?xt=urn:btih:8f714a9c715c7705bf6715b2273dc9158f4f7ede&dn=Tomb.Raider.2018.2160p.10bit.HDR.BluRay.8CH.x265.HEVC-PSA</sublink>
<sublink></sublink>
<sublink>search</sublink>
<sublink>searchsd</sublink>
</link>
<thumbnail>https://pisces.bbystatic.com/image2/BestBuy_US/images/products/6229/6229302_sa.jpg;maxHeight=640;maxWidth=550</thumbnail>
<fanart>https://image.tmdb.org/t/p/original/oJd4ZZ587CofDDGV1qAfp91m7VC.jpg</fanart>
</item>

<item>
<title>Logan 2017</title>
<meta>
<content>movie</content>
<imdb>tt3315342</imdb>
<title>Logan</title>
<year>2017</year>
</meta>
<link>
<sublink>magnet:?xt=urn:btih:4e1ab004dee0137f92abb904f57a64ba67ea8dbe&dn=Logan+2017+2160p+4K+BluRay+x265+TriAudio+ARTPCP</sublink>
<sublink></sublink>
<sublink>search</sublink>
<sublink>searchsd</sublink>
</link>
<thumbnail>https://images-wixmp-ed30a86b8c4ca887773594c2.wixmp.com/intermediary/f/436027c5-4853-4bc8-8a31-53dd8dfec09f/dcw2y8h-01d05126-54c9-44c6-ac8e-9b998ea190c8.png</thumbnail>
<fanart>https://image.tmdb.org/t/p/original/z9PXN1bTe0mbLww2XG4YDsWXQSN.jpg</fanart>
</item>

<item>
<title>Alien: Covenant (2017)</title>
<meta>
<content></content>
<imdb>tt2316204</imdb>
<title>Alien: Covenant</title>
<year>2017</year>
</meta>
<link>
<sublink>magnet:?xt=urn:btih:edda605d537a23317e71ffaa6cc08d45f9844bdb&dn=Alien+Covenant+2017+2160p+4K+UHD+Light+BluRay+HEVC+HDR10+DDS5.</sublink>
<sublink>search</sublink>
<sublink>searchsd</sublink>
</link>
<thumbnail>http://4k.com/wp-content/uploads/2015/12/AlienCovenant4KBlurayartwork.jpg</thumbnail>
<fanart>https://image.tmdb.org/t/p/original/alwnMm2smJIzp5fFKgFyRczyMjR.jpg</fanart>
</item>

<item>
<title>Halloween (2018)</title>
<meta>
<content></content>
<imdb>tt1502407</imdb>
<title>Halloween</title>
<year>2018</year>
</meta>
<link>
<sublink>magnet:?xt=urn:btih:63538b403634046c1cd8403d13799789cae6c84f&dn=Halloween.2018.2160p.BluRay.x265.10bit.SDR.DTS-X.7.1-SWTYBLZ</sublink>
<sublink></sublink>
<sublink>search</sublink>
<sublink>searchsd</sublink>
</link>
<thumbnail>https://images-na.ssl-images-amazon.com/images/I/51W3UrrsqcL.jpg</thumbnail>
<fanart>https://image.tmdb.org/t/p/original/tZ358Wk4BnOc4FjdGsiexAUvCMH.jpg</fanart>
</item>

<item>
<title>Assassin's Creed (2016)</title>
<meta>
<content>movie</content>
<imdb>tt2094766</imdb>
<title>Assassin's Creed</title>
<year>2016</year>
</meta>
<link>
<sublink>magnet:?xt=urn:btih:d1f8c642510cecdec3a8c20845022210e2ac863a&dn=Assassins.Creed.2016.4K.UltraHD.BluRay.2160p.x264.DTSHD.7.1-POOP</sublink>
<sublink>search</sublink>
<sublink>searchsd</sublink>
</link>
<thumbnail>https://images3.static-bluray.com/movies/covers/170416_large.jpg?t=1487979407</thumbnail>
<fanart>https://image.tmdb.org/t/p/original/r8aRipzR4wlDx0m7Bpi43Q84imc.jpg</fanart>
</item>

<item>
<title>Edge of Tomorrow (2014)</title>
<meta>
<content>movie</content>
<imdb>tt1631867</imdb>
<title>Edge of Tomorrow</title>
<year>2014</year>
</meta>
<link>
<sublink> magnet:?xt=urn:btih:e991b2a2faa387c356417104638c47bcb02e704d&dn=Edge.of.Tomorrow.2014.UHD.2160p.UHDRip.x265.HDR.DTS-HD.MA.7.1-DT</sublink>
<sublink>search</sublink>
<sublink>searchsd</sublink>
</link>
<thumbnail>https://i1.wp.com/tekno3d.com/wp-content/uploads/2017/08/edgeoftomorrow_bluray_4k_hdr_uhd.jpg?fit=717%2C922&ssl=1</thumbnail>
<fanart>https://image.tmdb.org/t/p/original/9maldNxAaXzBVgid64uWH8rwFuu.jpg</fanart>
</item>






<item>
<title>Arrival (2016)</title>
<meta>
<content>4k-movie</content>
<imdb>tt2543164</imdb>
<title>Arrival</title>
<year>2016</year>
</meta>
<link>
<sublink>magnet:?xt=urn:btih:ed25a5b2e86b2a4873fac6e69254b0b413641b1d&dn=Arrival+2016+2160p+4K+UHD+Bluray+HEVC+Multi+DTSHD+7.1+-DDR</sublink>
<sublink>search</sublink>
<sublink>searchsd</sublink>
</link>
<thumbnail>https://image.tmdb.org/t/p/w600_and_h900_bestv2/hLudzvGfpi6JlwUnsNhXwKKg4j.jpg</thumbnail>
<fanart>https://image.tmdb.org/t/p/original/kegEME88X1PgFYO0zI1FV8ag5Ah.jpg</fanart>
</item>

<item>
<title>Saving Private Ryan (1998)</title>
<meta>
<content>4K Movie</content>
<imdb>tt0120815</imdb>
<title>Saving Private Ryan</title>
<year>2017</year>
</meta>
<sublink>magnet:?xt=urn:btih:9ea0d80d875f9a3b5fc04cf4efc866dddd66a0d5&dn=Saving.Private.Ryan.1998.4K.UltraHD.BluRay.2160p.x264.TrueHD.Atm</sublink>
<sublink>search</sublink>
<sublink>searchsd</sublink>
<thumbnail>https://images2.static-bluray.com/movies/covers/200172_large.jpg?t=1520290084</thumbnail>
<fanart>https://image.tmdb.org/t/p/original/hjQp148VjWF4KjzhsD90OCMr11h.jpg</fanart>
</item>



