<plugin>
<title>Walking Dead Season 1</title>
<link>http://dl.updlf.com/files/Series/The%20Walking%20Dead/S01/1080p%20x265/</link>
<thumbnail>https://orig00.deviantart.net/f2e8/f/2013/262/e/b/walking_dead_folder_icon_by_nonstopsarah-d6mwm1u.png</thumbnail>
<fanart>https://image.tmdb.org/t/p/original/2Rsgt4VlzCJBNSKTFDOqEgtu7Uf.jpg</fanart>
</plugin>

<plugin>
<title>Walking Dead Season 2</title>
<link>http://dl.updlf.com/files/Series/The%20Walking%20Dead/S02/1080p%20x265/</link>
<thumbnail>https://img00.deviantart.net/43ec/i/2011/291/6/7/the_walking_dead___season_2_by_fory360-d4d8skm.png</thumbnail>
<fanart>https://image.tmdb.org/t/p/original/fkbTDi6er7wktwHcJh7nrKay2c3.jpg</fanart>
</plugin>

<plugin>
<title>Walking Dead Season 3</title>
<link>http://dl.updlf.com/files/Series/The%20Walking%20Dead/S03/1080p%20x265/</link>
<thumbnail>https://img00.deviantart.net/0dc2/i/2012/296/6/0/the_walking_dead_season_3_by_fory360-d5ipdl4.png</thumbnail>
<fanart>https://image.tmdb.org/t/p/original/vOuYBH9N1vVkvraRl0umcout5He.jpg</fanart>
</plugin>

<plugin>
<title>Walking Dead Season 4</title>
<link>http://dl.updlf.com/files/Series/The%20Walking%20Dead/S04/1080p%20x265/</link>
<thumbnail>https://orig00.deviantart.net/ad28/f/2016/120/7/8/the_walking_dead_season_6_folder_icon2_by_nallan01-da0r0ax.png</thumbnail>
<fanart>https://image.tmdb.org/t/p/original/bmQ3d5hGGmPHABfHJwivyAbabDf.jpg</fanart>
</plugin>

<plugin>
<title>Walking Dead Season 5</title>
<link>http://dl.updlf.com/files/Series/The%20Walking%20Dead/S05/1080p%20x265/</link>
<thumbnail>https://orig00.deviantart.net/a5ba/f/2015/199/c/f/the_walking_dead___tv_series_folder_icon_v1_by_dyiddo-d7nd64p.png</thumbnail>
<fanart>https://image.tmdb.org/t/p/original/GD1Ysdr63gF1kgm4HTuntdx0sp.jpg</fanart>
</plugin>

<plugin>
<title>Walking Dead Season 6</title>
<link>http://dl.updlf.com/files/Series/The%20Walking%20Dead/S06/1080p%20x265/</link>
<thumbnail>https://orig00.deviantart.net/dcb7/f/2016/086/a/7/the_walking_dead_season_6_folder_icon_by_andreas86-d9wonq8.png</thumbnail>
<fanart>https://image.tmdb.org/t/p/original/fYi8S4kbObSpi2HUZSKeeQDYHSO.jpg</fanart>
</plugin>

<plugin>
<title>Walking Dead Season 7</title>
<link>http://dl.updlf.com/files/Series/The%20Walking%20Dead/S07/1080p/</link>
<thumbnail>https://orig00.deviantart.net/2274/f/2016/326/4/9/the_walking_dead_season_7_folder_icon_by_alicegirl77-dapb1v4.png</thumbnail>
<fanart>https://image.tmdb.org/t/p/original/xVzvD5BPAU4HpleFSo8QOdHkndo.jpg</fanart>
</plugin>

<plugin>
<title>Walking Dead Season 8</title>
<link>http://dl.updlf.com/files/Series/The%20Walking%20Dead/S08/1080p%20FULL%20HD/</link>
<thumbnail>https://images-wixmp-ed30a86b8c4ca887773594c2.wixmp.com/intermediary/f/0a1fbc37-c3cc-4170-b257-f14dfcd4c1f7/dcdsov4-4ee95da0-d83d-480f-9d15-d5e03cddac18.png</thumbnail>
<fanart>https://image.tmdb.org/t/p/original/xJFUzxOMfksl0tQ1dtYsftOL22n.jpg</fanart>
</plugin>

<plugin>
<title>Walking Dead Season 9</title>
<link>http://dl8.heyserver.in/serial/The.Walking.Dead/S09/new/1080p.x265/</link>
<thumbnail>https://image.tmdb.org/t/p/w600_and_h900_bestv2/bjU4tLlyp8W4yTB0Hqn8J1IDUnD.jpg</thumbnail>
<fanart>https://image.tmdb.org/t/p/original/qaQH3qWucxIYv5ztQ176Q59CYSy.jpg</fanart>
</plugin>
