<item>
<title>EP.1-Princes All</title>
<link>http://ldjosh.menoetius.bysh.me/data/Young.Justice.S03E01.1080p.WEB.H264-DEFLATE%5brarbg%5d/Young.Justice.S03E01.1080p.WEB.H264-DEFLATE.mkv</link>
<thumbnail>https://image.tmdb.org/t/p/w227_and_h127_bestv2/gorAhQMHKcJnJMfttl58cbsRjDx.jpg</thumbnail>
</item>

<item>
<title>EP.2-Royal We</title>
<link>http://ldjosh.menoetius.bysh.me/data/Young.Justice.S03E02.1080p.WEB.H264-AMRAP%5brarbg%5d/Young.Justice.S03E02.1080p.WEB.H264-AMRAP.mkv</link>
<thumbnail>https://image.tmdb.org/t/p/w227_and_h127_bestv2/71uL7zfxfwnFOf158Yhl71QGgNC.jpg</thumbnail>
</item>

<item>
<title>EP.3-Eminent Threat</title>
<link>http://ldjosh.menoetius.bysh.me/data/Young.Justice.S03E03.1080p.WEB.H264-AMRAP%5brarbg%5d/Young.Justice.S03E03.1080p.WEB.H264-AMRAP.mkv</link>
<thumbnail>https://image.tmdb.org/t/p/w227_and_h127_bestv2/eUGNzQcrLZb4wjF45ZLtroVc9Qw.jpg</thumbnail>
</item>

<item>
<title>EP.4-Private Security</title>
<link>http://ldjosh.menoetius.bysh.me/data/Young.Justice.S03E04.1080p.WEB.H264-AMRAP%5brarbg%5d/Young.Justice.S03E04.1080p.WEB.H264-AMRAP.mkv</link>
<thumbnail>https://image.tmdb.org/t/p/w227_and_h127_bestv2/gDpwUkQzMlwvkxgn0q808744VtM.jpg</thumbnail>
</item>


<item>
<title>EP.5-Away Mission</title>
<link>http://ldjosh.menoetius.bysh.me/data/Young.Justice.S03E05.1080p.WEB.H264-AMRAP%5brarbg%5d/Young.Justice.S03E05.1080p.WEB.H264-AMRAP.mkv</link>
<thumbnail>https://image.tmdb.org/t/p/w227_and_h127_bestv2/zXaQbCgPCCnl3HdrwDKYadyuQjm.jpg</thumbnail>
</item>

<item>
<title>EP.6-Rescue Op</title>
<link>http://ldjosh.menoetius.bysh.me/data/Young.Justice.S03E06.1080p.WEB.H264-AMRAP%5brarbg%5d/Young.Justice.S03E06.1080p.WEB.H264-AMRAP.mkv</link>
<thumbnail>https://image.tmdb.org/t/p/w227_and_h127_bestv2/lbHeY8BQa1SxBtKNtruFDwLQyiz.jpg</thumbnail>
</item>

<item>
<title>EP.10-Exceptional Human Beings</title>
<link>http://ldjosh.menoetius.bysh.me/data/Young.Justice.S03E10.1080p.WEB.H264-AMRAP%5brarbg%5d/Young.Justice.S03E10.1080p.WEB.H264-AMRAP.mkv</link>
<thumbnail>https://image.tmdb.org/t/p/w227_and_h127_bestv2/xhYqjMKoCpB19BH1uc9MVwQP50C.jpg</thumbnail>
</item>

<item>
<title>EP.11-Another Freak</title>
<link>http://ldjosh.menoetius.bysh.me/data/Young.Justice.S03E11.1080p.WEB.H264-AMRAP%5brarbg%5d/Young.Justice.S03E11.1080p.WEB.H264-AMRAP.mkv</link>
<thumbnail>https://image.tmdb.org/t/p/w227_and_h127_bestv2/wgdyzYNtkUool0KRjtl6evheG5H.jpg</thumbnail>
</item>

<item>
<title>EP.12-Nightmare Monkeys</title>
<link>http://ldjosh.menoetius.bysh.me/data/Young.Justice.S03E12.1080p.WEB.H264-AMRAP%5brarbg%5d/Young.Justice.S03E12.1080p.WEB.H264-AMRAP.mkv</link>
<thumbnail>https://image.tmdb.org/t/p/w227_and_h127_bestv2/4lTP0g3VFzKf5N2n4C6C3keSnEy.jpg</thumbnail>
</item>

<item>
<title>EP.13-True Heroes</title>
<link>http://ldjosh.menoetius.bysh.me/data/Young.Justice.S03E13.1080p.WEB.H264-AMRAP%5brarbg%5d/Young.Justice.S03E13.1080p.WEB.H264-AMRAP.mkv</link>
<thumbnail>https://image.tmdb.org/t/p/w227_and_h127_bestv2/xzHBApi46MtFJv7QTWAl2z8zZcP.jpg</thumbnail>
</item>

<item>
<title>EP.14-Influence</title>
<link>http://ldjosh.menoetius.bysh.me/data/Young.Justice.S03E14.Influence.1080p.DCU.WEBRip.AAC2.0.H264-NTb%5brarbg%5d/Young.Justice.S03E14.Influence.1080p.DCU.WEB-DL.AAC2.0.H264-NTb.mkv</link>
<thumbnail>https://image.tmdb.org/t/p/w227_and_h127_bestv2/97e0y5aoRSW7zXePSFJPgZ0AtMe.jpg</thumbnail>
</item>

<item>
<title>EP.15-Leverage</title>
<link>http://ldjosh.menoetius.bysh.me/data/Young.Justice.S03E15.Leverage.1080p.DCU.WEBRip.AAC2.0.H264-NTb%5brarbg%5d/Young.Justice.S03E15.Leverage.1080p.DCU.WEB-DL.AAC2.0.H264-NTb.mkv</link>
<thumbnail>https://image.tmdb.org/t/p/w227_and_h127_bestv2/zHgKgwPOjyW5ooHDQJ2qtaDwphc.jpg</thumbnail>
</item>

<item>
<title>EP.16-Illusion Of Control</title>
<link>http://ldjosh.menoetius.bysh.me/data/Young.Justice.S03E16.Illusion.of.Control.1080p.DCU.WEBRip.AAC2.0.H264-NTb%5brarbg%5d/Young.Justice.S03E16.Illusion.of.Control.1080p.DCU.WEB-DL.AAC2.0.H264-NTb.mkv</link>
<thumbnail>https://image.tmdb.org/t/p/w227_and_h127_bestv2/23EYVnKZKxLuLRtNBQoBboKidlJ.jpg</thumbnail>
</item>

<item>
<title>EP.17-First Impression</title>
<link>http://ldjosh.menoetius.bysh.me/data/Young.Justice.S03E17.First.Impression.1080p.DCU.WEBRip.AAC2.0.H264-NTb%5brarbg%5d/Young.Justice.S03E17.First.Impression.1080p.DCU.WEB-DL.AAC2.0.H264-NTb.mkv</link>
<thumbnail>https://image.tmdb.org/t/p/w227_and_h127_bestv2/vKsye9kI3f9ulrmBtAkFW7wjbTQ.jpg</thumbnail>
</item>

<item>
<title>EP.18-Early Warning</title>
<link>http://ldjosh.menoetius.bysh.me/data/Young.Justice.S03E18.1080p.WEB.H264-AMRAP%5brarbg%5d/Young.Justice.S03E18.1080p.WEB.H264-AMRAP.mkv</link>
<thumbnail>https://image.tmdb.org/t/p/w227_and_h127_bestv2/1qDMltGY7u80kR38i9TNpu7koTy.jpg</thumbnail>
</item>

<item>
<title>EP.19-Elder Wisdom</title>
<link>http://ldjosh.menoetius.bysh.me/data/Young.Justice.S03E19.Elder.Wisdom.1080p.DCU.WEBRip.AAC2.0.H264-NTb%5brarbg%5d/Young.Justice.S03E19.Elder.Wisdom.1080p.DCU.WEB-DL.AAC2.0.H264-NTb.mkv</link>
<thumbnail>https://image.tmdb.org/t/p/w227_and_h127_bestv2/6oJFGW1Jq8Os1tJnW2kGpvl6ygC.jpg</thumbnail>
</item>

<item>
<title>EP.20-Quiet Conversations</title>
<link>http://ldjosh.menoetius.bysh.me/data/Young.Justice.S03E20.Quiet.Conversations.1080p.DCU.WEBRip.AAC2.0.H264-NTb%5brarbg%5d/Young.Justice.S03E20.Quiet.Conversations.1080p.DCU.WEB-DL.AAC2.0.H264-NTb.mkv</link>
<thumbnail>https://image.tmdb.org/t/p/w227_and_h127_bestv2/pVCPvVI81gwXi4oMZ3VneUx7vYW.jpg</thumbnail>
</item>

<item>
<title>EP.21-Unknown Factors</title>
<link>http://ldjosh.menoetius.bysh.me/data/Young.Justice.S03E21.Unknown.Factors.1080p.DCU.WEBRip.AAC2.0.H264-NTb%5brarbg%5d/Young.Justice.S03E21.Unknown.Factors.1080p.DCU.WEB-DL.AAC2.0.H264-NTb.mkv</link>
<thumbnail>https://cdn1us.denofgeek.com/sites/denofgeekus/files/styles/main_wide/public/2019/08/young-justice-outsiders-unknown-factors-bumblebee-vox.jpg?itok=M7MZ7Hj_</thumbnail>
</item>


<item>
<title>EP.22-Antisocial Pathologies</title>
<link>http://ldjosh.menoetius.bysh.me/data/Young.Justice.S03E22.Antisocial.Pathologies.1080p.DCU.WEBRip.AAC2.0.H264-NTb%5brarbg%5d/Young.Justice.S03E22.Antisocial.Pathologies.1080p.DCU.WEB-DL.AAC2.0.H264-NTb.mkv</link>
<thumbnail>https://cdn2us.denofgeek.com/sites/denofgeekus/files/styles/main_wide/public/2019/08/young-justice-outsiders-s3-e22-antisocial.jpg?itok=ZIKo5125</thumbnail>
</item>

<item>
<title>EP.23-Terminus</title>
<link>https://www.fembed.com/v/d5377fxn-4yq4jq</link>
<thumbnail>https://www.thetvdb.com/banners/episodes/192061/6954775.jpg</thumbnail>
</item>

<item>
<title>EP.24-Into The Branch</title>
<link>https://www.fembed.com/v/44nggizlx3q3ejx</link>
<thumbnail>https://www.thetvdb.com/banners/episodes/192061/6954776.jpg</thumbnail>
</item>

<item>
<title>EP.25-Overwhelmed</title>
<link>https://www.fembed.com/v/ywr77sewg2kld0w</link>
<thumbnail>https://www.thetvdb.com/banners/episodes/192061/6954777.jpg</thumbnail>
</item>

<item>
<title>EP.26-Nevermore</title>
<link>https://www.fembed.com/v/rgn11uejk33l8x5</link>
<thumbnail>https://www.thetvdb.com/banners/episodes/192061/6954778.jpg</thumbnail>
</item>



