<dir>
<name>The Universe Documentary HD</name>
<link>plugin://plugin.video.youtube/playlist/PLbxkUxTvl9HxK8m_SeD3N9wrXXnEhvKP4/</link>
<thumbnail>https://www.brnoplanetarium.com/incredibleuniverse/screenshot06.jpg</thumbnail>
<fanart></fanart>
</dir>

<dir>
<name>The 5th Kind</name>
<link>plugin://plugin.video.youtube/playlist/PLiJoT6rwG2_zH6ZOmUzpP5e9a6gTDU0dC/</link>
<thumbnail>https://yt3.ggpht.com/a/AGF-l786tX8WnGGafk1wx1oniUjq0ram6OvgqerEqw=s288-c-k-c0xffffffff-no-rj-mo</thumbnail>
<fanart></fanart>
</dir>

<dir>
<name>TRACKS</name>
<link>plugin://plugin.video.youtube/playlist/PLCcFQjIUB6D0RuuQUd6u2PFNKl-uh3Re2/</link>
<thumbnail>https://yt3.ggpht.com/a/AGF-l79dB2nxCQkyTAIsLEs1NBJtYBlyR68p9VTxQA=s288-c-k-c0xffffffff-no-rj-mo</thumbnail>
<fanart></fanart>
</dir>

<dir>
<name>Doc Channel</name>
<link>plugin://plugin.video.youtube/playlist/PLBwlTbX9aw48M639gZxC2PTe8KJBddgU5/</link>
<thumbnail>https://yt3.ggpht.com/a/AGF-l7_itaFyEkLVl6O9IG_QBs-SBVIi9ltmY0pXyg=s288-mo-c-c0xffffffff-rj-k-no</thumbnail>
<fanart></fanart>
</dir>
