
<window>
    <coordinates>
        <system>1</system>
        <posx>0</posx>
        <posy>0</posy>
     </coordinates>
	<animation effect="fade" time="250">WindowOpen</animation>
    <animation effect="fade" time="250">WindowClose</animation>

    <controls>

		<control type="group" id="5000">
		    <posx>0</posx>
			<posy>0</posy> 

			<control type="image">
				<description>Background image</description>
				<posx>0</posx>
				<posy>0</posy>
				<width>2042</width>
				<height>0</height>
				<texture border="20">DialogBack.png</texture>       
			</control>
			<control type="image" id="5001">
				<description>Background image</description>
				<posx>0</posx>
				<posy>0</posy>
				<width>100%</width>
				<height>100%</height>
				<colordiffuse>39999999</colordiffuse>
				
			</control>
			<control type="image" id="101">
                <left>1310</left>
                <top>80</top>
                <width>600</width>
                <height>600</height>
            </control>
			<control type="textbox" id="2">
			   <description>My first text box control</description>
				   <left>1340</left>
				   <top>700</top>
				   <width>550</width>
				   <height>600</height>
				   <visible>true</visible>
				   <colordiffuse>FFFFFFFF</colordiffuse>
				   <font>font20</font>
				   
				   <textcolor>FFFFFFFF</textcolor>
				   <pulseonselect></pulseonselect>
				   <pagecontrol>13</pagecontrol>
				   <scrolltime>200</scrolltime>
				   <autoscroll delay="3000" time="1000" repeat="10000">!Control.HasFocus(13)</autoscroll>
				   <label>Text to display goes here [CR] next line...</label>
				   <align>left</align>
			</control>
			<control type="list" id="3000">
				<description>List to hold 'buttons'</description>
				<posx>0</posx>
				<posy>0</posy>
				<width>1800</width>
				<height>1128</height>
				<onright>105</onright>
				<onleft>3001</onleft>  
				<pagecontrol>105</pagecontrol>
				<itemlayout width="1800" height="138">                
					<control type="image">
						<posx>0</posx>
						<posy>0</posy>
						<width>1300</width>
						<height>138</height>
						<texture border="5">button-nofocus.png</texture>
					</control>
					
					<control type="image">
						<posx>20</posx>
						<posy>20</posy>
						<width>100</width>
						<height>100</height>
						<visible>String.IsEqual(ListItem.Property(Quality),4k)</visible>
						<texture>4k.png</texture>
						
									
					</control>
					
					<control type="image">
						<posx>20</posx>
						<posy>20</posy>
						<width>100</width>
						<height>100</height>
						<visible>String.IsEqual(ListItem.Property(Quality),1080)</visible>
						<texture>1080.png</texture>
						
									
					</control>
					
					<control type="image">
						<posx>20</posx>
						<posy>20</posy>
						<width>100</width>
						<height>100</height>
						<visible>String.IsEqual(ListItem.Property(Quality),720)</visible>
						<texture>720.png</texture>
						
									
					</control>
					<control type="image">
						<posx>20</posx>
						<posy>20</posy>
						<width>100</width>
						<height>100</height>
						<visible>String.IsEqual(ListItem.Property(Quality),480)</visible>
						<texture>480.png</texture>
						
									
					</control>
					<control type="image">
						<posx>20</posx>
						<posy>20</posy>
						<width>100</width>
						<height>100</height>
						<visible>String.IsEqual(ListItem.Property(Quality),360)</visible>
						<texture>360.png</texture>
						
									
					</control>
					<control type="image">
						<posx>20</posx>
						<posy>20</posy>
						<width>100</width>
						<height>100</height>
						<visible>String.IsEqual(ListItem.Property(Quality),unk)</visible>
						<texture>unk.png</texture>
						
									
					</control>
					
				   <control type="label">
						
						<posx>150</posx>
						<posy>20</posy>
						<width>1280</width>
						<height>38</height>
						<font>fontContextMenu</font>
			
						<textcolor>white</textcolor>
						<aligny>center</aligny>		    
						<align>left</align>
						<info>ListItem.Label</info>
					</control>
				<!-- [server/] -->
				  <control type="image">
						<posx>150</posx>
						<posy>80</posy>
						<width>40</width>
						<height>40</height>
						<visible>true</visible>
						<texture>server.png</texture>
						
									
					</control>
				   <control type="label">
						<posx>190</posx>
						<posy>80</posy>
						<width>1280</width>
						<height>38</height>
						<font>fontContextMenu</font>
						<textcolor>FF999999</textcolor>
						<aligny>center</aligny>		    
						<align>left</align>
						<info>ListItem.Property(server)</info>
				   </control>
				   
				   <!-- [pre/] -->
				   <control type="image">
						<posx>420</posx>
						<posy>85</posy>
						<width>40</width>
						<height>30</height>
						<visible>true</visible>
						<texture>pre.png</texture>
						
									
					</control>
				   <control type="label">
						<posx>470</posx>
						<posy>80</posy>
						<width>1280</width>
						<height>38</height>
						<font>fontContextMenu</font>
						<textcolor>FF999999</textcolor>
						<aligny>center</aligny>		    
						<align>left</align>
						<info>ListItem.Property(pre)</info>
				   </control>
				   				   <!-- [supply/] -->
				   <control type="image">
						<posx>630</posx>
						<posy>80</posy>
						<width>40</width>
						<height>40</height>
						<visible>true</visible>
						<texture>supply.png</texture>
						
									
					</control>
				   <control type="label">
						<posx>670</posx>
						<posy>80</posy>
						<width>1280</width>
						<height>38</height>
						<font>fontContextMenu</font>
						<textcolor>FF999999</textcolor>
						<aligny>center</aligny>		    
						<align>left</align>
						<info>ListItem.Property(supply)</info>
				   </control>
				    <!-- [size/] -->
				   <control type="image">
						<posx>960</posx>
						<posy>80</posy>
						<width>40</width>
						<height>40</height>
						<visible>true</visible>
						<texture>size.png</texture>
						
									
					</control>
				   <control type="label">
						<posx>1000</posx>
						<posy>80</posy>
						<width>1280</width>
						<height>38</height>
						<font>fontContextMenu</font>
						<textcolor>FF999999</textcolor>
						<aligny>center</aligny>		    
						<align>left</align>
						<info>ListItem.Property(size)</info>
				   </control>
				   
				   
			   </itemlayout>
	
			   <focusedlayout width="1800" height="138">

					
					<control type="image">
						<visible>Control.HasFocus(3000)</visible>
						<posx>0</posx>
						<posy>0</posy>
						<width>1300</width>
						<height>138</height>                                        
						<texture border="5" fallback="button-focus2.png">button-focus.png</texture>
					</control>
					<control type="image">
						<posx>20</posx>
						<posy>20</posy>
						<width>100</width>
						<height>100</height>
						<visible>String.IsEqual(ListItem.Property(Quality),4k)</visible>
						<texture>4k.png</texture>
						
									
					</control>
					
					<control type="image">
						<posx>20</posx>
						<posy>20</posy>
						<width>100</width>
						<height>100</height>
						<visible>String.IsEqual(ListItem.Property(Quality),1080)</visible>
						<texture>1080.png</texture>
						
									
					</control>
					
					<control type="image">
						<posx>20</posx>
						<posy>20</posy>
						<width>100</width>
						<height>100</height>
						<visible>String.IsEqual(ListItem.Property(Quality),720)</visible>
						<texture>720.png</texture>
						<animation effect="rotate" center="auto" start="0" end="-10800" time="500000" reversible="false" pulse="true" delay="400" condition="True">WindowOpen</animation>
									
					</control>
					<control type="image">
						<posx>20</posx>
						<posy>20</posy>
						<width>100</width>
						<height>100</height>
						<visible>String.IsEqual(ListItem.Property(Quality),480)</visible>
						<texture>480.png</texture>
						
									
					</control>
					<control type="image">
						<posx>20</posx>
						<posy>20</posy>
						<width>100</width>
						<height>100</height>
						<visible>String.IsEqual(ListItem.Property(Quality),360)</visible>
						<texture>360.png</texture>
						
									
					</control>
					<control type="image">
						<posx>20</posx>
						<posy>20</posy>
						<width>100</width>
						<height>100</height>
						<visible>String.IsEqual(ListItem.Property(Quality),unk)</visible>
						<texture>unk.png</texture>
						
									
					</control>
					<control type="label">
						<visible>Control.HasFocus(3000)</visible>
						<posx>150</posx>
						<posy>20</posy>
						<width>1280</width>
						<height>38</height>
						<font>fontContextMenu</font>
			
						<textcolor>white</textcolor>
						<aligny>center</aligny>		    
						<align>left</align>
						<info>ListItem.Label</info>
					</control>
					
					<control type="image">
						<posx>150</posx>
						<posy>80</posy>
						<width>40</width>
						<height>40</height>
						<visible>true</visible>
						<texture>server.png</texture>
						
									
					</control>
					
					<control type="label">
						<posx>190</posx>
						<posy>80</posy>
						<width>1280</width>
						<height>38</height>
						<font>fontContextMenu</font>
						<textcolor>FF999999</textcolor>
						<aligny>center</aligny>		    
						<align>left</align>
						<info>ListItem.Property(server)</info>
				   </control>
				<!-- [pre/] -->
				   <control type="image">
						<posx>420</posx>
						<posy>85</posy>
						<width>40</width>
						<height>30</height>
						<visible>true</visible>
						<texture>pre.png</texture>
						
									
					</control>
				   <control type="label">
						<posx>470</posx>
						<posy>80</posy>
						<width>1280</width>
						<height>38</height>
						<font>fontContextMenu</font>
						<textcolor>FF999999</textcolor>
						<aligny>center</aligny>		    
						<align>left</align>
						<info>ListItem.Property(pre)</info>
				   </control>
				   
				   <!-- [supply/] -->
				   <control type="image">
						<posx>630</posx>
						<posy>80</posy>
						<width>40</width>
						<height>40</height>
						<visible>true</visible>
						<texture>supply.png</texture>
						
									
					</control>
				   <control type="label">
						<posx>670</posx>
						<posy>80</posy>
						<width>1280</width>
						<height>38</height>
						<font>fontContextMenu</font>
						<textcolor>FF999999</textcolor>
						<aligny>center</aligny>		    
						<align>left</align>
						<info>ListItem.Property(supply)</info>
				   </control>
				   
				   <!-- [size/] -->
				   <control type="image">
						<posx>960</posx>
						<posy>80</posy>
						<width>40</width>
						<height>40</height>
						<visible>true</visible>
						<texture>size.png</texture>
						
									
					</control>
				   <control type="label">
						<posx>1000</posx>
						<posy>80</posy>
						<width>1280</width>
						<height>38</height>
						<font>fontContextMenu</font>
						<textcolor>FF999999</textcolor>
						<aligny>center</aligny>		    
						<align>left</align>
						<info>ListItem.Property(size)</info>
				   </control>
				</focusedlayout>
			</control>  
			<control type="scrollbar" id="105">
                <left>1280</left>
                <top>70</top>
                <width>30</width>
                <height>1000</height>
                
                <visible>true</visible>
                <texturesliderbackground>Button/scrollbar-V-background.png</texturesliderbackground>
                <texturesliderbar>Button/scrollbar-V.png</texturesliderbar>
                <texturesliderbarfocus colordiffuse="FF12B2E7">Button/scrollbar-V-focus.png</texturesliderbarfocus>
                <orientation>vertical</orientation>
                <showonepage>true</showonepage>
                <onup>3000</onup>
				
                <ondown>3000</ondown>
                <onleft>3000</onleft>
                <onright>3001</onright>
            </control>
			<control type="button" id="3001">
				<description>Close Window button</description>
				<posx>1800</posx>
				<posy>5</posy>
				<width>80</width>
				<height>50</height>
				<label>-</label>
				<font>-</font>
				<onclick>PreviousMenu</onclick>
				<texturefocus>DialogCloseButton-focus.png</texturefocus>
				<texturenofocus>DialogCloseButton.png</texturenofocus>
				<visible>system.getbool(input.enablemouse)</visible>			
				<onup>3000</onup>
				<ondown>3000</ondown>
				<onright>3000</onright>
				<onleft>105</onleft>  
			</control>	
	    </control>
    </controls>
</window>